teamId,passes_total,passes_accurate,long_balls,final_third_entries,box_entries,wide_actions,defensive_duels,high_press_actions,set_pieces,shots_total,goals,matches_played,avg_pass_distance_m,avg_forward_progress,league_code,pass_accuracy_pct,long_ball_pct,wide_action_pct,high_press_pct,passes_total_per_match,passes_accurate_per_match,long_balls_per_match,final_third_entries_per_match,box_entries_per_match,wide_actions_per_match,defensive_duels_per_match,high_press_actions_per_match,set_pieces_per_match,shots_total_per_match,goals_per_match,passes_total_per_match_z,passes_total_per_match_percentile,passes_accurate_per_match_z,passes_accurate_per_match_percentile,long_balls_per_match_z,long_balls_per_match_percentile,final_third_entries_per_match_z,final_third_entries_per_match_percentile,box_entries_per_match_z,box_entries_per_match_percentile,wide_actions_per_match_z,wide_actions_per_match_percentile,defensive_duels_per_match_z,defensive_duels_per_match_percentile,high_press_actions_per_match_z,high_press_actions_per_match_percentile,set_pieces_per_match_z,set_pieces_per_match_percentile,shots_total_per_match_z,shots_total_per_match_percentile,goals_per_match_z,goals_per_match_percentile,pass_accuracy_pct_z,pass_accuracy_pct_percentile,long_ball_pct_z,long_ball_pct_percentile,wide_action_pct_z,wide_action_pct_percentile,high_press_pct_z,high_press_pct_percentile,avg_pass_distance_m_z,avg_pass_distance_m_percentile,avg_forward_progress_z,avg_forward_progress_percentile
674,15723,13193,2605,2167,1010,10369,2517,769,1648,418,54,38,19.24338637794144,2.9776280016204795,Spain,83.90892323347961,16.568084971061502,65.94797430515806,30.552244735796585,413.7631578947368,347.1842105263158,68.55263157894737,57.026315789473685,26.57894736842105,272.86842105263156,66.23684210526316,20.236842105263158,43.36842105263158,11.0,1.4210526315789473,-0.16751687165155832,58.16326530612245,-0.08728009304127549,59.183673469387756,-0.9195818995430245,17.346938775510203,-0.4035882805377571,41.83673469387755,-0.01386199769837353,65.3061224489796,-0.3822661669495496,42.857142857142854,0.3735033786700149,60.204081632653065,0.07277131335275439,51.02040816326531,-1.1940144869723022,13.26530612244898,-0.037662668374810276,61.224489795918366,0.5465559147689959,77.55102040816327,0.5115791963071428,69.38775510204081,-0.5130858660642497,33.6734693877551,-1.3471783760180265,7.142857142857142,-0.19307279784415768,50.0,-0.09900807569829978,42.857142857142854,-0.44544536989071276,34.69387755102041
675,22053,19439,3226,2689,1637,15651,2248,805,1628,629,81,38,18.98424149299288,1.9742401955094977,Spain,88.14673740534168,14.628395229673968,70.96993606312067,35.80960854092527,580.3421052631579,511.55263157894734,84.89473684210526,70.76315789473684,43.078947368421055,411.86842105263156,59.1578947368421,21.18421052631579,42.8421052631579,16.55263157894737,2.1315789473684212,1.719704747292027,92.85714285714286,1.7750906376828735,93.87755102040816,1.3810595496364122,94.89795918367348,1.199161450479247,86.73469387755102,2.7270036619196656,98.9795918367347,1.984509886261796,94.89795918367348,-1.0379258096909578,18.877551020408163,0.49171278864982265,67.3469387755102,-1.3839876641261697,8.16326530612245,2.564422072805175,100.0,2.092890788543384,95.91836734693877,1.7633506872209168,92.85714285714286,-1.20467557737599,8.16326530612245,0.8424048210308579,80.61224489795919,1.1256207300995127,90.81632653061224,-0.5941763233714134,25.510204081632654,-2.2832786614328824,1.0204081632653061
676,23260,20589,2910,2757,1550,15732,2106,757,1664,502,87,38,18.08752312753911,2.195524397836307,Spain,88.51676698194325,12.510748065348237,67.63542562338779,35.94491927825261,612.1052631578947,541.8157894736842,76.57894736842105,72.55263157894737,40.78947368421053,414.0,55.421052631578945,19.92105263157895,43.78947368421053,13.210526315789474,2.289473684210526,2.0795588537793734,95.91836734693877,2.117986305363432,95.91836734693877,0.21036277356442873,67.3469387755102,1.4079487717611565,90.81632653061224,2.346692158910464,95.91836734693877,2.0208046345219475,95.91836734693877,-1.7829925187885705,4.081632653061225,-0.06687584507960066,42.857142857142854,-1.0420359452492092,16.3265306122449,0.9982383660285963,81.63265306122449,2.4365207604932473,96.93877551020408,1.8726505422877595,96.93877551020408,-1.959715396263992,4.081632653061225,-0.6114469566428253,24.489795918367346,1.159560438323773,91.83673469387756,-2.3076057115925135,1.0204081632653061,-1.8779683004221956,5.1020408163265305
677,14539,11663,2764,2065,1032,10543,2549,755,1740,405,35,38,19.591694050177342,3.299091879956735,Spain,80.2187220579132,19.01093610289566,72.51530366600178,29.619458611220082,382.60526315789474,306.92105263157896,72.73684210526316,54.3421052631579,27.157894736842106,277.44736842105266,67.07894736842105,19.86842105263158,45.78947368421053,10.657894736842104,0.9210526315789473,-0.5205137747841339,37.755102040816325,-0.5434804161293233,33.6734693877551,-0.3305287748738925,38.265306122448976,-0.7167692624606199,21.93877551020408,0.08230872720050539,67.3469387755102,-0.30429967068700164,48.97959183673469,0.5414057356497577,65.3061224489796,-0.09015037148499397,41.3265306122449,-0.3201378720645138,30.612244897959183,-0.19798068560390925,50.0,-0.5416056630722399,35.714285714285715,-0.5784376000831636,31.63265306122449,0.3579043098358481,58.16326530612245,1.5161875178359718,94.89795918367348,-0.42704158353761484,36.734693877551024,0.5665304308648781,72.44897959183673,0.14335689981644517,46.93877551020408
678,15022,12077,3034,2367,1073,10362,2607,860,1748,377,32,38,20.01014318327022,3.1908921239754906,Spain,80.39542005059246,20.19704433497537,68.97883104779656,32.98810893747602,395.3157894736842,317.8157894736842,79.84210526315789,62.28947368421053,28.236842105263158,272.6842105263158,68.60526315789474,22.63157894736842,46.0,9.921052631578947,0.8421052631578947,-0.376512504333936,43.87755102040816,-0.4200379757643221,42.857142857142854,0.6697501160736874,78.57142857142857,0.21049207617373908,74.48979591836735,0.26153598723932425,72.44897959183673,-0.3854027501325255,41.83673469387755,0.8457287576755433,79.59183673469387,1.1317622647981194,87.75510204081633,-0.2441486012029673,33.16326530612245,-0.5432810304050445,32.6530612244898,-0.713420649047172,26.53061224489796,-0.526244299299423,34.69387755102041,0.7808071237785017,76.53061224489795,-0.02572008617316189,52.04081632653062,0.4179099069423764,72.44897959183673,1.3660936713859562,93.87755102040816,-0.054824812646059144,41.83673469387755
679,16336,13600,2480,2204,923,11316,2678,768,1674,354,51,38,18.456387545121665,3.1154755646950227,Spain,83.2517140058766,15.181194906953966,69.27032321253674,28.678117998506348,429.89473684210526,357.89473684210526,65.26315789473684,58.0,24.289473684210527,297.7894736842105,70.47368421052632,20.210526315789473,44.05263157894737,9.31578947368421,1.3421052631578947,0.015242504716912264,63.26530612244898,0.03407515630306154,64.28571428571429,-1.3826739786854245,6.122448979591836,-0.28998341454613036,45.91836734693878,-0.3941735007075746,42.857142857142854,0.042068729375922834,64.28571428571429,1.218262112224349,88.77551020408163,0.06113405015005773,50.0,-0.9470493566722754,18.367346938775512,-0.826920599348834,21.428571428571427,0.3747409287940639,70.91836734693877,0.31745181334135264,62.244897959183675,-1.0075767522052101,16.3265306122449,0.10137095448928833,54.08163265306123,-0.6631560735345167,27.55102040816326,-1.6027878359876313,8.16326530612245,-0.1929599011283652,37.755102040816325
680,18026,15182,2764,2513,1199,12681,2680,742,1767,469,44,38,18.753046796622012,2.796595823230961,Spain,84.22278930433818,15.333407300565849,70.34838566515033,27.686567164179106,474.36842105263156,399.5263157894737,72.73684210526316,66.13157894736842,31.55263157894737,333.7105263157895,70.52631578947368,19.526315789473685,46.5,12.342105263157896,1.1578947368421053,0.5190978816544569,74.48979591836735,0.5057803269731872,74.48979591836735,-0.3305287748738925,38.265306122448976,0.6587707365731316,80.61224489795919,0.8123319571147198,82.6530612244898,0.6537024500562499,76.53061224489795,1.2287560095355834,89.79591836734694,-0.24143479312004565,37.755102040816325,-0.06367408290679345,43.87755102040816,0.5912772453701153,76.53061224489795,-0.026160705147443845,61.73469387755102,0.6042893963141531,72.44897959183673,-0.9533059463593182,20.408163265306122,0.5714078734023628,71.42857142857143,-0.9118646880266188,14.285714285714285,-1.0359379761086585,16.3265306122449,-0.7770289931501906,27.55102040816326
682,16534,13904,2717,2132,984,11221,2667,878,1650,435,52,38,19.128155476026993,2.663130896857092,Spain,84.09338333131728,16.43280512882545,67.8662150719729,32.92088488938882,435.10526315789474,365.89473684210526,71.5,56.10526315789474,25.894736842105264,295.2894736842105,70.1842105263158,23.105263157894736,43.421052631578945,11.447368421052632,1.368421052631579,0.07427408142320456,65.3061224489796,0.12471888062905279,66.3265306122449,-0.5046513966314353,29.591836734693878,-0.5110523429622686,32.6530612244898,-0.1275183089425024,59.183673469387756,-0.0004991852501805032,63.26530612244898,1.1605456770125633,87.75510204081633,1.3412330024466528,93.87755102040816,-1.1750171692569176,14.285714285714285,0.17198396954016493,70.40816326530613,0.43201259078570803,72.95918367346938,0.5660652785939709,70.40816326530613,-0.5613194289078637,30.612244897959183,-0.510822395359198,30.612244897959183,0.401048240065094,70.40816326530613,-0.31918870473172695,30.612244897959183,-1.0214871014202356,16.3265306122449
683,13340,10670,2740,2048,817,9605,2688,855,1823,344,19,38,19.516029876453302,3.5994620533469512,Spain,79.98500749625187,20.539730134932537,72.0014992503748,31.808035714285715,351.05263157894734,280.7894736842105,72.10526315789474,53.89473684210526,21.5,252.76315789473685,70.73684210526316,22.5,47.973684210526315,9.052631578947368,0.5,-0.877982767061126,13.26530612244898,-0.839563370917841,16.3265306122449,-0.4194424540692336,32.6530612244898,-0.7689660927810977,19.387755102040817,-0.8575415388567169,15.816326530612246,-0.7246018172057908,23.46938775510204,1.2707315987805203,90.81632653061224,1.0735759487846377,85.71428571428571,0.4682508131240345,67.3469387755102,-0.9502421510635254,15.816326530612246,-1.4579522549385437,2.0408163265306123,-0.6474725349421676,29.591836734693878,0.9029905680717505,82.6530612244898,1.2921679873720904,89.79591836734694,0.12191461736347829,58.16326530612245,0.42195302073384877,68.36734693877551,0.6935233470074281,76.53061224489795
684,19342,16767,2906,2193,817,13055,2241,640,1595,359,53,38,19.173640375719366,2.5053679141859413,Spain,86.68700237824424,15.024299451969805,67.49560541826078,28.5586791610888,509.0,441.2368421052632,76.47368421052632,57.71052631578947,21.5,343.55263157894734,58.973684210526315,16.842105263157894,41.973684210526315,9.447368421052632,1.394736842105263,0.9114491692578943,83.6734693877551,0.9783800080807403,84.6938775510204,0.19554382703187154,66.3265306122449,-0.3237578341652628,44.89795918367347,-0.8575415388567169,15.816326530612246,0.8212856086895405,80.61224489795919,-1.0746544502802762,16.83673469387755,-1.4284356397950706,11.73469387755102,-1.6974434064300519,7.142857142857142,-0.7652598234914884,26.53061224489796,0.4892842527773517,75.51020408163265,1.332172108570326,91.83673469387756,-1.0635172874894772,12.244897959183673,-0.6724087852088457,22.448979591836736,-0.6931146664197928,26.53061224489796,-0.2322771761451994,37.755102040816325,-1.310450212153875,12.244897959183673
687,18440,15890,3112,2186,1091,13046,2269,755,1793,450,59,38,19.611142363140413,2.391138293576897,Spain,86.1713665943601,16.8763557483731,70.74837310195228,33.27457029528426,485.2631578947368,418.1578947368421,81.89473684210526,57.526315789473685,28.710526315789473,343.3157894736842,59.71052631578947,19.86842105263158,47.18421052631579,11.842105263157896,1.5526315789473684,0.6425275420403406,77.55102040816327,0.7168847902060874,78.57142857142857,0.9587195734585445,84.18367346938776,-0.3452506466501649,43.87755102040816,0.34022112579295205,75.51020408163265,0.8172528588828576,79.59183673469387,-0.9277398879230006,20.408163265306122,-0.09015037148499397,41.3265306122449,0.18329104739323326,54.59183673469388,0.356966297112202,73.46938775510205,0.8329142247272158,81.63265306122449,1.1798628878765964,87.75510204081633,-0.40317297982386235,37.755102040816325,0.7458030227209655,76.53061224489795,0.48976240803411686,75.51020408163265,0.6036918321097213,73.46938775510205,-1.5196763940517974,8.16326530612245
691,14641,11685,2857,2134,938,10236,2527,719,1785,361,30,38,19.3309494912648,3.3121559775570155,Spain,79.81012225940852,19.51369441978007,69.91325729116863,28.45271072417887,385.2894736842105,307.5,75.1842105263158,56.1578947368421,24.68421052631579,269.36842105263156,66.5,18.92105263157895,46.973684210526315,9.5,0.7894736842105263,-0.4901035686021046,38.775510204081634,-0.5369206729215215,35.714285714285715,0.014011732008052048,59.183673469387756,-0.5049115393951543,33.6734693877551,-0.3286025519128846,47.95918367346938,-0.4418612474260943,39.795918367346935,0.42597286522618344,62.755102040816325,-0.5090918467820607,28.061224489795915,0.10730177653168678,51.02040816326531,-0.7405955131485502,27.55102040816326,-0.8279639730304598,19.897959183673468,-0.699130381365863,28.57142857142857,0.5371610599308098,67.3469387755102,0.38169122039940273,63.26530612244898,-0.7196945070203447,25.510204081632654,0.06830556197483538,45.91836734693878,0.1672854679608107,48.97959183673469
692,18767,15964,3320,2256,1043,12490,2306,693,1632,386,53,38,19.547425369229114,2.6634137264731783,Spain,85.06420845100442,17.690627164704,66.55299195396174,30.0520381613183,493.86842105263156,420.10526315789474,87.36842105263158,59.36842105263158,27.44736842105263,328.6842105263158,60.68421052631579,18.236842105263158,42.94736842105263,10.157894736842104,1.394736842105263,0.7400190853886112,81.63265306122449,0.7389493809959672,79.59183673469387,1.729304793151496,96.93877551020408,-0.130322521801141,58.16326530612245,0.13039408964994426,68.36734693877551,0.5681185374921893,75.51020408163265,-0.7336027876651721,24.489795918367346,-0.8116606900521657,20.408163265306122,-1.3459930286953976,9.183673469387756,-0.43229163386182257,37.755102040816325,0.4892842527773517,75.51020408163265,0.8528289634096582,79.59183673469387,-0.11284730467395275,43.87755102040816,-1.083389732936841,14.285714285714285,-0.31853856297837047,44.89795918367347,0.4819428258412043,69.38775510204081,-1.020969062750529,17.346938775510203
695,12416,9829,2510,1920,944,8884,2376,760,1775,352,32,38,19.628899300256705,3.4397697614135048,Spain,79.16398195876289,20.215850515463917,71.5528350515464,31.986531986531986,326.7368421052632,258.6578947368421,66.05263157894737,50.526315789473685,24.842105263157894,233.78947368421052,62.526315789473685,20.0,46.71052631578947,9.263157894736842,0.8421052631578947,-1.153463458357156,5.1020408163265305,-1.0903244635433629,7.142857142857142,-1.2715318796912476,9.183673469387756,-1.1619775210764547,5.1020408163265305,-0.3023741723950091,49.48979591836735,-1.0476698850523227,11.224489795918368,-0.3663163817719821,34.69387755102041,-0.0319640554715123,44.89795918367347,0.012315187954753032,46.93877551020408,-0.8515849096917721,19.387755102040817,-0.713420649047172,26.53061224489796,-0.8899882091698744,22.448979591836736,0.7875124028019638,77.55102040816327,1.0965496935221912,84.6938775510204,0.1666864626642749,59.183673469387756,0.6376213902318563,77.55102040816327,0.4010264592333134,60.204081632653065
696,11427,8871,2340,1818,730,7717,2557,762,1805,331,38,38,19.49766976293907,3.526178084216689,Spain,77.63192438960357,20.477815699658702,67.53303579242146,29.80054751662104,300.7105263157895,233.44736842105263,61.578947368421055,47.8421052631579,19.210526315789473,203.07894736842104,67.28947368421052,20.05263157894737,47.5,8.710526315789474,1.0,-1.4483232026123227,2.0408163265306123,-1.375971463228559,2.0408163265306123,-1.90133710732491,1.0204081632653061,-1.4751585029993175,2.0408163265306123,-1.2378530418659186,4.081632653061225,-1.5705831099856133,1.0204081632653061,0.583381324894692,67.3469387755102,-0.008689529066119006,46.93877551020408,0.29727495368555423,59.183673469387756,-1.1105601682926236,12.244897959183673,-0.3697906770973079,45.91836734693878,-1.3425295216809021,7.142857142857142,0.8809151889513607,80.61224489795919,-0.6560890834127248,23.46938775510204,-0.38161943350460936,39.795918367346935,0.3868709266468779,66.3265306122449,0.5592943705501962,70.40816326530613
698,10692,7803,2633,2142,859,7728,2699,889,1955,317,35,38,19.851166741748845,4.44061152010445,Spain,72.97979797979798,24.6258885147774,72.27833894500561,32.93812523156724,281.36842105263156,205.3421052631579,69.28947368421052,56.36842105263158,22.605263157894736,203.3684210526316,71.02631578947368,23.394736842105264,51.44736842105263,8.342105263157896,0.9210526315789473,-1.6674555706887109,1.0204081632653061,-1.694417178952765,1.0204081632653061,-0.8158492738151282,19.387755102040817,-0.4803483251266938,36.734693877551024,-0.6739428822315853,30.612244897959183,-1.565654193555222,2.0408163265306123,1.3284480339923062,92.85714285714286,1.4692428976763128,94.89795918367348,1.7220737823395578,95.91836734693877,-1.2832103406931912,4.081632653061225,-0.5416056630722399,35.714285714285715,-2.7166811422468693,1.0204081632653061,2.359896295824609,100.0,1.4128705281030418,91.83673469387756,0.4053725989059328,71.42857142857143,1.0623250440982832,88.77551020408163,2.234196338800681,100.0
701,15224,11909,3746,2853,1084,11058,2208,951,2004,405,39,38,20.48144208884985,3.752340359563546,Spain,78.22517078297425,24.60588544403573,72.6353126642144,43.07065217391305,400.63157894736844,313.39473684210526,98.57894736842105,75.07894736842105,28.526315789473685,291.0,58.10526315789474,25.026315789473685,52.73684210526316,10.657894736842104,1.0263157894736843,-0.3162883705224661,50.0,-0.47013056026026473,39.795918367346935,3.307522598868792,98.9795918367347,1.7027073429826747,93.87755102040816,0.30962134968876376,74.48979591836735,-0.07353676508233666,59.183673469387756,-1.2478037559156363,11.224489795918368,2.1907532162434844,100.0,2.187508066366533,98.9795918367347,-0.19798068560390925,50.0,-0.3125190151056637,50.51020408163265,-1.1672955703577053,11.224489795918368,2.352764269694655,98.9795918367347,1.5685116291385652,95.91836734693877,2.9468930635067707,100.0,2.2666410746366292,98.9795918367347,0.9735395471329049,84.6938775510204
712,12234,9492,2563,1976,784,8752,2622,828,1844,356,30,38,19.392491336714098,3.9885239255492766,Spain,77.58705247670427,20.949811999346085,71.53833578551577,31.57894736842105,321.94736842105266,249.78947368421052,67.44736842105263,52.0,20.63157894736842,230.31578947368422,69.0,21.789473684210527,48.526315789473685,9.368421052631579,0.7894736842105263,-1.2077248066427375,4.081632653061225,-1.190807802681057,4.081632653061225,-1.0751808381348709,14.285714285714285,-0.990035021197236,10.204081632653061,-1.0017976262050348,6.122448979591836,-1.1068168822170135,7.142857142857142,0.9244329875097976,81.63265306122449,0.7593698423118377,77.55102040816327,0.6677226491355956,80.61224489795919,-0.8022562890058959,24.489795918367346,-0.8279639730304598,19.897959183673468,-1.35578385021731,5.1020408163265305,1.0492038475321401,90.81632653061224,1.0902279908091304,83.6734693877551,0.06445286843061,57.14285714285714,0.18589834323211296,53.06122448979592,1.4061400011548786,94.89795918367348
714,17148,14568,2656,2088,904,11363,2420,723,1842,339,18,38,18.38828518114978,2.6473691783699356,Spain,84.95451364590623,15.488686727315141,66.26428738045253,29.87603305785124,451.2631578947368,383.36842105263156,69.89473684210526,54.94736842105263,23.789473684210527,299.0263157894737,63.68421052631579,19.026315789473685,48.473684210526315,8.921052631578947,0.47368421052631576,0.2573315970679691,67.85714285714286,0.3227038574463493,70.40816326530613,-0.7306403312529264,21.428571428571427,-0.6461500214387983,25.510204081632654,-0.4772300358475152,39.795918367346935,0.063128645033048,66.3265306122449,-0.13545064092483503,45.91836734693878,-0.4625427939712757,32.6530612244898,0.6487253314202084,79.59183673469387,-1.011902926920871,14.285714285714285,-1.5152239169301878,1.0204081632653061,0.8204271581028156,78.57142857142857,-0.897941600388516,23.46938775510204,-1.2092653794537873,11.224489795918368,-0.3626855536432833,40.816326530612244,-1.7329163092432334,6.122448979591836,-1.050356707759071,15.306122448979592
756,13507,10940,3113,2043,900,9430,2406,846,1745,387,42,38,20.09062116463732,3.458293751704674,Spain,80.99503960909158,23.04730880284297,69.81565114385133,35.16209476309227,355.44736842105266,287.89473684210526,81.92105263157895,53.76315789473684,23.68421052631579,248.1578947368421,63.31578947368421,22.263157894736842,45.921052631578945,10.18421052631579,1.105263157894737,-0.8281935079199597,16.3265306122449,-0.7590574315493619,22.448979591836736,0.9624243100916837,85.71428571428571,-0.7843181016988847,16.3265306122449,-0.49471562219276577,38.775510204081634,-0.8030163967801917,18.367346938775512,-0.20890792210347214,42.857142857142854,0.9688405799603711,84.18367346938776,-0.27264457777604817,31.63265306122449,-0.4199594786903531,38.775510204081634,-0.14070402913073168,56.12244897959183,-0.34912783352629256,38.775510204081634,1.7970591245157852,96.93877551020408,0.33913478719761775,61.224489795918366,0.9632062083481822,84.6938775510204,1.519869197450174,94.89795918367348,0.4349555202025366,63.26530612244898
1609,22782,19728,3002,2944,1522,14931,2379,761,1554,538,69,38,18.614427372982107,2.6105735726276817,England,86.59468001053463,13.177069616363795,65.53858309191467,31.988230348886088,599.5263157894736,519.1578947368421,79.0,77.47368421052632,40.05263157894737,392.92105263157896,62.60526315789474,20.026315789473685,40.89473684210526,14.157894736842104,1.8157894736842106,1.9370482797106479,94.89795918367348,1.8612618098217268,94.89795918367348,0.551198543813234,73.46938775510205,1.9821139052864052,94.89795918367348,2.2242930544937094,94.89795918367348,1.6618899017271187,93.87755102040816,-0.3505755358051307,36.734693877551024,-0.020326792268815654,45.91836734693878,-2.08688841959548,3.061224489795918,1.442195952201484,87.75510204081633,1.405630844643656,88.77551020408163,1.304901798173074,89.79591836734694,-1.72214073714454,6.122448979591836,-1.5256735866029887,4.081632653061225,0.16711245932866248,60.204081632653065,-1.3008088691261055,11.224489795918368,-1.1177525728510318,13.26530612244898
1610,20467,17600,3079,2711,1357,13548,2281,640,1559,550,55,38,19.409676427323994,2.620624046391702,England,85.99208481946549,15.043728929496261,66.19436165534763,28.05786935554581,538.6052631578947,463.1578947368421,81.02631578947368,71.34210526315789,35.71052631578947,356.5263157894737,60.026315789473685,16.842105263157894,41.026315789473685,14.473684210526315,1.4473684210526316,1.2468558550890996,88.77551020408163,1.2267557395397881,88.77551020408163,0.8364632645649517,80.61224489795919,1.2667102897175118,87.75510204081633,1.50301261775212,88.77551020408163,1.0421906814334247,86.73469387755102,-0.8647765040555964,21.428571428571427,-1.4284356397950706,11.73469387755102,-2.039395125307012,4.081632653061225,1.5901818142591133,88.77551020408163,0.60382757676064,78.57142857142857,1.1269063858799837,86.73469387755102,-1.0565897740491845,14.285714285714285,-1.2397531051893278,9.183673469387756,-0.8187317387357732,21.428571428571427,0.2187352298451556,55.10204081632652,-1.0993438427799747,14.285714285714285
1611,19372,16599,2888,2538,1227,13134,2379,694,1677,466,64,38,18.667974686227872,2.837044466432951,England,85.68552550072269,14.908114804873012,67.79888498864341,29.17192097519966,509.7894736842105,436.8157894736842,76.0,66.78947368421052,32.28947368421053,345.63157894736844,62.60526315789474,18.263157894736842,44.13157894736842,12.263157894736842,1.6842105263157894,0.9203933475467264,84.6938775510204,0.9282874235847977,83.6734693877551,0.1288585676353662,61.224489795918366,0.7355307811620674,83.6734693877551,0.9347310615314743,83.6734693877551,0.8566841903259851,82.6530612244898,-0.3505755358051307,36.734693877551024,-0.800023426849469,21.428571428571427,-0.9185533800991972,19.387755102040817,0.5542807798557078,75.51020408163265,1.1192725346854355,84.6938775510204,1.0363544645559841,82.6530612244898,-1.1049425241291515,10.204081632653061,-0.5401784172126921,28.57142857142857,-0.5392965093914466,33.6734693877551,-1.1984918611219848,13.26530612244898,-0.7029421220305851,29.591836734693878
1612,22268,19137,3442,3035,1517,14864,2248,735,1588,600,78,38,19.41657079648137,2.865335941137003,England,85.93946470271241,15.457158253996766,66.75049398239626,32.695729537366546,586.0,503.60526315789474,90.57894736842105,79.86842105263158,39.921052631578945,391.1578947368421,59.1578947368421,19.342105263157894,41.78947368421053,15.789473684210526,2.0526315789473686,1.783804691695324,93.87755102040816,1.6850432536485007,92.85714285714286,2.181282662394478,97.95918367346938,2.2615204675901355,96.93877551020408,2.2024360715621456,93.87755102040816,1.631868319832919,92.85714285714286,-1.0379258096909578,18.877551020408163,-0.3228956355389206,34.69387755102041,-1.7639340184339045,6.122448979591836,2.2067895728325695,96.93877551020408,1.921075802568452,94.89795918367348,1.1113633820273365,84.6938775510204,-0.9091829691987448,22.448979591836736,-0.9972785390079658,20.408163265306122,0.3445729957222901,67.3469387755102,0.23190883616637215,56.12244897959183,-0.6511226622352179,30.612244897959183
1613,13017,10233,2558,2015,872,8817,2596,652,1725,410,37,38,19.466876180489606,3.9124745131722647,England,78.61258354459552,19.651225320734426,67.73450103710532,25.115562403698,342.55263157894734,269.2894736842105,67.3157894736842,53.026315789473685,22.94736842105263,232.02631578947367,68.3157894736842,17.157894736842106,45.39473684210526,10.789473684210526,0.9736842105263158,-0.9742817533042188,10.204081632653061,-0.9698637246364533,10.204081632653061,-1.0937045213005674,13.26530612244898,-0.8702893516384941,11.224489795918368,-0.6171147266095208,33.6734693877551,-1.077691466946522,9.183673469387756,0.7880123224637549,75.51020408163265,-1.288788481362714,14.285714285714285,-0.4626177549299157,29.591836734693878,-0.13631990974656355,54.08163265306123,-0.4270623390889518,40.816326530612244,-1.0528610457309202,15.306122448979592,0.5861972300243977,69.38775510204081,-0.5682499209878632,26.53061224489796,-1.5567444155150258,4.081632653061225,0.32803123832308834,61.224489795918366,1.2668457611636539,92.85714285714286
1619,16536,13463,2994,2511,1058,11524,2542,719,1755,415,32,38,19.455703630642777,3.355530311715034,England,81.41630382196419,18.105950653120466,69.6903725205612,28.28481510621558,435.1578947368421,354.2894736842105,78.78947368421052,66.07894736842105,27.842105263157894,303.2631578947368,66.89473684210526,18.92105263157895,46.18421052631579,10.921052631578947,0.8421052631578947,0.07487035997579307,66.3265306122449,-0.00677415367279639,62.244897959183675,0.5215606507481195,72.44897959183673,0.6526299330060163,79.59183673469387,0.19596503844463425,70.40816326530613,0.1352700582414962,70.40816326530613,0.5046770950604377,64.28571428571429,-0.5090918467820607,28.061224489795915,-0.17765798919911446,37.755102040816325,-0.07465913388921785,58.16326530612245,-0.713420649047172,26.53061224489796,-0.2246942197738363,45.91836734693878,0.03523485781119772,50.0,0.2845131111025039,60.204081632653065,-0.7618074124582969,23.46938775510204,0.306682980066734,57.14285714285714,0.24673111682019527,50.0
1623,14032,11165,2890,2340,812,9539,2721,794,1680,320,37,38,19.618147551832262,3.9624581443734255,England,79.56812998859749,20.595781071835802,67.980330672748,29.18044836457185,369.2631578947368,293.8157894736842,76.05263157894737,61.578947368421055,21.36842105263158,251.02631578947367,71.60526315789474,20.894736842105264,44.21052631578947,8.421052631578947,0.9736842105263158,-0.6716703878653976,27.55102040816326,-0.6919691487422959,29.591836734693878,0.13626804090164482,62.244897959183675,0.1275912280176872,70.40816326530613,-0.8793985217882803,13.26530612244898,-0.7541753157881366,20.408163265306122,1.4438809044158805,96.93877551020408,0.3637028934201627,63.26530612244898,-0.8900574035261163,21.428571428571427,-1.2462138751787843,5.1020408163265305,-0.4270623390889518,40.816326530612244,-0.770610397557707,24.489795918367346,0.9229753369987399,84.6938775510204,-0.4610678145756811,31.63265306122449,-0.5371576022143574,34.69387755102041,0.6170771899177714,74.48979591836735,1.3583971841470608,93.87755102040816
1624,20988,17923,3199,3032,1375,13954,2213,786,1808,568,67,38,19.154870963854123,2.7249832707439534,England,85.39641700019058,15.24204307223175,66.48561082523346,35.51739719837325,552.3157894736842,471.6578947368421,84.1842105263158,79.78947368421052,36.18421052631579,367.2105263157895,58.23684210526316,20.68421052631579,47.578947368421055,14.947368421052632,1.763157894736842,1.4021864180384849,89.79591836734694,1.323064696636154,89.79591836734694,1.2810316605416552,90.81632653061224,2.252309262239463,95.91836734693877,1.5816977563057477,89.79591836734694,1.2241125060460347,90.81632653061224,-1.221569012637552,13.26530612244898,0.27060478779859265,59.693877551020414,0.3257709302586351,63.26530612244898,1.812160607345558,93.87755102040816,1.2910875206603676,87.75510204081633,0.950957190378691,81.63265306122449,-0.9858815479875455,18.367346938775512,-1.1127680106642017,12.244897959183673,1.0523259724038083,87.75510204081633,-0.26814134836303866,34.69387755102041,-0.9081965559323683,22.448979591836736
1625,27523,24767,3010,3242,1640,18773,1932,788,1535,603,94,38,18.147446666925596,2.1384323167822537,England,89.98655669803438,10.936307815281765,68.2084075137158,40.78674948240166,724.2894736842105,651.7631578947369,79.21052631578948,85.3157894736842,43.1578947368421,494.0263157894737,50.8421052631579,20.736842105263158,40.39473684210526,15.868421052631579,2.473684210526316,3.350526588622423,100.0,3.3637411745541943,100.0,0.5808364368783483,75.51020408163265,2.8970936367865336,98.9795918367347,2.740117851678603,100.0,3.3834259858691085,98.9795918367347,-2.695961584865926,1.0204081632653061,0.2938793142039844,61.224489795918366,-2.2673629378916544,1.0204081632653061,2.243786038346977,97.95918367346938,2.8374223944347556,100.0,2.306799089068589,100.0,-2.5210766566695595,1.0204081632653061,-0.36162595446448603,37.755102040816325,2.3740265453458735,96.93877551020408,-2.1931051533497126,3.061224489795918,-1.982539759837517,3.061224489795918
1627,12452,9664,2751,2107,853,8712,2371,663,1720,351,29,38,19.790328318175117,4.223600505584431,England,77.61002248634757,22.092836492129777,69.96466431095406,27.9628848587094,327.6842105263158,254.31578947368422,72.39473684210526,55.44736842105263,22.44736842105263,229.26315789473685,62.39473684210526,17.44736842105263,45.26315789473684,9.236842105263158,0.7631578947368421,-1.1427304444105577,6.122448979591836,-1.1395225376018776,6.122448979591836,-0.3786903511047033,36.734693877551024,-0.5878123875512061,28.57142857142857,-0.7001712617494613,27.55102040816326,-1.1247402146911623,6.122448979591836,-0.39255112505006784,33.6734693877551,-1.1607785861330557,15.306122448979592,-0.5101110492183812,28.57142857142857,-0.8639170648632416,18.367346938775512,-0.8852356350221037,15.306122448979592,-1.3489989365680959,6.122448979591836,1.4567453022913144,94.89795918367348,0.4041047615925561,64.28571428571429,-0.8425565007031628,17.346938775510203,0.9460763456214563,86.73469387755102,1.836712868613762,97.95918367346938
1628,13510,10779,2506,2159,976,9201,2457,651,1776,424,35,38,19.205915430492894,3.8209683966557995,England,79.78534418948927,18.549222797927463,68.10510732790526,26.495726495726498,355.5263157894737,283.6578947368421,65.94736842105263,56.81578947368421,25.68421052631579,242.1315789473684,64.65789473684211,17.13157894736842,46.73684210526316,11.157894736842104,0.9210526315789473,-0.8272990900910766,17.346938775510203,-0.8070628250246403,18.367346938775512,-1.2863508262238048,8.16326530612245,-0.4281514948062168,38.775510204081634,-0.1624894816330035,57.6530612244898,-0.9056274751946937,15.306122448979592,0.058686459332994934,51.02040816326531,-1.3004257445654106,13.26530612244898,0.021813846812446663,47.95918367346938,0.03633026265400406,64.28571428571429,-0.5416056630722399,35.714285714285715,-0.7064493623940371,27.55102040816326,0.19328201768343134,54.08163265306123,-0.40666499737319717,34.69387755102041,-1.210560753299608,8.16326530612245,-0.17060672365321233,39.795918367346935,1.0992405876809141,88.77551020408163
1631,14377,11374,2867,2269,924,10051,2490,603,1806,375,47,38,19.80694555350486,3.624660054385173,England,79.1124713083397,19.941573346317035,69.91027335327259,24.216867469879517,378.3421052631579,299.3157894736842,75.44736842105263,59.71052631578947,24.31578947368421,264.5,65.52631578947368,15.868421052631579,47.526315789473685,9.868421052631579,1.236842105263158,-0.5688123375438272,33.6734693877551,-0.6296515882681768,30.612244897959183,0.051059098339443006,60.204081632653065,-0.09040729861489429,60.204081632653065,-0.3898021041212624,44.89795918367347,-0.5247566601190321,34.69387755102041,0.23183576496835492,55.10204081632652,-1.859014378294834,3.061224489795918,0.30677361254324786,60.71428571428571,-0.5679453407479826,31.63265306122449,0.1456542808274882,66.83673469387756,-0.9052034973026792,21.428571428571427,0.6897198207295328,73.46938775510205,0.38039021880020424,62.244897959183675,-1.782162179388643,3.061224489795918,0.9778281870712076,87.75510204081633,0.7396767135386092,77.55102040816327
1633,13582,10835,2718,2138,844,9669,2311,620,1792,327,45,38,19.479663421710935,3.56126792062427,England,79.77470181122074,20.01178029745251,71.18981004270358,26.82821289485071,357.42105263157896,285.13157894736844,71.52631578947368,56.26315789473684,22.210526315789473,254.44736842105263,60.81578947368421,16.31578947368421,47.1578947368421,8.605263157894736,1.1842105263157894,-0.8058330621978795,19.387755102040817,-0.7903652968593257,19.387755102040817,-0.500946659998296,30.612244897959183,-0.49262993226092405,35.714285714285715,-0.7395138310262752,24.489795918367346,-0.6959244852471529,25.510204081632654,-0.7073680443870863,25.510204081632654,-1.6611809038489973,7.142857142857142,0.17379238853553963,53.06122448979592,-1.1598887889785006,10.714285714285714,0.031110956844199837,63.26530612244898,-0.709592923006137,26.53061224489796,0.71475186788215,75.51020408163265,0.9382702207224582,81.63265306122449,-1.1271638877019334,11.224489795918368,0.3524648127283693,64.28571428571429,0.6235659006125099,71.42857142857143
1639,11851,9150,2547,2046,805,8036,2555,605,1751,355,33,38,19.969741056566242,4.06567451596369,England,77.2086743734706,21.49185722723821,67.80862374483166,23.679060665362034,311.86842105263156,240.78947368421052,67.02631578947368,53.8421052631579,21.18421052631579,211.47368421052633,67.23684210526316,15.921052631578947,46.078947368421055,9.342105263157896,0.868421052631579,-1.3219121494634953,3.061224489795918,-1.2927819925477972,3.061224489795918,-1.1344566242650977,12.244897959183673,-0.775106896348212,17.346938775510203,-0.9099982978924686,11.224489795918368,-1.4276445335042764,3.061224489795918,0.5728874275834606,66.3265306122449,-1.8357398518894414,4.081632653061225,-0.2156526246298864,35.204081632653065,-0.8145884441773645,22.95918367346939,-0.6561489870555277,28.57142857142857,-1.4675497047842232,4.081632653061225,1.2424682107326488,93.87755102040816,-0.5359323042517262,29.591836734693878,-1.9170591313000607,2.0408163265306123,1.2888941916962582,91.83673469387756,1.5474511897722738,95.91836734693877
1644,14854,11981,2780,2226,992,10487,2515,722,1813,405,39,38,19.22344168568115,3.4435403454543603,England,80.6584085094924,18.71549750908846,70.6005116466945,28.707753479125248,390.89473684210526,315.2894736842105,73.15789473684211,58.578947368421055,26.105263157894736,275.9736842105263,66.1842105263158,19.0,47.71052631578947,10.657894736842104,1.0263157894736843,-0.42659990275139625,41.83673469387755,-0.4486623097620037,41.83673469387755,-0.2712529887436657,45.91836734693878,-0.22243457530786556,52.04081632653062,-0.09254713625200131,60.204081632653065,-0.32939233615081065,47.95918367346938,0.3630094813587806,59.183673469387756,-0.4741800571739723,31.122448979591837,0.37326422454710073,64.28571428571429,-0.19798068560390925,50.0,-0.3125190151056637,50.51020408163265,-0.4485623996361244,37.755102040816325,0.2525666945245937,56.12244897959183,0.6813351964954266,75.51020408163265,-0.6557226681362599,28.57142857142857,-0.13711794739755714,41.83673469387755,0.40793276688090246,61.224489795918366
1646,12765,9920,3007,2388,860,8777,2181,584,1753,344,34,38,20.9215568867086,4.246148279061009,England,77.71249510379945,23.55660007833921,68.75832354093222,26.77670793214122,335.92105263157896,261.05263157894734,79.13157894736842,62.8421052631579,22.63157894736842,230.97368421052633,57.39473684210526,15.368421052631579,46.13157894736842,9.052631578947368,0.8947368421052632,-1.0494128509304086,8.16326530612245,-1.0631909802747275,8.16326530612245,0.5697222269789304,74.48979591836735,0.2749705136284463,75.51020408163265,-0.6695714856452725,32.142857142857146,-1.0956147994206702,8.16326530612245,-1.3894713696172962,8.16326530612245,-2.080122379146064,2.0408163265306123,-0.19665530691450173,36.734693877551024,-0.9502421510635254,15.816326530612246,-0.5988773250638838,31.63265306122449,-1.3187304311727273,8.16326530612245,1.9786451785524863,97.95918367346938,-0.12186170475234652,48.97959183673469,-1.1400827693885551,10.204081632653061,3.107602582613073,100.0,1.8780120038962804,98.9795918367347
1651,13944,11121,2965,2018,804,10088,2346,540,1581,355,28,38,20.14207323461889,3.5816264932999657,England,79.75473321858864,21.26362593230063,72.34652897303499,23.017902813299234,366.94736842105266,292.6578947368421,78.02631578947368,53.10526315789474,21.157894736842106,265.4736842105263,61.73684210526316,14.210526315789474,41.60526315789474,9.342105263157896,0.7368421052631579,-0.6979066441793047,24.489795918367346,-0.7050886351579002,27.55102040816326,0.414123288387084,70.40816326530613,-0.8610781462878214,13.26530612244898,-0.9143696944787814,10.204081632653061,-0.5081775775804447,35.714285714285715,-0.5237248414404921,31.63265306122449,-2.5921619600647015,1.0204081632653061,-1.8304246304377574,5.1020408163265305,-0.8145884441773645,22.95918367346939,-0.9425072970137479,13.77551020408163,-0.7154912738910099,25.510204081632654,1.1610931268672908,92.85714285714286,1.4426014871934174,92.85714285714286,-2.082895967551307,1.0204081632653061,1.6181826615071104,97.95918367346938,0.6608552342119416,73.46938775510205
1659,15358,12463,2540,2092,1059,11004,2143,635,1818,413,41,38,19.0559473099594,3.487521841164656,England,81.1498893085037,16.538611798411253,71.64995442114859,29.6313579094727,404.1578947368421,327.9736842105263,66.84210526315789,55.05263157894737,27.86842105263158,289.57894736842104,56.39473684210526,16.710526315789473,47.8421052631579,10.868421052631579,1.0789473684210527,-0.27633770749901626,53.06122448979592,-0.3049442994819782,51.02040816326531,-1.1603897806970727,11.224489795918368,-0.633868414304568,26.53061224489796,0.20033643503094706,71.42857142857143,-0.09773326392243771,57.14285714285714,-1.588855418530742,6.122448979591836,-1.4866219558085523,10.204081632653061,0.4207575188355689,66.3265306122449,-0.09932344423215597,56.12244897959183,-0.19797569112237587,53.06122448979592,-0.30338811223608436,41.83673469387755,-0.5235944244845493,32.6530612244898,1.1388938908772945,86.73469387755102,-0.42405690753374153,37.755102040816325,-0.45716245276258816,28.57142857142857,0.4884905098950325,66.3265306122449
1673,14098,11112,2776,2130,824,10105,2645,703,1769,326,24,38,19.391106290359772,3.759663946119814,England,78.81969073627465,19.690736274648888,71.67683359341751,26.578449905482042,371.0,292.42105263157896,73.05263157894737,56.05263157894737,21.68421052631579,265.92105263157896,69.60526315789474,18.5,46.55263157894737,8.578947368421053,0.631578947368421,-0.6519931956299666,30.612244897959183,-0.7077721664701824,26.53061224489796,-0.28607193527622293,43.87755102040816,-0.5171931465293838,31.63265306122449,-0.826941762752528,19.387755102040817,-0.500560161278931,37.755102040816325,1.045112806588989,84.6938775510204,-0.6952880580252023,23.46938775510204,-0.04467676519140619,44.89795918367347,-1.1722209441499691,8.673469387755102,-1.1715939449803239,6.122448979591836,-0.9916854331171104,18.367346938775512,0.600284724858395,71.42857142857143,1.150613252112432,87.75510204081633,-1.1898114140684801,9.183673469387756,0.18325182764931988,52.04081632653062,0.9869536339940634,85.71428571428571
2443,13810,11085,2866,2103,866,9883,2300,725,1701,378,34,34,19.476240082519922,3.373391764428252,Germany,80.26792179580015,20.753077480086894,71.56408399710355,31.521739130434785,406.1764705882353,326.02941176470586,84.29411764705883,61.85294117647059,25.470588235294116,290.6764705882353,67.6470588235294,21.323529411764707,50.029411764705884,11.117647058823529,1.0,-0.25346867124678624,55.10204081632652,-0.3269738114311744,50.0,1.2965043841271184,92.85714285714286,0.15955952894060882,72.44897959183673,-0.19797493627483626,55.10204081632652,-0.07904555403394986,58.16326530612245,0.6546780978033699,68.36734693877551,0.5533218291346851,72.44897959183673,1.2102636933014932,91.83673469387756,0.017469319450580896,63.26530612244898,-0.3697906770973079,45.91836734693878,-0.5639049125348903,32.6530612244898,0.9790588307924064,87.75510204081633,1.1014542514148142,85.71428571428571,0.0501034461775871,56.12244897959183,0.3459235728009791,63.26530612244898,0.2794466553504964,54.08163265306123
2444,22015,19415,3517,2825,1440,15137,1777,662,1474,535,83,34,19.489599527983614,2.4431505049435107,Germany,88.18987054281172,15.975471269588917,68.75766522825346,37.253798536859875,647.5,571.0294117647059,103.44117647058823,83.08823529411765,42.35294117647059,445.20588235294116,52.26470588235294,19.470588235294116,43.35294117647059,15.735294117647058,2.4411764705882355,2.480556180395349,97.95918367346938,2.4489902460523076,97.95918367346938,3.9920271732623323,100.0,2.6371931564018753,97.95918367346938,2.6064045443325687,97.95918367346938,2.5521523688548373,97.95918367346938,-2.412317713424043,2.0408163265306123,-0.26607840931399185,35.714285714285715,-1.1996019333591823,12.244897959183673,2.181399841597192,95.91836734693877,2.7666750472686075,98.9795918367347,1.776091413833507,94.89795918367348,-0.7243802447351544,26.53061224489796,-0.12214873011201695,47.95918367346938,1.48786387540023,92.85714285714286,0.3714505022692338,65.3061224489796,-1.4244093666531026,11.224489795918368
2445,13986,11409,2787,2061,766,9618,2226,698,1639,319,34,34,19.461036106486915,3.708924559185386,Germany,81.57443157443157,19.927069927069926,68.76876876876878,31.356693620844567,411.3529411764706,335.55882352941177,81.97058823529412,60.61764705882353,22.529411764705884,282.88235294117646,65.47058823529412,20.529411764705884,48.205882352941174,9.382352941176471,1.0,-0.1948229218392278,56.12244897959183,-0.2190011398075668,56.12244897959183,0.9693979319893576,86.73469387755102,0.015431256983028363,62.755102040816325,-0.6865427900391919,28.57142857142857,-0.21175728786827233,52.04081632653062,0.22072457957998903,54.08163265306123,0.20215029837096726,54.08163265306123,0.5520625089272105,71.42857142857143,-0.7957275009739414,25.510204081632654,-0.3697906770973079,45.91836734693878,-0.17798622257679023,50.0,0.6845486764397422,72.44897959183673,-0.11730756904551708,50.0,0.0087054274404268,54.08163265306123,0.3168721555931016,59.183673469387756,0.8940179475798946,80.61224489795919
2446,16271,13762,2490,2089,1036,11542,1980,647,1653,452,55,34,18.549118040583693,2.7417711504240208,Germany,84.57992747833569,15.303300350316515,70.93602114190892,32.676767676767675,478.55882352941177,404.7647058823529,73.23529411764706,61.44117647058823,30.470588235294116,339.47058823529414,58.23529411764706,19.029411764705884,48.61764705882353,13.294117647058824,1.6176470588235294,0.5665721770032192,76.53061224489795,0.5651337254095558,76.53061224489795,-0.2603567045285512,46.93877551020408,0.11151677162141506,67.3469387755102,0.6325904151245694,80.61224489795919,0.7517799796684673,77.55102040816327,-1.2218776566761178,12.244897959183673,-0.46117370418272274,33.6734693877551,0.700688582818178,82.6530612244898,1.0374110942203216,83.6734693877551,0.9744089190595129,82.6530612244898,0.7097813708078473,75.51020408163265,-0.9640404760045176,19.387755102040817,0.8276178622300001,78.57142857142857,0.33981683202954566,66.3265306122449,-1.425600480146491,9.183673469387756,-0.8774474039270075,23.46938775510204
2447,18225,15545,2670,2521,1210,12332,2080,717,1632,438,59,34,18.798321404347487,2.95596763982037,Germany,85.29492455418381,14.650205761316872,67.66529492455419,34.47115384615385,536.0294117647059,457.20588235294116,78.52941176470588,74.1470588235294,35.588235294117645,362.70588235294116,61.1764705882353,21.08823529411765,48.0,12.882352941176471,1.7352941176470589,1.217673281221224,86.73469387755102,1.159316668325888,86.73469387755102,0.48494913578533333,71.42857142857143,1.5939789974708147,92.85714285714286,1.4826984806745491,87.75510204081633,1.147411186193427,88.77551020408163,-0.6354539834012768,28.061224489795915,0.4492710052046948,64.28571428571429,0.4777494719817281,68.87755102040816,0.8444491368314518,79.59183673469387,1.230446937375098,86.73469387755102,0.9209782093988428,80.61224489795919,-1.1968991072732604,9.183673469387756,-0.5984238945221622,25.510204081632654,0.7898989484493473,78.57142857142857,-0.9494282687070993,19.387755102040817,-0.4851190970185933,32.6530612244898
2449,13612,11251,2262,1746,743,9261,2421,782,1613,353,37,34,18.819777909849822,3.3642089668070487,Germany,82.65501028504261,16.617690273288275,68.03555686159271,32.300702189178025,400.3529411764706,330.9117647058824,66.52941176470588,51.35294117647059,21.852941176470587,272.38235294117646,71.20588235294117,23.0,47.44117647058823,10.382352941176471,1.088235294117647,-0.3194451393302892,48.97959183673469,-0.27165447967339973,54.08163265306123,-1.2044107689261376,10.204081632653061,-1.0655307826988258,7.142857142857142,-0.7989133964049944,20.408163265306122,-0.39054252929790634,40.816326530612244,1.3642507424659274,94.89795918367348,1.2946839496358677,92.3469387755102,0.27604265741541495,57.6530612244898,-0.32710560445811476,44.89795918367347,-0.17776216336061942,54.08163265306123,0.1411966317853488,58.16326530612245,-0.49539926602995504,34.69387755102041,-0.43698910968715743,32.6530612244898,0.24548911514533955,63.26530612244898,-0.9084296580924658,20.408163265306122,0.26262718527625567,52.04081632653062
2450,12535,9769,2593,1979,826,8684,2191,720,1840,335,23,34,19.551769674662523,3.585700826910846,Germany,77.93378540087754,20.686078978859193,69.27802153968887,32.86170698311273,368.6764705882353,287.3235294117647,76.26470588235294,58.205882352941174,24.294117647058822,255.41176470588235,64.44117647058823,21.176470588235293,54.11764705882353,9.852941176470589,0.6764705882352942,-0.6783171399663136,26.53061224489796,-0.7655294776554553,21.428571428571427,0.16612385965106055,64.28571428571429,-0.26596203588653394,48.97959183673469,-0.3934020777805787,43.87755102040816,-0.6795035497598078,26.53061224489796,0.01547629393379462,50.0,0.4882900641784404,66.3265306122449,2.6859082840760906,100.0,-0.5751995496723759,30.612244897959183,-1.0738952274651663,7.142857142857142,-1.253365393003422,9.183673469387756,0.9551707454281773,86.73469387755102,0.10472743719267738,55.10204081632652,0.3862047700493019,68.36734693877551,0.4902438274575214,70.40816326530613,0.6683178981045272,74.48979591836735
2451,14372,11916,2775,2010,715,9834,2050,554,1575,315,30,34,19.624032049971806,3.2633042310960674,Germany,82.91121625382688,19.308377400500973,68.42471472307264,27.02439024390244,422.70588235294116,350.47058823529414,81.61764705882354,59.11764705882353,21.029411764705884,289.2352941176471,60.294117647058826,16.294117647058822,46.3235294117647,9.264705882352942,0.8823529411764706,-0.06620213052492423,61.224489795918366,-0.0500439036558108,61.224489795918366,0.9197108759684332,82.6530612244898,-0.15958164467974803,56.12244897959183,-0.9357123954590136,9.183673469387756,-0.10358470481840938,56.12244897959183,-0.811381085383729,22.448979591836736,-1.6707645323688647,6.122448979591836,-0.12737097171720882,41.83673469387755,-0.8508594887993326,20.408163265306122,-0.6258286954128929,29.591836734693878,0.2168751100101685,59.183673469387756,0.46395598230378526,62.244897959183675,-0.2673156721814083,42.857142857142854,-1.0779571350189068,12.244897959183673,0.6283211572944456,76.53061224489795,0.07780723686301577,45.91836734693878
2453,12605,10236,2460,1751,647,8299,2155,642,1652,339,26,34,19.77881799767074,3.4390827013203022,Germany,81.20587068623563,19.51606505355018,65.83895279650932,29.791183294663576,370.7352941176471,301.05882352941177,72.3529411764706,51.5,19.029411764705884,244.08823529411765,63.38235294117647,18.88235294117647,48.588235294117645,9.970588235294118,0.7647058823529411,-0.6549921259973983,28.57142857142857,-0.6099022009634041,31.63265306122449,-0.3845743445808643,35.714285714285715,-1.048372655084828,8.16326530612245,-1.2679385360187758,2.0408163265306123,-0.8723111630662758,17.346938775510203,-0.1956362284451471,43.87755102040816,-0.5262054691389674,26.53061224489796,0.6900724346831084,81.63265306122449,-0.5200675618469847,34.69387755102041,-0.8818667137284778,16.3265306122449,-0.286852254403482,42.857142857142854,0.5380063012545706,68.36734693877551,-1.39471192465083,6.122448979591836,-0.383968241642538,38.775510204081634,0.9240826827504329,85.71428571428571,0.3997680206666024,59.183673469387756
2454,15996,13540,2555,2002,864,10583,2080,634,1616,405,39,34,19.05385755482234,2.667906842276121,Germany,84.6461615403851,15.972743185796448,66.16029007251812,30.480769230769234,470.47058823529414,398.2352941176471,75.1470588235294,58.88235294117647,25.41176470588235,311.2647058823529,61.1764705882353,18.647058823529413,47.529411764705884,11.911764705882353,1.1470588235294117,0.4749381935539096,73.46938775510205,0.4911524504081956,73.46938775510205,0.008781515584795159,58.16326530612245,-0.18703464886214421,54.08163265306123,-0.20774629335012335,54.08163265306123,0.2715137428869008,71.42857142857143,-0.6354539834012768,28.061224489795915,-0.6302562930689577,25.510204081632654,0.3078911018206239,62.244897959183675,0.38961023727197297,74.48979591836735,-0.04974315420282694,59.183673469387756,0.7293456809069914,76.53061224489795,-0.7253529336359672,25.510204081632654,-1.2546083687010563,8.16326530612245,-0.21100084874185773,48.97959183673469,-0.46115551011924555,27.55102040816326,-1.0127393456310751,18.367346938775512
2455,12533,9876,2392,1817,737,8547,2374,685,1787,391,39,34,19.66500792386173,3.6956052194968243,Germany,78.79996808425756,19.08561397909519,68.19596265858135,28.85425442291491,368.61764705882354,290.47058823529414,70.3529411764706,53.44117647058823,21.676470588235293,251.38235294117646,69.82352941176471,20.147058823529413,52.55882352941177,11.5,1.1470588235294117,-0.6789835689368541,25.510204081632654,-0.7298718361007451,24.489795918367346,-0.6661343286994428,23.46938775510204,-0.8218853705800591,14.285714285714285,-0.8282274676308556,17.857142857142858,-0.7481130121571744,21.428571428571427,1.0886316160267537,86.73469387755102,0.03306770948473237,48.97959183673469,2.123252432917432,97.95918367346938,0.19664827988310304,71.42857142857143,-0.04974315420282694,59.183673469387756,-0.9975111377183492,17.346938775510203,0.38453044995517577,59.183673469387756,-0.36705193080707527,36.734693877551024,-0.6189761439134918,30.612244897959183,0.706616940269191,81.63265306122449,0.8696218708567036,79.59183673469387
2457,13520,11049,2621,1819,638,9372,2249,702,1571,290,39,34,19.190866295394045,3.3850171383679406,Germany,81.72337278106508,19.38609467455621,69.31952662721893,31.213872832369944,397.6470588235294,324.97058823529414,77.08823529411765,53.5,18.764705882352942,275.6470588235294,66.1470588235294,20.647058823529413,46.205882352941174,8.529411764705882,1.1470588235294117,-0.35010087197514966,45.91836734693878,-0.3389707749449079,48.97959183673469,0.2820603236998876,68.36734693877551,-0.8150221195344596,15.306122448979592,-1.311909642857568,1.0204081632653061,-0.33495384078617163,45.91836734693878,0.35560202443320144,58.16326530612245,0.25417571033596237,58.16326530612245,-0.16983556425748486,38.775510204081634,-1.195434412708029,6.122448979591836,-0.04974315420282694,59.183673469387756,-0.133991760166419,52.04081632653062,0.491665809283305,63.26530612244898,0.12282372040387253,56.12244897959183,-0.027118011149379378,53.06122448979592,-0.199362274268738,38.775510204081634,0.30074001682336166,55.10204081632652
2460,11831,9343,2426,1855,737,7787,2324,750,1635,384,34,34,19.389566173063137,3.495726030273196,Germany,78.97050122559378,20.505451779224074,65.81861212069985,32.27194492254733,347.97058823529414,274.79411764705884,71.3529411764706,54.55882352941177,21.676470588235293,229.02941176470588,68.3529411764706,22.058823529411764,48.088235294117645,11.294117647058824,1.0,-0.9129001375965466,11.224489795918368,-0.9074935459013089,14.285714285714285,-0.5253543366401535,28.57142857142857,-0.6914836007136759,23.46938775510204,-0.8282274676308556,17.857142857142858,-1.1287202488140982,5.1020408163265305,0.795419779389334,76.53061224489795,0.8784806539159052,80.61224489795919,0.5095979163869345,70.40816326530613,0.10016730118866848,68.36734693877551,-0.3697906770973079,45.91836734693878,-0.9471388193665856,19.387755102040817,0.8907687381456415,81.63265306122449,-1.4035804911823064,5.1020408163265305,0.2382759903183571,62.244897959183675,0.1803090059797463,51.02040816326531,0.5035175331276777,68.36734693877551
2462,13312,10668,2828,2080,867,8864,2179,752,1663,347,42,34,20.132343953271246,3.7928642549454974,Germany,80.13822115384616,21.243990384615387,66.58653846153845,34.51124368976595,391.52941176470586,313.7647058823529,83.17647058823529,61.1764705882353,25.5,260.70588235294116,64.08823529411765,22.11764705882353,48.911764705882355,10.205882352941176,1.2352941176470589,-0.419409484911355,42.857142857142854,-0.4659386387985946,40.816326530612244,1.139162040060853,88.77551020408163,0.08063214191621995,65.3061224489796,-0.1930892577371924,56.12244897959183,-0.5893597305515892,27.55102040816326,-0.05489454685918454,47.95918367346938,0.9044933598984028,82.6530612244898,0.8068500641688694,86.73469387755102,-0.40980358619620233,40.30612244897959,0.142285359533862,65.3061224489796,-0.6022160699776149,30.612244897959183,1.1540921398200676,91.83673469387756,-1.0687634030582458,16.3265306122449,0.7999545997733016,79.59183673469387,1.5995921684051968,96.93877551020408,1.0477642522592148,87.75510204081633
2463,13463,10917,2597,2061,860,8951,2302,645,1613,347,27,34,19.645077428674796,3.562228297075412,Germany,81.08891034687663,19.289905667384684,66.48592438535245,28.01911381407472,395.97058823529414,321.0882352941176,76.38235294117646,60.61764705882353,25.294117647058822,263.2647058823529,67.70588235294117,18.970588235294116,47.44117647058823,10.205882352941176,0.7941176470588235,-0.3690940976355515,44.89795918367347,-0.38295964116193365,44.89795918367347,0.1826862116580347,65.3061224489796,0.015431256983028363,62.755102040816325,-0.22728900750069753,53.06122448979592,-0.5457902179342834,32.6530612244898,0.6664065712688675,69.38775510204081,-0.48718641016522185,29.591836734693878,0.27604265741541495,57.6530612244898,-0.40980358619620233,40.30612244897959,-0.8178572091495816,23.46938775510204,-0.3214001634055564,40.816326530612244,0.45736994934153236,61.224489795918366,-1.112631297960904,13.26530612244898,-0.8284527098544208,18.367346938775512,0.6685341960200413,79.59183673469387,0.6253249530980716,72.44897959183673
2481,12100,9334,2770,2017,893,8269,2204,666,1660,395,36,34,19.997081035653004,3.7421100935994294,Germany,77.14049586776859,22.892561983471076,68.33884297520662,30.217785843920147,355.88235294117646,274.52941176470586,81.47058823529412,59.3235294117647,26.264705882352942,243.2058823529412,64.82352941176471,19.58823529411765,48.8235294117647,11.617647058823529,1.0588235294117647,-0.8232654410588585,18.367346938775512,-0.910492786779743,13.26530612244898,0.899007935959713,81.63265306122449,-0.13556026602015156,57.14285714285714,-0.06606161575845966,61.224489795918366,-0.8873351329343121,16.3265306122449,0.09171137145952535,52.04081632653062,-0.2140529973489952,38.775510204081634,0.7750016197636604,84.6938775510204,0.2517802677084942,72.44897959183673,-0.2417716679395154,52.04081632653062,-1.4876883673753145,3.061224489795918,1.7418846778750239,95.91836734693877,-0.30475588883191124,39.795918367346935,-0.27696441965857654,46.93877551020408,1.3411348119905713,92.85714285714286,0.9548015046176619,83.6734693877551
2482,15420,12895,2707,2066,996,9760,2416,726,1483,442,58,34,19.456662560597962,2.991599685295097,Germany,83.62516212710766,17.555123216601814,63.29442282749675,30.049668874172188,453.52941176470586,379.2647058823529,79.61764705882354,60.76470588235294,29.294117647058822,287.05882352941177,71.05882352941177,21.352941176470587,43.61764705882353,13.0,1.7058823529411764,0.2830066500382637,69.38775510204081,0.2762068541204587,68.36734693877551,0.6381508918498547,77.55102040816327,0.03258938459702619,64.28571428571429,0.43716327361882695,77.55102040816327,-0.14064383049289952,53.06122448979592,1.3349295588021866,93.87755102040816,0.566328182125933,73.46938775510205,-1.1040566001435606,15.306122448979592,0.8995811246568429,80.61224489795919,1.1664374327962013,85.71428571428571,0.42776144291318274,67.3469387755102,-0.16116077169397006,42.857142857142854,-2.5041309790080946,2.0408163265306123,-0.3191328463000556,43.87755102040816,0.3085152819686015,58.16326530612245,-0.4198544415978606,35.714285714285715
2975,15826,12942,2474,2433,1052,11090,2114,730,1747,431,51,34,18.45197290472343,3.14720233670017,Germany,81.77682294957664,15.632503475293822,70.07456084923544,34.53169347209082,465.47058823529414,380.6470588235294,72.76470588235294,71.55882352941177,30.941176470588236,326.1764705882353,62.1764705882353,21.470588235294116,51.38235294117647,12.676470588235293,1.5,0.4182917310579726,70.40816326530613,0.2918695564856115,69.38775510204081,-0.3266061125564518,39.795918367346935,1.2919959514644566,88.77551020408163,0.7107612717268667,81.63265306122449,0.5254188336567176,74.48979591836735,-0.4360699344878311,32.6530612244898,0.6183535940909282,74.48979591836735,1.698606507514669,94.89795918367348,0.7479681581370164,78.57142857142857,0.718370900743928,80.61224489795919,-0.11820357446173312,53.06122448979592,-0.8466642331404837,24.489795918367346,0.45201982451656403,65.3061224489796,0.8050839757494062,80.61224489795919,-1.611223232080958,7.142857142857142,-0.13484825429639397,40.816326530612244
3157,19484,16822,3174,2638,1248,13488,2221,907,1759,558,48,38,19.14667857216958,2.4148124514053197,Italy,86.33750769862452,16.290289468281667,69.22603161568468,40.837460603331834,512.7368421052631,442.6842105263158,83.52631578947368,69.42105263157895,32.8421052631579,354.94736842105266,58.44736842105263,23.86842105263158,46.28947368421053,14.68421052631579,1.263157894736842,0.9537849464916995,85.71428571428571,0.994779366100245,85.71428571428571,1.1884132447131748,89.79591836734694,1.0425709595178159,85.71428571428571,1.0265303898440405,85.71428571428571,1.0153056827222018,84.6938775510204,-1.1795934233926162,14.285714285714285,1.6787136353248462,96.93877551020408,-0.13966335376833994,40.816326530612244,1.6888390556308668,90.3061224489796,0.20292594281913184,68.87755102040816,1.2289378801610646,88.77551020408163,-0.6121328979023284,28.57142857142857,0.08205974884659877,53.06122448979592,2.386746309365277,97.95918367346938,-0.2837951870853102,31.63265306122449,-1.4763141415495111,10.204081632653061
3158,19087,16127,3203,2742,1439,13056,2112,840,1793,597,51,38,19.501423963738116,2.694313007778051,Italy,84.49206266044952,16.781055168439252,68.40257767066589,39.77272727272727,502.2894736842105,424.39473684210526,84.28947368421052,72.15789473684211,37.86842105263158,343.57894736842104,55.578947368421055,22.105263157894736,47.18421052631579,15.710526315789474,1.3421052631578947,0.8354236538028209,82.6530612244898,0.7875511147628638,82.6530612244898,1.2958506070742104,91.83673469387756,1.3618927450077947,89.79591836734694,1.861467137829759,91.83673469387756,0.8217336920013945,81.63265306122449,-1.7515108268548676,5.1020408163265305,0.8990170007441928,81.63265306122449,0.18329104739323326,54.59183673469388,2.1697931073181627,94.89795918367348,0.3747409287940639,70.91836734693877,0.6838277377263118,73.46938775510205,-0.43715207408722867,35.714285714285715,-0.2769674617246386,41.83673469387755,2.1196814829432493,95.91836734693877,0.39404436953171934,67.3469387755102,-0.9643730711299768,21.428571428571427
3159,21519,19025,3306,2543,1078,14486,2101,819,1545,481,72,38,19.152516935104725,2.1897579267749854,Italy,88.41024211162228,15.363167433430922,67.31725451926205,38.98143741075678,566.2894736842105,500.6578947368421,87.0,66.92105263157895,28.36842105263158,381.2105263157895,55.28947368421053,21.55263157894737,40.6578947368421,12.657894736842104,1.894736842105263,1.5604983737508145,91.83673469387756,1.651648197317872,91.83673469387756,1.677438480287548,95.91836734693877,0.7508827900798553,84.6938775510204,0.2833929701708876,73.46938775510205,1.4624928279522134,91.83673469387756,-1.8092272620666547,3.061224489795918,0.654634473487571,75.51020408163265,-2.1723763493147206,2.0408163265306123,0.739263107427744,77.55102040816327,1.5774458306185875,89.79591836734694,1.8411850767592217,95.91836734693877,-0.9426950732605968,21.428571428571427,-0.7501700566894575,21.428571428571427,1.921203907796177,94.89795918367348,-0.27263937382490677,33.6734693877551,-1.8885303308023405,4.081632653061225
3161,20450,17553,2825,2516,1414,13617,2313,806,1682,536,56,38,18.627898111526356,2.4062464821154026,Italy,85.83374083129584,13.814180929095354,66.58679706601467,34.84651967142239,538.1578947368421,461.92105263157896,74.34210526315789,66.21052631578948,37.21052631578947,358.3421052631579,60.86842105263158,21.210526315789473,44.26315789473684,14.105263157894736,1.4736842105263157,1.241787487392095,87.75510204081633,1.212741742686757,87.75510204081633,-0.10453984025240341,53.06122448979592,0.6679819419238042,82.14285714285714,1.7521822231719415,90.81632653061224,1.0731084299513316,87.75510204081633,-0.696874147075852,26.53061224489796,0.5033500518525178,68.87755102040816,-0.871060085810729,23.46938775510204,1.4175316418585457,86.73469387755102,0.6610992387522837,79.59183673469387,1.080134516678069,83.6734693877551,-1.4949808881007074,7.142857142857142,-1.0686506511013227,17.346938775510203,0.8840511705021542,81.63265306122449,-1.2750692833297554,12.244897959183673,-1.4920038115250265,9.183673469387756
3162,18116,15245,3048,2490,1242,12363,2443,837,1640,507,75,38,19.37485669747125,2.7598044465120055,Italy,84.15213071318172,16.824906160300287,68.24354162066682,34.26115431846091,476.7368421052632,401.1842105263158,80.21052631578948,65.52631578947368,32.68421052631579,325.3421052631579,64.28947368421052,22.026315789473685,43.1578947368421,13.342105263157896,1.9736842105263157,0.5459304165209538,75.51020408163265,0.5245650461591654,75.51020408163265,0.7216164289376376,79.59183673469387,0.5881514955513091,78.57142857142857,1.0003020103261637,84.6938775510204,0.5112119568867676,73.46938775510205,-0.014770821845645035,48.97959183673469,0.8641052111361044,79.08163265306123,-1.2700037578338512,11.224489795918368,1.059899141885942,84.6938775510204,1.7492608165935195,93.87755102040816,0.5834181626047894,71.42857142857143,-0.4215171536384497,36.734693877551024,-0.3463074287705586,38.775510204081634,0.7372252077107369,77.55102040816327,0.1522024691500873,50.0,-0.8444171122442822,24.489795918367346
3163,14524,11808,2675,1965,894,9980,2589,777,1791,401,38,38,19.340310204790985,3.4210347174512457,Italy,81.29991737813275,18.41779124208207,68.7138529330763,30.011587485515644,382.2105263157895,310.7368421052632,70.39473684210526,51.71052631578947,23.526315789473685,262.63157894736844,68.13157894736842,20.44736842105263,47.13157894736842,10.552631578947368,1.0,-0.5249858639285498,36.734693877551024,-0.5002457449869918,38.775510204081634,-0.6602503352232818,24.489795918367346,-1.0238094408163683,9.183673469387756,-0.5209440017106419,37.755102040816325,-0.5565705752606458,30.612244897959183,0.7512836818744377,73.46938775510205,0.16586941897432442,52.04081632653062,0.164293729677846,52.04081632653062,-0.24730930628978548,46.93877551020408,-0.3697906770973079,45.91836734693878,-0.25907261071046034,43.87755102040816,0.14642054812730237,53.06122448979592,-0.14125095947327315,46.93877551020408,-0.3286847210832888,42.857142857142854,0.08619180393037695,46.93877551020408,0.3667108264314758,57.14285714285714
3164,17832,15067,2681,2410,1098,11069,2241,865,1806,416,46,38,18.902747999120876,2.778712898203879,Italy,84.49416778824586,15.034768954688202,62.073799910273664,38.59883980365908,469.2631578947368,396.5,70.55263157894737,63.421052631578945,28.894736842105264,291.2894736842105,58.973684210526315,22.763157894736842,47.526315789473685,10.947368421052632,1.2105263157894737,0.46125886205334227,72.44897959183673,0.47149076020513114,72.44897959183673,-0.638021915424446,26.53061224489796,0.3425193528667103,77.04081632653062,0.37082090189714095,76.53061224489795,-0.06860784865194584,61.224489795918366,-1.0746544502802762,16.83673469387755,1.189948580811601,90.3061224489796,0.30677361254324786,60.71428571428571,-0.06232697871774839,59.183673469387756,0.088382618835844,64.28571428571429,0.6844495533258929,74.48979591836735,-1.0597844222749537,13.26530612244898,-3.0363244839161747,1.0204081632653061,1.8252377530867971,93.87755102040816,-0.7498922680074384,24.489795918367346,-0.8097838609737379,26.53061224489796
3165,14516,11692,2787,2149,1007,9942,2405,740,1756,348,34,38,19.407653090147846,3.48835128710318,Italy,80.54560484982089,19.199503995591073,68.48994213281895,30.76923076923077,382.0,307.6842105263158,73.34210526315789,56.55263157894737,26.5,261.63157894736844,63.28947368421053,19.473684210526315,46.21052631578947,9.157894736842104,0.8947368421052632,-0.5273709781389052,35.714285714285715,-0.5348334819008572,36.734693877551024,-0.24531983231169266,48.97959183673469,-0.45885551264179164,37.755102040816325,-0.026976187457311295,64.28571428571429,-0.5735977411110872,28.57142857142857,-0.2141548707590893,41.83673469387755,-0.26470931952543897,36.734693877551024,-0.16815933034142083,39.795918367346935,-0.9009135303776492,17.346938775510203,-0.5988773250638838,31.63265306122449,-0.48188250276502015,36.734693877551024,0.42513754393987335,60.204081632653065,-0.23887641930555753,44.89795918367347,-0.13864664653526504,51.02040816326531,0.2148690824420771,54.08163265306123,0.4900097463757535,67.3469387755102
3166,15157,12467,2770,2098,806,10658,2527,665,1817,298,30,38,19.170384435669934,3.3648447632713663,Italy,82.25242462228674,18.27538431087946,70.31734512106618,26.31578947368421,398.86842105263156,328.07894736842104,72.89473684210526,55.21052631578947,21.210526315789473,280.4736842105263,66.5,17.5,47.81578947368421,7.842105263157895,0.7894736842105263,-0.33626370203419165,47.95918367346938,-0.30375161889874147,52.04081632653062,-0.3083003550750587,40.816326530612244,-0.6154460036032234,27.55102040816326,-0.9056269013061563,12.244897959183673,-0.25277008982382465,50.0,0.42597286522618344,62.755102040816325,-1.1375040597276624,16.3265306122449,0.41125885997787526,65.3061224489796,-1.517521288951105,1.0204081632653061,-0.8279639730304598,19.897959183673468,0.02228031435112011,56.12244897959183,0.09564584620577075,51.02040816326531,0.5578741475339519,70.40816326530613,-1.2556939788475814,7.142857142857142,-0.2384985535384892,36.734693877551024,0.2637917279402696,53.06122448979592
3172,18632,15619,3157,2516,1273,13829,2636,874,1782,525,52,38,18.791750141366624,2.8776933659663073,Italy,83.8288965221125,16.943967367969083,74.22176899957064,33.15629742033384,490.3157894736842,411.0263157894737,83.07894736842105,66.21052631578948,33.5,363.92105263157896,69.36842105263158,23.0,46.89473684210526,13.81578947368421,1.368421052631579,0.6997702830888668,80.61224489795919,0.6360806806917997,77.55102040816327,1.1254327219498088,87.75510204081633,0.6679819419238042,82.14285714285714,1.1358153045018566,86.73469387755102,1.16810209206432,89.79591836734694,0.9978902686884348,83.6734693877551,1.2946839496358677,92.3469387755102,0.07880579995860588,48.97959183673469,1.2818779349723857,85.71428571428571,0.43201259078570803,72.95918367346938,0.4879407941171481,68.36734693877551,-0.3790662892124782,39.795918367346935,2.2602090776983967,100.0,0.460096271067095,73.46938775510205,-0.9619844909758853,17.346938775510203,-0.6284884557891078,31.63265306122449
3173,14094,11104,2747,2268,1006,9637,2598,864,1858,327,28,38,19.152166574025667,3.51377496267891,Italy,78.78529870867035,19.49056336029516,68.37661416205478,33.25635103926097,370.89473684210526,292.2105263157895,72.28947368421052,59.68421052631579,26.473684210526315,253.60526315789474,68.36842105263158,22.736842105263158,48.89473684210526,8.605263157894736,0.7368421052631579,-0.6531857527351442,29.591836734693878,-0.710157527636656,25.510204081632654,-0.3935092976372605,34.69387755102041,-0.09347770039845185,59.183673469387756,-0.03134758404362408,63.26530612244898,-0.7102631512264718,24.489795918367346,0.7985062197749891,77.55102040816327,1.1783113176089044,88.77551020408163,0.8007038731433013,85.71428571428571,-1.1598887889785006,10.714285714285714,-0.9425072970137479,13.77551020408163,-1.0018441984437323,16.3265306122449,0.5289137601641674,65.3061224489796,-0.28828759216991523,40.816326530612244,0.4851925102883249,74.48979591836735,-0.2733088359352785,32.6530612244898,0.5365764647291915,69.38775510204081
3176,17148,14326,2814,2410,1140,11415,2894,945,1703,561,44,38,19.064097452577847,2.7705300429005035,Italy,83.54327035222767,16.41007697690693,66.56752974107768,32.65376641326883,451.2631578947368,377.0,74.05263157894737,63.421052631578945,30.0,300.39473684210526,76.15789473684211,24.86842105263158,44.81578947368421,14.763157894736842,1.1578947368421053,0.2573315970679691,67.85714285714286,0.2505466821605275,67.3469387755102,-0.14529194321693367,52.04081632653062,0.3425193528667103,77.04081632653062,0.5544195585222726,79.59183673469387,0.08642897724944111,69.38775510204081,2.35160302183762,100.0,2.1209296370273063,98.9795918367347,-0.6715882497991679,27.55102040816326,1.7258355211452743,92.3469387755102,-0.026160705147443845,61.73469387755102,0.4035721356481923,64.28571428571429,-0.5694230733663508,29.591836734693878,-1.077051234970211,15.306122448979592,0.33404747338617774,65.3061224489796,-0.4415893426104676,29.591836734693878,-0.8247718086095619,25.510204081632654
3185,15903,13213,2774,2017,931,11196,2394,837,1893,409,53,38,18.709077361994993,2.960551734444652,Italy,83.08495252468087,17.44324970131422,70.40181097906056,34.962406015037594,418.5,347.7105263157895,73.0,53.078947368421055,24.5,294.63157894736844,63.0,22.026315789473685,49.81578947368421,10.763157894736842,1.394736842105263,-0.11385180191856516,60.204081632653065,-0.08131669012509168,60.204081632653065,-0.2934814085425015,41.83673469387755,-0.864148548071379,12.244897959183673,-0.3592023280170735,45.91836734693878,-0.01170126804652308,62.244897959183675,-0.27187130597087644,40.816326530612244,0.8641052111361044,79.08163265306123,1.1331569331625706,90.81632653061224,-0.1486520649180322,53.06122448979592,0.4892842527773517,75.51020408163265,0.2681935732492359,61.224489795918366,-0.20104888910280433,41.83673469387755,0.5947013939970611,72.44897959183673,0.9131186988237333,82.6530612244898,-1.1199537879575412,14.285714285714285,-0.47672274053431557,33.6734693877551
3187,26873,23696,3219,3658,1456,19052,2151,897,1681,605,63,38,18.18630416165656,2.054110569971101,Italy,88.17772485394262,11.978565846760688,70.89643880474826,41.701534170153415,707.1842105263158,623.578947368421,84.71052631578948,96.26315789473684,38.31578947368421,501.36842105263156,56.60526315789474,23.605263157894736,44.23684210526316,15.921052631578947,1.6578947368421053,3.1567360590310605,98.9795918367347,3.04440094839256,98.9795918367347,1.355126393204439,93.87755102040816,4.174380778746445,100.0,1.935780879797074,92.85714285714286,3.5084412298762957,100.0,-1.5468798292858048,7.142857142857142,1.5623410032978828,95.91836734693877,-0.8805587446684227,22.448979591836736,2.2684503486899152,98.9795918367347,1.062000872693792,83.6734693877551,1.7725038032287779,93.87755102040816,-2.1494631373923863,3.061224489795918,0.8103599011932596,77.55102040816327,2.603480068425904,98.9795918367347,-2.1188571218721908,4.081632653061225,-2.1369858399540074,2.0408163265306123
3193,15242,12273,2737,2234,1027,10462,2591,780,1771,379,26,38,19.22093053781263,3.4520413712656306,Italy,80.5209290119407,17.956961028736387,68.63928618291563,30.104206869934387,401.10526315789474,322.9736842105263,72.02631578947368,58.78947368421053,27.026315789473685,275.3157894736842,68.1842105263158,20.526315789473685,46.60526315789474,9.973684210526315,0.6842105263157895,-0.31092186354916695,51.02040816326531,-0.3615966271857227,47.95918367346938,-0.43055666396865144,31.63265306122449,-0.19787136103940584,53.06122448979592,0.06045174426894205,66.3265306122449,-0.34059441894715325,44.89795918367347,0.7617775791856719,74.48979591836735,0.20078120858241436,53.06122448979592,-0.025679447476018927,45.91836734693878,-0.5186167200621064,35.714285714285715,-1.0570506209970356,8.673469387755102,-0.4891712863501831,35.714285714285715,-0.017886880741959536,46.93877551020408,-0.17376217940669295,45.91836734693878,-0.30545319529921117,45.91836734693878,-0.14191619255662613,40.816326530612244,0.4235034845566202,62.244897959183675
3194,13397,10596,2680,1804,795,9432,2389,670,1748,313,23,38,19.63182091176071,3.3582186928673186,Italy,79.09233410465029,20.004478614615213,70.40382175113832,28.045207199665136,352.55263157894734,278.8421052631579,70.52631578947368,47.473684210526315,20.92105263157895,248.21052631578948,62.86842105263158,17.63157894736842,46.0,8.236842105263158,0.6052631578947368,-0.8609888283123449,15.306122448979592,-0.86162796170772,15.306122448979592,-0.6417266520575853,25.510204081632654,-1.5181441279691226,1.0204081632653061,-0.9537122637555953,8.16326530612245,-0.8021202301564843,19.387755102040817,-0.2981060492489607,38.775510204081634,-1.0793177437141808,17.346938775510203,-0.2441486012029673,33.16326530612245,-1.3325389613790681,3.061224489795918,-1.2288656069719677,5.1020408163265305,-0.9111516527580324,20.408163265306122,0.7121484779596337,74.48979591836735,0.5955780937743133,73.46938775510205,-0.8219077607172409,20.408163265306122,0.6432039401212984,78.57142857142857,0.2516552312572371,51.02040816326531
3197,12595,9556,2442,2081,841,8589,2808,783,1751,363,35,38,19.322108041087976,4.093159532274851,Italy,75.87137753076618,19.388646288209607,68.1937276697102,27.884615384615387,331.44736842105266,251.47368421052633,64.26315789473684,54.76315789473684,22.13157894736842,226.02631578947367,73.89473684210526,20.605263157894736,46.078947368421055,9.552631578947368,0.9210526315789473,-1.1000965279004573,7.142857142857142,-1.171724913349269,5.1020408163265305,-1.5234539707447137,3.061224489795918,-0.6676428339237004,24.489795918367346,-0.752628020785213,22.448979591836736,-1.17985446204917,4.081632653061225,1.9003654374545575,98.9795918367347,0.2356929981905027,57.14285714285714,-0.2156526246298864,35.204081632653065,-0.7159312028056121,28.57142857142857,-0.5416056630722399,35.714285714285715,-1.8625623208874091,2.0408163265306123,0.49257557836249205,64.28571428571429,-0.3680263894576426,35.714285714285715,-0.8621886686011965,15.306122448979592,0.05141151680849473,44.89795918367347,1.5977935177212381,96.93877551020408
3204,13683,11143,2501,1834,783,9058,2335,676,1824,334,30,38,19.360610561411505,3.3085796555698397,Italy,81.43681941094789,18.2781553752832,66.19893298253307,28.950749464668096,360.07894736842104,293.2368421052632,65.8157894736842,48.26315789473684,20.605263157894736,238.3684210526316,61.44736842105263,17.789473684210527,48.0,8.789473684210526,0.7894736842105263,-0.7757209952921449,21.428571428571427,-0.6985288919500977,28.57142857142857,-1.3048745093895013,7.142857142857142,-1.4260320744623982,3.061224489795918,-1.0061690227913476,5.1020408163265305,-0.9697033887897752,13.26530612244898,-0.5814412766522792,30.612244897959183,-1.0094941644980024,19.387755102040817,0.4777494719817281,68.87755102040816,-1.0735637027782168,13.26530612244898,-0.8279639730304598,19.897959183673468,-0.218634296339814,46.93877551020408,0.09663385969582344,52.04081632653062,-1.2377599993721513,10.204081632653061,-0.5947724951352868,32.6530612244898,0.12498127113100359,48.97959183673469,0.1607349761476991,47.95918367346938
3219,15672,13096,2648,1913,847,10726,2416,675,1678,419,27,38,19.553227720598176,2.806011660908833,Italy,83.56304236855539,16.89637570188872,68.44053088310362,27.938741721854303,412.42105263157896,344.63157894736844,69.6842105263158,50.3421052631579,22.289473684210527,282.2631578947368,63.578947368421055,17.763157894736842,44.1578947368421,11.026315789473685,0.7105263157894737,-0.18272197474257262,57.14285714285714,-0.1162025971847658,57.14285714285714,-0.7602782243180388,20.408163265306122,-1.183470333561357,4.081632653061225,-0.7263996412673369,26.53061224489796,-0.22230042461777183,51.02040816326531,-0.15643843554730216,44.89795918367347,-1.021131427700699,18.367346938775512,-0.9090547212415035,20.408163265306122,-0.0253305132033408,62.244897959183675,-0.9997789590053918,11.224489795918368,0.40941242154870594,65.3061224489796,-0.39603493419887675,38.775510204081634,-0.26041980162031525,43.87755102040816,-0.8486122730436689,16.3265306122449,0.49302982900691533,71.42857142857143,-0.759782680361897,28.57142857142857
3315,13352,10420,2797,2210,950,9184,2505,858,1838,428,22,38,20.126374792030905,3.6587939562431804,Italy,78.0407429598562,20.948172558418214,68.78370281605753,34.25149700598802,351.36842105263156,274.2105263157895,73.60526315789474,58.1578947368421,25.0,241.68421052631578,65.92105263157895,22.57894736842105,48.36842105263158,11.263157894736842,0.5789473684210527,-0.874405095745593,14.285714285714285,-0.9141059073701362,12.244897959183673,-0.2082724659802997,50.0,-0.2715610038447858,47.44897959183674,-0.276145792877133,51.02040816326531,-0.9132448914962069,14.285714285714285,0.3105399948026092,57.14285714285714,1.108487738392726,86.73469387755102,0.6107306959894364,78.06122448979592,0.08565888333988111,66.83673469387756,-1.2861372689636117,4.081632653061225,-1.2217721192926045,10.204081632653061,1.048619310503446,89.79591836734694,-0.11079630102251233,51.02040816326531,0.7348028842940265,76.53061224489795,1.5881864286698963,95.91836734693877,0.8021973270270502,78.57142857142857
3766,18499,16035,2813,2278,955,13007,2302,808,1695,504,73,38,18.722615839401435,2.674400934586673,France,86.68036110060004,15.206227363641279,70.31190875182443,35.09991311902693,486.8157894736842,421.9736842105263,74.02631578947368,59.94736842105263,25.13157894736842,342.2894736842105,60.578947368421055,21.263157894736842,44.60526315789474,13.263157894736842,1.9210526315789473,0.6601177593417109,78.57142857142857,0.7601194613484189,81.63265306122449,-0.14899667985007298,51.02040816326531,-0.062773682562877,61.224489795918366,-0.2542888099455696,52.04081632653062,0.7997776097205623,78.57142857142857,-0.7545905822876392,23.46938775510204,0.5266245782579111,70.40816326530613,-0.7475775206607144,25.510204081632654,1.0229026763715343,82.6530612244898,1.6347174926102317,91.3265306122449,1.3302103986696279,90.81632653061224,-0.9986515158004342,17.346938775510203,0.5555038820244994,69.38775510204081,0.9476093170876096,83.6734693877551,-1.0940847682590025,15.306122448979592,-1.0008445837314477,20.408163265306122
3767,23908,21337,2775,2803,1583,15922,2187,781,1669,558,90,38,18.11024672171778,2.267136115702164,France,89.2462773966873,11.606993474987453,66.59695499414423,35.711019661636946,629.1578947368421,561.5,73.02631578947368,73.76315789473684,41.6578947368421,419.0,57.55263157894737,20.55263157894737,43.921052631578945,14.68421052631579,2.3684210526315788,2.272753104818148,96.93877551020408,2.3410175744287005,96.93877551020408,-0.28977667190936224,42.857142857142854,1.5491872538047997,91.83673469387756,2.490948246258781,96.93877551020408,2.105940463774154,96.93877551020408,-1.3579896776835934,9.183673469387756,0.212418471785111,55.61224489795919,-0.9945426509607436,17.346938775510203,1.6888390556308668,90.3061224489796,2.608335746468179,97.95918367346938,2.0881343512675303,98.9795918367347,-2.281945989594433,2.0408163265306123,-1.0642217785170092,18.367346938775512,1.1008918884473706,89.79591836734694,-2.264185976286839,2.0408163265306123,-1.7468022663555622,6.122448979591836
3770,13762,10902,2601,2162,936,9974,2698,781,1838,433,30,38,19.028331344444993,3.7110875668203684,France,79.21813689870658,18.899869205057403,72.47493096933584,28.947368421052634,362.1578947368421,286.89473684210526,68.44736842105263,56.89473684210526,24.63157894736842,262.4736842105263,71.0,20.55263157894737,48.36842105263158,11.394736842105264,0.7894736842105263,-0.752167992464887,23.46938775510204,-0.7703878970901108,20.408163265306122,-0.9344008460755817,16.3265306122449,-0.4189402894555449,40.30612244897959,-0.33734534508551023,46.93877551020408,-0.5592590751317688,29.591836734693878,1.323201085336689,91.83673469387756,0.212418471785111,55.61224489795919,0.6107306959894364,78.06122448979592,0.1473196591972268,69.38775510204081,-0.8279639730304598,19.897959183673468,-0.8739918470915752,23.46938775510204,0.31830378910653645,57.14285714285714,1.4985849588162556,93.87755102040816,-0.5956205552084848,31.63265306122449,-0.5099304217475225,26.53061224489796,0.8979797731245343,81.63265306122449
3771,18582,15978,2779,2335,1124,13347,2611,846,1766,561,73,38,19.161489585670612,2.673360752696009,France,85.98643848886019,14.955333118071252,71.82757507265094,32.40137878207584,489.0,420.4736842105263,73.13157894736842,61.44736842105263,29.57894736842105,351.2368421052632,68.71052631578948,22.263157894736842,46.473684210526315,14.763157894736842,1.9210526315789473,0.6848633192741463,79.59183673469387,0.7431237630372955,80.61224489795919,-0.274957725376805,44.89795918367347,0.11223921909989938,68.36734693877551,0.48447721314126985,78.57142857142857,0.9521259357508273,83.6734693877551,0.8667165522980119,80.61224489795919,0.9688405799603711,84.18367346938776,-0.07317274176448708,42.857142857142854,1.7258355211452743,92.3469387755102,1.6347174926102317,91.3265306122449,1.1252385648304153,85.71428571428571,-1.088106996829802,11.224489795918368,1.2163367733050185,88.77551020408163,0.27074161362000343,64.28571428571429,-0.25549463389081345,35.714285714285715,-1.0027498101018288,19.387755102040817
3772,16135,13477,2785,2210,1000,11383,2579,809,1784,414,48,38,18.840281462383583,3.225032716700832,France,83.52649519677719,17.260613572978,70.54849705608925,31.36874757658007,424.60526315789474,354.6578947368421,73.28947368421052,58.1578947368421,26.31578947368421,299.55263157894734,67.86842105263158,21.289473684210527,46.94736842105263,10.894736842105264,1.263157894736842,-0.04468348981826312,62.244897959183675,-0.002599771631468049,63.26530612244898,-0.25272930557797124,47.95918367346938,-0.2715610038447858,47.44897959183674,-0.0575759635615002,62.244897959183675,0.07209031127012168,67.3469387755102,0.6988141953182663,71.42857142857143,0.5382618414606077,71.42857142857143,0.09780311767399315,50.0,-0.0869912890606865,57.14285714285714,0.20292594281913184,68.87755102040816,0.39861706671478403,63.26530612244898,-0.26616717300978976,40.816326530612244,0.6586567534726259,74.48979591836735,0.011728895856103292,55.10204081632652,-0.8692519286874222,21.428571428571427,0.0077080560229418815,44.89795918367347
3774,15264,12539,2836,2345,858,10914,2331,820,1937,394,42,38,19.746216894519492,3.4834005426798305,France,82.14753668763103,18.57966457023061,71.50157232704403,35.17803517803518,401.6842105263158,329.9736842105263,74.63157894736842,61.71052631578947,22.57894736842105,287.2105263157895,61.3421052631579,21.57894736842105,50.973684210526315,10.368421052631579,1.105263157894737,-0.30436279947069017,52.04081632653062,-0.2822833684004804,53.06122448979592,-0.06378773728787117,55.10204081632652,0.14294323693547423,71.42857142857143,-0.678314278817898,29.591836734693878,-0.13806076198927214,54.08163265306123,-0.6024290712747463,29.591836734693878,0.6662717366902661,76.53061224489795,1.5510979229010775,93.87755102040816,-0.33363439249006926,43.36734693877551,-0.14070402913073168,56.12244897959183,-0.008701630825855544,54.08163265306123,0.2041359269812606,55.10204081632652,1.074199065298598,82.6530612244898,0.9672045091691082,85.71428571428571,0.8617892243137836,84.6938775510204,0.4809418238200529,64.28571428571429
3775,21131,18738,2745,2222,842,13496,2191,622,1637,417,42,38,18.574642020357572,2.378534440969146,France,88.67540580190241,12.99039326108561,63.86825043774549,28.3888635326335,556.078947368421,493.10526315789474,72.23684210526316,58.473684210526315,22.157894736842106,355.1578947368421,57.6578947368421,16.36842105263158,43.078947368421055,10.973684210526315,1.105263157894737,1.444820334548585,90.81632653061224,1.5660733654706374,90.81632653061224,-0.40091877090353706,33.6734693877551,-0.23471618244209583,50.0,-0.7482566241989003,23.46938775510204,1.0188903492170307,85.71428571428571,-1.3370018830611263,10.204081632653061,-1.637906377443604,8.16326530612245,-1.2984997344069296,10.204081632653061,-0.049994823546279744,60.204081632653065,-0.14070402913073168,56.12244897959183,1.9195094993169752,97.95918367346938,-1.7886995500829515,5.1020408163265305,-2.2539412416188798,3.061224489795918,-0.7357091640593203,24.489795918367346,-1.3768298307054085,10.204081632653061,-1.5427619645392399,7.142857142857142
3776,17716,15018,2666,2327,860,12007,2603,704,1699,391,38,38,18.280912242259678,3.115789553378448,France,84.77082862948747,15.048543689320388,67.7748927523143,27.04571648098348,466.2105263157895,395.2105263157895,70.15789473684211,61.23684210526316,22.63157894736842,315.9736842105263,68.5,18.526315789473685,44.71052631578947,10.289473684210526,1.0,0.4266747060031916,71.42857142857143,0.4568804230604813,71.42857142857143,-0.6935929649215334,22.448979591836736,0.08767600483143967,66.3265306122449,-0.6695714856452725,32.142857142857146,0.35169429786684275,72.44897959183673,0.8247409630530748,78.57142857142857,-0.6836507948225057,24.489795918367346,-0.7095828852299424,26.53061224489796,-0.37063085800447687,41.83673469387755,-0.3697906770973079,45.91836734693878,0.7661700204520615,77.55102040816327,-1.0548730879804007,15.306122448979592,-0.5506390698535739,27.55102040816326,-1.0726079197360072,13.26530612244898,-1.9380821183552952,5.1020408163265305,-0.19238479063564073,38.775510204081634
3777,14357,11673,2826,2223,814,10185,2649,803,1833,397,30,38,19.88879422419317,3.5860653817657155,France,81.30528661976736,19.683777948039282,70.94100438810337,30.31332578331446,377.8157894736842,307.1842105263158,74.36842105263158,58.5,21.42105263157895,268.0263157894737,69.71052631578948,21.13157894736842,48.23684210526316,10.447368421052632,0.7894736842105263,-0.5747751230697155,32.6530612244898,-0.5404987146712317,34.69387755102041,-0.10083510361926412,54.08163265306123,-0.23164578065853825,51.02040816326531,-0.8706557286156547,14.285714285714285,-0.4647134963306334,38.775510204081634,1.0661006012114576,85.71428571428571,0.46843826224442936,65.3061224489796,0.5632374017009683,73.46938775510205,-0.2966379269756617,45.91836734693878,-0.8279639730304598,19.897959183673468,-0.25748663658949505,44.89795918367347,0.5978037574188766,70.40816326530613,0.8297905653806777,79.59183673469387,-0.2530003372002715,47.95918367346938,1.1342227956205853,90.81632653061224,0.6689856270173083,75.51020408163265
3779,14280,11632,2947,2047,877,10036,2519,806,1835,403,34,38,19.871395563722913,3.4315161102531158,France,81.45658263305322,20.637254901960784,70.28011204481793,31.99682413656213,375.7894736842105,306.10526315789474,77.55263157894737,53.86842105263158,23.07894736842105,264.10526315789474,66.28947368421052,21.210526315789473,48.28947368421053,10.605263157894736,0.8947368421052632,-0.5977318473443849,31.63265306122449,-0.5527236906494081,32.6530612244898,0.3474380289905787,69.38775510204081,-0.7720364945646544,18.367346938775512,-0.5952577436779575,34.69387755102041,-0.5314779097968378,33.6734693877551,0.38399727598124633,61.224489795918366,0.5033500518525178,68.87755102040816,0.5822347194163555,75.51020408163265,-0.22264499594684736,47.95918367346938,-0.5988773250638838,31.63265306122449,-0.21279660808903988,48.97959183673469,0.9377626885999348,85.71428571428571,0.5416404679368584,67.3469387755102,0.16926802105293623,61.224489795918366,1.1009778244970907,89.79591836734694,0.38590883991707786,58.16326530612245
3780,12903,10113,2624,2244,944,8965,2626,928,1995,378,27,38,19.469739743092525,3.8972697293221374,France,78.377121599628,20.33635588622801,69.47996589940324,35.33891850723534,339.55263157894734,266.13157894736844,69.05263157894737,59.05263157894737,24.842105263157894,235.92105263157896,69.10526315789474,24.42105263157895,52.5,9.947368421052632,0.7105263157894737,-1.0082696308017811,9.183673469387756,-1.005644142133555,9.183673469387756,-0.8491919035133799,18.367346938775512,-0.16716734320383098,55.10204081632652,-0.3023741723950091,49.48979591836735,-1.011375136792171,12.244897959183673,0.9454207821322662,82.6530612244898,1.9230961625814693,97.95918367346938,2.1020201366472926,96.93877551020408,-0.530948875233575,33.6734693877551,-0.9997789590053918,11.224489795918368,-1.122412125120498,12.244897959183673,0.830478178616521,78.57142857142857,0.19277549452172774,58.16326530612245,1.0075585369355184,86.73469387755102,0.333502869671208,62.244897959183675,1.2389962519506867,90.81632653061224
3782,16411,13721,2710,2162,915,11400,2494,748,1930,374,38,38,18.84174827786462,2.994186805399423,France,83.60855523734081,16.51331424044848,69.46560233989398,29.991980753809145,431.86842105263156,361.07894736842104,71.3157894736842,56.89473684210526,24.07894736842105,300.0,65.63157894736842,19.68421052631579,50.78947368421053,9.842105263157896,1.0,0.037602950438992484,64.28571428571429,0.07015374394597243,65.3061224489796,-0.5305845530634105,27.55102040816326,-0.4189402894555449,40.30612244897959,-0.4291446733980763,41.83673469387755,0.07970772757163537,68.36734693877551,0.2528235595908235,56.12244897959183,-0.17161121390386735,39.795918367346935,1.4846073108972249,92.85714285714286,-0.5802774959194512,29.591836734693878,-0.3697906770973079,45.91836734693878,0.42285607653328927,66.3265306122449,-0.5326141818380377,31.63265306122449,0.18651296006466453,57.14285714285714,-0.33360263644236404,41.83673469387755,-0.8664491704869293,22.448979591836736,-0.4151157997407532,36.734693877551024
3783,13627,10704,2838,2168,889,9566,2741,790,1833,412,20,38,19.620886930093008,3.7920040776025807,France,78.54993762383504,20.82630072649886,70.19886989065826,28.82159795695002,358.60526315789474,281.6842105263158,74.6842105263158,57.05263157894737,23.394736842105264,251.73684210526315,72.13157894736842,20.789473684210527,48.23684210526316,10.842105263157896,0.5263157894736842,-0.7924167947646313,20.408163265306122,-0.8294255859603288,17.346938775510203,-0.05637826402159257,56.12244897959183,-0.40051787875419953,42.857142857142854,-0.5428009846422052,36.734693877551024,-0.7420770663680861,22.448979591836736,1.5488198775282205,97.95918367346938,0.3171538406093777,62.244897959183675,0.5632374017009683,73.46938775510205,-0.11165559940362461,55.10204081632652,-1.4006805929468997,3.061224489795918,-1.0713654856260668,14.285714285714285,1.005166327659991,88.77551020408163,0.5062187613979716,66.3265306122449,-0.6271672967249834,29.591836734693878,0.6223115326035489,75.51020408163265,1.046188727274942,86.73469387755102
3785,15428,12687,2470,2135,911,11319,2391,786,1837,383,37,38,18.89089687917571,3.119702833056288,France,82.23360124449054,16.00985221674877,73.36660617059891,32.8732747804266,406.0,333.86842105263156,65.0,56.18421052631579,23.973684210526315,297.86842105263156,62.921052631578945,20.68421052631579,48.3421052631579,10.078947368421053,0.9736842105263158,-0.2554679581584076,54.08163265306123,-0.23815418682072154,55.10204081632652,-1.4197213450168154,4.081632653061225,-0.5018411376115968,34.69387755102041,-0.4466302597433269,40.816326530612244,0.04341297931148379,65.3061224489796,-0.2876121519377278,39.795918367346935,0.27060478779859265,59.693877551020414,0.6012320371317428,76.53061224489795,-0.4692880993762293,36.734693877551024,-0.4270623390889518,40.816326530612244,0.01672023862990849,55.10204081632652,-0.7121218361796207,27.55102040816326,1.8873567440285104,98.9795918367347,0.38910629636853405,69.38775510204081,-0.7725371228243757,23.46938775510204,-0.18521711765092957,39.795918367346935
3787,15112,12249,3112,2336,976,10917,2379,617,1878,426,35,38,19.656243079687766,3.7224667627528567,France,81.05479089465325,20.592906299629433,72.24060349391212,25.935266918873477,397.6842105263158,322.3421052631579,81.89473684210526,61.473684210526315,25.68421052631579,287.2894736842105,62.60526315789474,16.236842105263158,49.421052631578945,11.210526315789474,0.9210526315789473,-0.3496799694674398,46.93877551020408,-0.36875271068514265,46.93877551020408,0.9587195734585445,84.18367346938776,0.11530962088345695,69.38775510204081,-0.1624894816330035,57.6530612244898,-0.1367165120537112,55.10204081632652,-0.3505755358051307,36.734693877551024,-1.6960926934570857,5.1020408163265305,0.9906770502971688,87.75510204081633,0.060994572996943004,65.3061224489796,-0.5416056630722399,35.714285714285715,-0.3314784150340496,39.795918367346935,0.9219503468480639,83.6734693877551,1.3964178122860857,90.81632653061224,-1.351139652547391,6.122448979591836,0.689869272139021,80.61224489795919,0.9188222280440981,82.6530612244898
3789,13232,10390,2383,1925,724,8828,2576,722,1833,325,31,38,19.252677281639116,3.903112884288085,France,78.5217654171705,18.009371221281743,66.71704957678357,28.027950310559007,348.2105263157895,273.42105263157896,62.71052631578947,50.6578947368421,19.05263157894737,232.31578947368422,67.78947368421052,19.0,48.23684210526316,8.552631578947368,0.8157894736842105,-0.9101818089009214,12.244897959183673,-0.9230510117444116,11.224489795918368,-1.7420334320999251,2.0408163265306123,-1.1466255121586677,6.122448979591836,-1.264081421383794,3.061224489795918,-1.0727625505161307,10.204081632653061,0.6830733493514148,70.40816326530613,-0.4741800571739723,31.122448979591837,0.5632374017009683,73.46938775510205,-1.1845530993214388,7.142857142857142,-0.7706923110388159,24.489795918367346,-1.0796870315241736,13.26530612244898,0.0007997932960785804,47.95918367346938,-1.0118603522702319,19.387755102040817,-0.8262362699892252,19.387755102040817,-0.08125522480104774,43.87755102040816,1.2496987387246499,91.83673469387756
3795,13687,11002,2472,2065,836,9998,2468,764,1851,326,27,38,19.355103439705193,3.8377089898777355,France,80.38284503543508,18.060933732739095,73.0474172572514,30.956239870340358,360.1842105263158,289.5263157894737,65.05263157894737,54.3421052631579,22.0,263.10526315789474,64.94736842105263,20.105263157894736,48.71052631578947,8.578947368421053,0.7105263157894737,-0.7745284381869671,22.448979591836736,-0.7405708825091923,23.46938775510204,-1.4123118717505367,5.1020408163265305,-0.7167692624606199,21.93877551020408,-0.7744850037167763,21.428571428571427,-0.5485050756472791,31.63265306122449,0.11640289454478064,53.06122448979592,0.014584997339272716,47.95918367346938,0.7342132611394484,83.6734693877551,-1.1722209441499691,8.673469387755102,-0.9997789590053918,11.224489795918368,-0.5299587249050416,33.6734693877551,0.019184229555348136,48.97959183673469,1.74818987756604,97.95918367346938,-0.09173954623925633,52.04081632653062,0.11445838619897607,47.95918367346938,1.1299031284812517,89.79591836734694
3799,14406,11733,2567,2055,845,10484,2583,759,1883,408,36,38,18.79447807749738,3.4843803506022804,France,81.44523115368597,17.818964320422044,72.77523254199639,29.38443670150987,379.10526315789474,308.7631578947368,67.55263157894737,54.078947368421055,22.236842105263158,275.89473684210526,67.97368421052632,19.973684210526315,49.55263157894737,10.736842105263158,0.9473684210526315,-0.5601662985312897,34.69387755102041,-0.5226085059226809,37.755102040816325,-1.0603618916023136,15.306122448979592,-0.7474732802961948,20.408163265306122,-0.7351424344399624,25.510204081632654,-0.33073658608637163,46.93877551020408,0.7198019899407349,72.44897959183673,-0.043601318674208946,43.87755102040816,1.038170344585637,88.77551020408163,-0.16098422008950167,52.04081632653062,-0.484334001080596,38.775510204081634,-0.21614962397774154,47.95918367346938,-0.06708913284894724,44.89795918367347,1.6295169151383684,96.93877551020408,-0.4859916358352099,35.714285714285715,-0.9567720116560667,18.367346938775512,0.48273646753430594,65.3061224489796
3804,14825,12115,3017,2128,883,10093,2707,700,1794,394,47,38,19.698027552508275,3.3978005648322283,France,81.72006745362563,20.350758853288365,68.08094435075886,25.858884373845587,390.13157894736844,318.8157894736842,79.39473684210526,56.0,23.236842105263158,265.60526315789474,71.23684210526316,18.42105263157895,47.21052631578947,10.368421052631579,1.236842105263158,-0.4352459417639338,39.795918367346935,-0.4087075102235732,43.87755102040816,0.6067695933103214,76.53061224489795,-0.5233339500964989,30.612244897959183,-0.5690293641600813,35.714285714285715,-0.5059371610211758,36.734693877551024,1.3704236232372433,95.91836734693877,-0.7301998476332907,22.448979591836736,0.1927897062509269,56.12244897959183,-0.33363439249006926,43.36734693877551,0.1456542808274882,66.83673469387756,-0.13496809241909521,51.02040816326531,0.8356135070243408,79.59183673469387,-0.4172000932780105,33.6734693877551,-1.3702985259884652,5.1020408163265305,0.7697101078575554,83.6734693877551,0.32415449983079264,56.12244897959183
10531,14842,12235,2896,2114,792,10435,2222,625,1685,304,26,38,19.685837330663443,3.219707147194382,England,82.43498180838162,19.51219512195122,70.30723622153349,28.127812781278127,390.57894736842104,321.9736842105263,76.21052631578948,55.63157894736842,20.842105263157894,274.60526315789474,58.473684210526315,16.44736842105263,44.3421052631579,8.0,0.6842105263157895,-0.4301775740669292,40.816326530612244,-0.3729270927264716,45.91836734693878,0.1584964607004806,63.26530612244898,-0.566319575066304,29.591836734693878,-0.9668264535145336,7.142857142857142,-0.35269266836720375,43.87755102040816,-1.1743464747369992,15.306122448979592,-1.6029945878355156,9.183673469387756,-0.8425641092376481,24.489795918367346,-1.4435283579222902,2.0408163265306123,-1.0570506209970356,8.673469387755102,0.07620431189974418,57.14285714285714,0.5366264904424527,66.3265306122449,0.5534666514947096,68.36734693877551,-0.8011879760717862,22.448979591836736,0.7464173047182984,82.6530612244898,-0.002046406684065629,43.87755102040816
19830,15899,13185,2841,2360,1049,11067,2428,865,1887,428,74,38,19.462387204706303,3.2196896652365696,France,82.92974400905717,17.869048367821875,69.60815145606641,35.626029654036245,418.39473684210526,346.9736842105263,74.76315789473684,62.10526315789474,27.605263157894736,291.2368421052632,63.89473684210526,22.763157894736842,49.6578947368421,11.263157894736842,1.9473684210526316,-0.11504435902374281,59.183673469387756,-0.089665454207749,58.16326530612245,-0.04526405412217668,57.14285714285714,0.18899926368883693,73.46938775510205,0.15662246916782038,69.38775510204081,-0.06950401527565282,60.204081632653065,-0.09347505167989931,46.93877551020408,1.189948580811601,90.3061224489796,1.0761649800164088,89.79591836734694,0.08565888333988111,66.83673469387756,1.691989154601876,92.85714285714286,0.22234786432344247,60.204081632653065,-0.049231837868464697,45.91836734693878,0.24866459812332514,59.183673469387756,1.0795740232363698,88.77551020408163,0.31945380383926064,60.204081632653065,-0.0020784271290754633,42.857142857142854
