matchId,teamId,passes_total,passes_accurate,long_balls,final_third_entries,box_entries,wide_actions,defensive_duels,high_press_actions,set_pieces,shots_total,goals,avg_pass_distance_m,avg_forward_progress,league_code,pass_accuracy_pct,long_ball_pct,wide_action_pct,high_press_pct
2499719,1609,606,513,95,108,36,409,58,18,43,27,4,20.6764198238196,0.9144329896907216,England,84.65346534653465,15.676567656765677,67.49174917491749,31.03448275862069
2499719,1631,230,166,62,50,19,169,80,24,62,7,3,19.53348973433563,4.126182965299685,England,72.17391304347827,26.956521739130434,73.47826086956522,30.0
2499720,1625,754,682,90,112,51,502,41,20,39,12,1,17.340299534775593,2.9699321047526674,England,90.45092838196287,11.936339522546419,66.57824933687002,48.78048780487805
2499720,1651,184,124,46,29,7,127,53,2,37,6,0,21.19084850303749,4.83297180043384,England,67.3913043478261,25.0,69.02173913043478,3.7735849056603774
2499721,1610,516,454,92,68,37,352,44,14,36,15,2,20.29855095411614,1.5011792452830188,England,87.98449612403101,17.829457364341085,68.21705426356588,31.818181818181817
2499721,1646,296,245,56,40,18,193,60,15,39,9,3,20.368538789077274,4.179321486268175,England,82.77027027027027,18.91891891891892,65.2027027027027,25.0
2499722,1628,370,291,84,61,30,232,53,9,53,11,0,20.282432143762904,2.95,England,78.64864864864865,22.702702702702705,62.70270270270271,16.9811320754717
2499722,1673,273,194,59,47,13,194,107,23,53,8,2,18.49770350610318,4.091190108191654,England,71.06227106227107,21.611721611721613,71.06227106227107,21.49532710280374
2499723,1623,482,406,90,56,30,342,79,16,52,8,1,19.06698275135392,3.3147502903600463,England,84.23236514522821,18.672199170124482,70.95435684647303,20.253164556962027
2499723,1639,267,205,62,56,31,183,49,12,56,10,0,18.196784628914607,4.822900763358779,England,76.77902621722846,23.220973782771537,68.53932584269663,24.489795918367346
2499724,1611,463,404,82,58,35,337,58,19,43,21,4,20.592174146626107,1.3956043956043955,England,87.25701943844493,17.71058315334773,72.78617710583153,32.758620689655174
2499724,1633,362,306,76,53,20,244,80,17,41,7,0,19.622979105711952,3.307913669064748,England,84.5303867403315,20.994475138121548,67.40331491712708,21.25
2499725,1613,228,160,58,40,19,159,64,16,47,5,0,19.96899228168601,4.072727272727272,England,70.17543859649122,25.438596491228072,69.73684210526315,25.0
2499725,1624,692,630,80,91,34,501,65,24,44,17,2,17.895974355587335,2.8412098298676747,England,91.04046242774567,11.560693641618498,72.39884393063583,36.92307692307693
2499726,1619,507,427,77,65,53,354,49,17,49,25,0,21.237689079381315,0.49387254901960786,England,84.22090729783037,15.187376725838265,69.8224852071006,34.69387755102041
2499726,10531,330,278,68,45,8,224,60,20,38,4,0,20.443096876604805,3.1640625,England,84.24242424242424,20.606060606060606,67.87878787878789,33.33333333333333
2499727,1612,447,360,77,63,32,280,70,14,45,12,2,18.746790633607638,4.423809523809524,England,80.53691275167785,17.225950782997764,62.639821029082775,20.0
2499727,1644,377,290,91,77,20,260,71,25,50,8,3,20.51737061834996,3.452755905511811,England,76.92307692307693,24.137931034482758,68.96551724137932,35.2112676056338
2499728,1627,235,166,72,51,23,168,61,12,48,16,1,22.97737240492281,3.5992779783393503,England,70.63829787234043,30.638297872340424,71.48936170212767,19.672131147540984
2499728,1659,596,534,78,69,36,437,35,4,35,8,0,19.582245649271332,2.6975169300225734,England,89.59731543624162,13.087248322147651,73.3221476510067,11.428571428571429
2499729,1644,347,270,103,66,34,271,74,24,44,17,2,25.484360924870263,4.100139082058415,England,77.80979827089337,29.68299711815562,78.09798270893373,32.432432432432435
2499729,1659,418,332,88,56,32,272,57,22,53,7,0,23.39623590196008,0.9654696132596685,England,79.42583732057416,21.052631578947366,65.07177033492823,38.59649122807017
2499730,1627,188,131,62,47,10,135,38,22,62,6,1,22.42916043479705,7.160469667318982,England,69.68085106382979,32.97872340425532,71.80851063829788,57.89473684210527
2499730,1646,468,393,110,86,30,351,54,21,44,17,0,23.300286707213573,2.721105527638191,England,83.97435897435898,23.504273504273502,75.0,38.88888888888889
2499731,1613,375,287,78,68,25,258,55,24,54,11,0,20.611338330747156,3.6905405405405407,England,76.53333333333333,20.8,68.8,43.63636363636363
2499731,1673,420,341,89,47,21,321,77,23,44,6,1,20.871466164778827,2.5789473684210527,England,81.19047619047619,21.19047619047619,76.42857142857142,29.87012987012987
2499732,1631,413,339,95,67,20,290,49,12,37,13,2,23.38482306430272,3.3693430656934305,England,82.08232445520581,23.002421307506054,70.2179176755448,24.489795918367346
2499732,1651,511,436,122,83,23,385,54,18,36,5,0,22.803380918108154,4.560664112388251,England,85.32289628180038,23.874755381604697,75.34246575342466,33.33333333333333
2499733,1612,688,589,111,112,42,505,59,20,48,22,1,21.13788966107625,1.5545893719806763,England,85.61046511627907,16.13372093023256,73.40116279069767,33.89830508474576
2499733,1628,250,182,82,59,19,131,62,20,45,3,0,22.68019915213167,5.2184300341296925,England,72.8,32.800000000000004,52.400000000000006,32.25806451612903
2499734,1623,276,200,70,54,11,189,70,15,52,7,1,23.26213431678619,4.100826446280991,England,72.46376811594203,25.36231884057971,68.47826086956522,21.428571428571427
2499734,1625,521,452,101,66,43,370,34,11,49,18,1,21.97541239800993,1.5180023228803716,England,86.75623800383877,19.385796545105567,71.0172744721689,32.35294117647059
2499735,1609,713,627,105,107,54,486,50,21,42,18,0,19.78478181741832,3.6461684011352884,England,87.9382889200561,14.726507713884992,68.16269284712483,42.0
2499735,1639,181,128,52,38,13,115,73,14,38,9,1,26.06037840129496,4.998076923076923,England,70.71823204419888,28.7292817679558,63.53591160220995,19.17808219178082
2499736,1611,571,506,63,76,26,386,69,28,39,16,4,18.47983019340817,2.6456776947705443,England,88.61646234676007,11.033274956217163,67.60070052539405,40.57971014492754
2499736,10531,398,329,72,47,16,259,82,19,41,7,0,20.00358380842176,2.1543810848400557,England,82.66331658291458,18.090452261306535,65.07537688442211,23.170731707317074
2499737,1610,249,190,60,35,18,169,92,22,28,7,1,22.843249755096533,3.650943396226415,England,76.30522088353415,24.096385542168676,67.8714859437751,23.91304347826087
2499737,1624,569,486,91,91,32,376,52,18,51,17,0,21.698640358930934,0.24408602150537634,England,85.41300527240774,15.992970123022848,66.08084358523726,34.61538461538461
2499738,1619,385,301,59,61,20,279,74,26,49,8,0,16.80848010809683,4.310391363022942,England,78.18181818181819,15.324675324675324,72.46753246753246,35.13513513513514
2499738,1633,352,265,74,52,23,273,65,17,62,11,3,18.148606493993846,3.297260273972603,England,75.2840909090909,21.022727272727273,77.55681818181817,26.153846153846157
2499739,1625,606,524,93,85,48,399,59,29,49,17,2,18.510937029291327,3.9060665362035225,England,86.46864686468648,15.346534653465346,65.84158415841584,49.152542372881356
2499739,1659,223,162,53,31,16,144,70,14,48,9,1,20.84026643924621,4.477891156462585,England,72.6457399103139,23.766816143497756,64.57399103139014,20.0
2499740,1610,563,493,92,68,39,367,45,15,44,18,2,20.876711202345543,2.1050279329608936,England,87.56660746003553,16.341030195381883,65.18650088809946,33.33333333333333
2499740,1623,419,348,81,57,16,247,66,12,39,7,0,20.778754235493352,4.209103840682788,England,83.05489260143199,19.331742243436754,58.94988066825776,18.181818181818183
2499741,1628,480,416,89,73,28,346,51,17,38,15,0,24.011993023045672,2.6131025957972804,England,86.66666666666667,18.541666666666668,72.08333333333333,33.33333333333333
2499741,10531,438,369,106,62,8,308,54,19,46,6,2,22.609560614241605,4.088741721854305,England,84.24657534246576,24.200913242009133,70.31963470319634,35.18518518518518
2499742,1619,486,378,110,89,18,328,74,19,49,6,0,23.43764706077418,4.138461538461539,England,77.77777777777779,22.633744855967077,67.48971193415639,25.675675675675674
2499742,1673,361,263,83,78,27,257,56,28,53,16,0,23.88483423250508,2.6589928057553958,England,72.85318559556787,22.99168975069252,71.19113573407202,50.0
2499743,1609,510,432,90,67,30,320,73,27,35,8,0,22.15112699670392,2.7036144578313253,England,84.70588235294117,17.647058823529413,62.745098039215684,36.986301369863014
2499743,1612,476,401,89,59,36,307,47,14,42,19,4,23.600572583463553,1.0627400768245838,England,84.24369747899159,18.69747899159664,64.49579831932773,29.78723404255319
2499744,1611,655,587,115,75,53,465,43,10,41,18,2,21.168269409333924,0.25,England,89.61832061068702,17.557251908396946,70.99236641221374,23.25581395348837
2499744,1631,259,194,67,54,14,158,97,19,37,10,0,22.465922048018136,4.004424778761062,England,74.9034749034749,25.868725868725868,61.003861003861005,19.587628865979383
2499745,1613,250,176,69,45,30,178,81,31,44,16,3,20.767317557896,2.7108239095315025,England,70.39999999999999,27.6,71.2,38.2716049382716
2499745,1633,444,361,96,55,10,293,70,24,64,7,0,20.32865045247892,2.404358353510896,England,81.30630630630631,21.62162162162162,65.990990990991,34.285714285714285
2499746,1624,573,497,95,81,39,392,40,28,47,29,1,23.31198381249557,0.5815450643776824,England,86.73647469458989,16.57940663176265,68.41186736474695,70.0
2499746,1646,276,207,85,67,20,196,52,15,37,13,1,25.09355892011383,6.47719298245614,England,75.0,30.79710144927536,71.01449275362319,28.846153846153843
2499747,1644,283,230,66,48,10,208,48,9,63,8,0,22.92245170101363,3.7955271565495208,England,81.2720848056537,23.32155477031802,73.4982332155477,18.75
2499747,1651,432,370,107,62,29,301,63,27,38,14,0,22.264698202234534,4.745454545454545,England,85.64814814814815,24.76851851851852,69.67592592592592,42.857142857142854
2499748,1627,307,242,76,55,24,204,66,15,49,10,1,22.635119034869497,3.4462444771723124,England,78.82736156351791,24.7557003257329,66.44951140065146,22.727272727272727
2499748,1639,425,382,64,68,33,279,63,15,39,15,1,18.560416076859042,4.639097744360902,England,89.88235294117646,15.058823529411763,65.64705882352942,23.809523809523807
2499749,1609,573,467,94,81,32,416,71,20,50,15,3,20.97262107256874,1.8075268817204302,England,81.50087260034904,16.404886561954623,72.6003490401396,28.169014084507044
2499749,1659,386,297,72,42,21,268,46,18,50,5,0,20.233536818557294,4.073136427566808,England,76.94300518134715,18.65284974093264,69.43005181347151,39.130434782608695
2499750,1627,464,387,96,74,31,332,38,16,46,13,1,20.556112075716477,4.770833333333333,England,83.40517241379311,20.689655172413794,71.55172413793103,42.10526315789473
2499750,1651,431,362,84,60,15,302,68,16,35,12,3,21.175204627291155,3.7753424657534245,England,83.9907192575406,19.489559164733176,70.06960556844548,23.52941176470588
2499751,1628,451,354,80,58,39,294,43,25,62,21,0,19.170514857876856,4.276029055690072,England,78.49223946784922,17.738359201773836,65.18847006651885,58.139534883720934
2499751,1646,235,150,70,51,16,169,80,15,51,4,1,21.766118054558184,5.293333333333333,England,63.829787234042556,29.78723404255319,71.91489361702128,18.75
2499752,1623,446,363,109,68,23,313,75,14,46,9,0,24.75694189383238,2.386392811296534,England,81.39013452914799,24.43946188340807,70.17937219730942,18.666666666666668
2499752,1624,455,387,101,69,39,309,56,31,50,15,3,22.80907571044354,3.797846889952153,England,85.05494505494505,22.197802197802197,67.91208791208791,55.35714285714286
2499753,1610,496,419,91,73,41,341,61,16,37,15,2,20.964634169845027,3.6698679471788718,England,84.4758064516129,18.346774193548388,68.75,26.229508196721312
2499753,1631,333,257,73,43,20,223,66,20,42,8,0,20.742586952932427,2.6631259484066767,England,77.17717717717719,21.92192192192192,66.96696696696696,30.303030303030305
2499754,1612,357,278,66,55,16,229,43,7,34,4,0,21.707294644422735,3.773026315789474,England,77.87114845938376,18.487394957983195,64.14565826330532,16.27906976744186
2499754,1625,717,648,78,74,31,493,53,19,40,13,5,20.824071900389765,1.5248780487804878,England,90.3765690376569,10.87866108786611,68.75871687587168,35.84905660377358
2499755,1619,393,307,94,55,34,285,81,9,57,9,0,23.453171777446798,3.771804062126643,England,78.11704834605598,23.918575063613233,72.51908396946564,11.11111111111111
2499755,1644,357,290,70,63,16,229,80,14,43,13,2,20.449512253149148,6.029525032092426,England,81.23249299719888,19.607843137254903,64.14565826330532,17.5
2499756,1611,558,478,84,76,35,383,50,20,51,17,2,20.596463431484214,3.0706836616454227,England,85.66308243727599,15.053763440860216,68.63799283154121,40.0
2499756,1639,308,245,63,44,17,214,69,6,32,9,2,22.828244055360887,3.0496688741721854,England,79.54545454545455,20.454545454545457,69.48051948051948,8.695652173913043
2499757,1613,326,255,61,53,28,228,80,38,39,15,1,21.75110748041877,4.075070821529745,England,78.22085889570552,18.711656441717793,69.93865030674846,47.5
2499757,10531,515,426,116,73,29,355,43,17,43,8,0,21.398745649505624,2.2,England,82.71844660194175,22.52427184466019,68.93203883495146,39.53488372093023
2499758,1633,288,219,84,65,24,200,56,21,53,13,2,25.632992078191158,1.6153846153846154,England,76.04166666666666,29.166666666666668,69.44444444444444,37.5
2499758,1673,405,333,74,45,14,278,62,23,39,10,0,22.17006411396248,3.723700887198986,England,82.22222222222221,18.271604938271604,68.64197530864197,37.096774193548384
2499759,1651,364,294,82,58,15,269,54,3,44,8,1,20.168746621355517,3.498452012383901,England,80.76923076923077,22.52747252747253,73.9010989010989,5.555555555555555
2499759,1659,621,555,86,71,36,477,41,17,40,13,2,19.261971852059325,2.1587473002159827,England,89.3719806763285,13.848631239935589,76.81159420289855,41.46341463414634
2499760,1609,493,411,80,78,22,376,95,38,37,10,0,20.946572006769024,3.0645905420991926,England,83.36713995943205,16.227180527383368,76.26774847870182,40.0
2499760,1610,496,405,111,84,19,325,45,15,54,13,0,22.769045072594853,1.602189781021898,England,81.65322580645162,22.379032258064516,65.5241935483871,33.33333333333333
2499761,1619,476,398,91,68,33,339,84,29,46,12,1,21.009915588926305,4.552391799544419,England,83.61344537815127,19.11764705882353,71.21848739495799,34.523809523809526
2499761,1628,386,317,80,65,27,250,76,18,43,10,0,21.62950211774695,2.923076923076923,England,82.12435233160622,20.72538860103627,64.76683937823834,23.684210526315788
2499762,1631,323,249,68,68,23,230,54,23,50,7,0,22.8455711459284,4.222060957910014,England,77.08978328173374,21.052631578947366,71.20743034055728,42.592592592592595
2499762,1673,505,414,139,72,34,407,47,15,52,12,1,23.423120793211826,1.4734299516908214,England,81.98019801980197,27.524752475247528,80.5940594059406,31.914893617021278
2499763,1612,650,556,102,75,68,438,29,10,57,35,1,22.728344328578377,0.3038461538461538,England,85.53846153846155,15.692307692307692,67.38461538461539,34.48275862068966
2499763,1646,245,181,57,46,10,150,79,11,37,6,1,22.06791450034777,4.596187175043328,England,73.87755102040816,23.26530612244898,61.224489795918366,13.924050632911392
2499764,1611,468,399,71,73,32,299,61,29,43,12,3,20.294337599322127,2.5,England,85.25641025641025,15.17094017094017,63.888888888888886,47.540983606557376
2499764,1623,469,399,75,72,14,292,72,22,37,6,0,19.11993740363854,3.5162907268170427,England,85.07462686567165,15.991471215351813,62.26012793176972,30.555555555555557
2499765,1613,266,191,69,41,24,186,55,16,47,14,2,24.815587088413736,3.2079866888519133,England,71.80451127819549,25.93984962406015,69.92481203007519,29.09090909090909
2499765,1639,383,296,98,81,23,265,48,22,64,11,1,23.823182550356616,4.307901907356948,England,77.28459530026109,25.587467362924283,69.19060052219321,45.83333333333333
2499766,1624,753,672,110,118,48,510,48,17,49,23,0,21.564758596888133,0.30111524163568776,England,89.2430278884462,14.608233731739709,67.72908366533864,35.41666666666667
2499766,10531,220,156,71,46,10,176,65,20,32,3,0,24.48735733044887,2.816635160680529,England,70.9090909090909,32.27272727272727,80.0,30.76923076923077
2499767,1625,631,573,107,72,42,473,67,36,38,25,5,20.334221484718103,3.0516528925619837,England,90.80824088748018,16.957210776545168,74.96038034865293,53.73134328358209
2499767,1644,298,237,49,33,13,181,63,12,39,7,0,21.095803964715195,2.645378151260504,England,79.53020134228188,16.44295302013423,60.738255033557046,19.047619047619047
2499768,1627,275,220,62,43,15,161,56,11,35,7,0,21.279852935358168,4.216931216931217,England,80.0,22.545454545454547,58.54545454545455,19.642857142857142
2499768,1633,470,401,125,74,24,355,40,13,44,8,0,21.858905202360045,4.97843665768194,England,85.31914893617021,26.595744680851062,75.53191489361703,32.5
2499769,1609,585,522,90,90,35,410,51,19,42,12,1,18.93617007150672,2.4223946784922394,England,89.23076923076924,15.384615384615385,70.08547008547008,37.254901960784316
2499769,1627,252,200,59,49,17,168,68,23,34,6,0,18.7322129108837,3.898132427843803,England,79.36507936507937,23.41269841269841,66.66666666666666,33.82352941176471
2499770,1613,444,377,51,57,32,298,41,10,52,12,0,17.53941923006228,3.946753246753247,England,84.90990990990991,11.486486486486488,67.11711711711712,24.390243902439025
2499770,1651,424,343,80,54,26,305,45,8,46,6,1,20.43481034303115,3.4099037138927097,England,80.89622641509435,18.867924528301888,71.93396226415094,17.77777777777778
2499771,1646,428,345,88,79,17,297,50,18,57,5,0,19.2862723925518,4.30718954248366,England,80.60747663551402,20.5607476635514,69.39252336448598,36.0
2499771,1673,411,326,70,60,21,272,69,16,54,8,0,18.307984020372913,5.079530638852673,England,79.31873479318735,17.0316301703163,66.18004866180048,23.18840579710145
2499772,1623,414,339,99,67,30,276,90,28,36,15,2,20.579824453020944,1.9652509652509653,England,81.88405797101449,23.91304347826087,66.66666666666666,31.11111111111111
2499772,1659,397,321,68,54,31,273,64,20,36,8,1,18.705464329918748,4.232283464566929,England,80.85642317380352,17.12846347607053,68.76574307304786,31.25
2499773,1612,440,353,64,62,36,311,81,31,50,22,2,18.043585188359454,4.233519553072625,England,80.22727272727272,14.545454545454545,70.68181818181817,38.2716049382716
2499773,1631,332,249,66,56,29,234,74,21,62,9,2,19.448866077609207,3.962962962962963,England,75.0,19.879518072289155,70.48192771084338,28.37837837837838
2499774,1625,715,644,93,105,63,485,44,13,33,23,5,20.37564868837342,0.5414141414141415,England,90.06993006993007,13.006993006993007,67.83216783216784,29.545454545454547
2499774,1628,260,200,51,35,13,164,59,15,34,6,0,21.528004507451644,2.9459962756052143,England,76.92307692307693,19.615384615384617,63.07692307692307,25.423728813559322
2499775,1611,348,283,63,53,20,258,50,17,41,7,1,17.721895027653115,4.674220963172805,England,81.32183908045977,18.103448275862068,74.13793103448276,34.0
2499775,1619,542,457,93,83,42,362,56,16,38,13,0,19.73517916656662,2.2712264150943398,England,84.31734317343174,17.15867158671587,66.78966789667896,28.57142857142857
2499776,1610,515,442,77,60,22,321,81,19,26,5,4,18.28216293931446,3.7719298245614037,England,85.8252427184466,14.951456310679612,62.33009708737865,23.456790123456788
2499776,1639,399,322,91,70,31,285,72,25,45,11,0,20.991913440332368,2.5647226173541964,England,80.7017543859649,22.807017543859647,71.42857142857143,34.72222222222222
2499777,1644,402,346,56,46,19,274,49,15,38,8,2,18.17650149706028,3.464673913043478,England,86.06965174129353,13.930348258706468,68.1592039800995,30.612244897959183
2499777,10531,415,336,83,55,31,304,72,21,48,8,1,19.698525506001907,2.529335071707953,England,80.96385542168674,20.0,73.25301204819277,29.166666666666668
2499778,1624,383,300,74,60,34,277,85,27,50,13,3,18.571278175245272,5.149625935162095,England,78.3289817232376,19.321148825065272,72.32375979112271,31.76470588235294
2499778,1633,350,266,103,70,33,254,58,18,55,10,2,21.08554873821979,3.8378378378378377,England,76.0,29.428571428571427,72.57142857142857,31.03448275862069
2499779,1631,314,230,83,64,21,212,70,12,41,7,0,19.551117013670947,5.601526717557252,England,73.24840764331209,26.43312101910828,67.51592356687898,17.142857142857142
2499779,1659,514,432,66,65,54,397,54,20,41,19,0,18.37505799134718,2.544491525423729,England,84.04669260700389,12.840466926070038,77.23735408560312,37.03703703703704
2499780,1609,675,604,66,92,58,449,54,22,37,22,2,18.366207799541623,1.5558943089430894,England,89.48148148148148,9.777777777777779,66.51851851851852,40.74074074074074
2499780,1651,344,278,54,41,23,227,50,5,52,9,0,18.789952838843384,2.3153961136023917,England,80.81395348837209,15.69767441860465,65.98837209302324,10.0
2499781,1610,390,315,65,53,17,268,49,7,45,4,0,19.52401795823111,3.793103448275862,England,80.76923076923077,16.666666666666664,68.71794871794872,14.285714285714285
2499781,1625,635,573,84,74,40,453,63,23,39,14,0,17.732393759964225,3.5688442211055276,England,90.23622047244095,13.228346456692913,71.33858267716535,36.507936507936506
2499782,1623,501,410,97,89,55,327,46,20,37,24,0,21.703518108309186,2.319290465631929,England,81.83632734530939,19.36127744510978,65.26946107784431,43.47826086956522
2499782,1646,281,205,82,59,27,197,57,15,52,4,1,22.478014205856514,5.064,England,72.95373665480427,29.181494661921707,70.1067615658363,26.31578947368421
2499783,1624,540,445,95,73,29,364,60,12,53,13,4,18.679519317609547,3.357615894039735,England,82.4074074074074,17.59259259259259,67.4074074074074,20.0
2499783,1673,366,279,87,53,18,278,76,19,47,6,0,20.252075881788816,2.9137426900584797,England,76.22950819672131,23.770491803278688,75.95628415300546,25.0
2499784,1611,550,479,96,54,35,361,72,19,44,16,4,19.581972671403665,1.6297918948521357,England,87.09090909090908,17.454545454545457,65.63636363636364,26.38888888888889
2499784,1628,366,303,60,43,24,249,61,13,35,7,0,18.706517853178266,3.34149855907781,England,82.78688524590164,16.39344262295082,68.0327868852459,21.311475409836063
2499785,1612,599,525,71,91,35,401,40,16,45,16,1,18.464185128747314,4.0746113989637305,England,87.64607679465777,11.853088480801336,66.9449081803005,40.0
2499785,1613,274,205,66,33,13,196,73,14,45,8,1,20.17740383283075,4.9769736842105265,England,74.81751824817519,24.087591240875913,71.53284671532847,19.17808219178082
2499786,1619,603,526,116,76,46,458,44,12,33,20,1,19.276000412402983,3.2036441586280815,England,87.23051409618574,19.237147595356554,75.9535655058043,27.27272727272727
2499786,1639,229,177,44,26,25,175,62,24,51,14,2,20.027156721412396,4.34887737478411,England,77.29257641921397,19.213973799126638,76.41921397379913,38.70967741935484
2499787,1627,262,197,69,46,20,184,73,11,41,8,2,20.31706431104575,5.1644736842105265,England,75.19083969465649,26.33587786259542,70.22900763358778,15.068493150684931
2499787,1644,525,457,113,78,33,395,66,30,43,14,2,19.342865929553987,3.4403470715835143,England,87.04761904761905,21.523809523809522,75.23809523809524,45.45454545454545
2499788,1633,382,301,97,60,20,299,74,18,47,6,1,19.882115672480356,3.8817802503477052,England,78.79581151832461,25.392670157068064,78.27225130890052,24.324324324324326
2499788,10531,488,416,95,74,25,353,83,29,42,5,0,18.110701517612274,3.8729411764705883,England,85.24590163934425,19.4672131147541,72.3360655737705,34.93975903614458
2499789,1623,424,343,91,69,21,273,60,17,46,11,0,19.105739934501592,4.878481012658228,England,80.89622641509435,21.462264150943398,64.38679245283019,28.333333333333332
2499789,1651,379,298,88,62,29,280,82,17,43,11,1,20.222822415758596,3.5712418300653597,England,78.62796833773086,23.218997361477573,73.87862796833772,20.73170731707317
2499790,1633,232,183,45,34,15,143,44,11,48,7,1,21.303804315166733,5.04089219330855,England,78.87931034482759,19.396551724137932,61.63793103448276,25.0
2499790,1646,425,358,88,80,37,286,41,24,44,17,1,23.77242486698131,1.5953038674033149,England,84.23529411764706,20.705882352941178,67.29411764705883,58.536585365853654
2499791,1610,542,442,115,96,24,358,77,18,46,14,1,19.789531171789065,3.9307692307692306,England,81.54981549815497,21.217712177121772,66.05166051660517,23.376623376623375
2499791,1628,411,320,76,73,30,277,81,22,47,12,1,19.662299442572824,3.990956072351421,England,77.85888077858881,18.491484184914842,67.39659367396594,27.160493827160494
2499792,1627,313,242,72,55,18,211,32,6,49,3,0,19.775805635022476,4.753311258278146,England,77.31629392971246,23.003194888178914,67.41214057507987,18.75
2499792,1631,477,376,91,80,30,332,64,22,41,8,1,19.281461134997315,3.2019704433497536,England,78.82599580712788,19.07756813417191,69.60167714884696,34.375
2499793,1611,328,263,68,54,12,206,86,14,44,6,0,18.678086166149498,4.232248520710059,England,80.1829268292683,20.73170731707317,62.80487804878049,16.27906976744186
2499793,1612,580,504,74,70,43,380,61,19,51,18,0,19.665876006698138,1.8645294725956567,England,86.89655172413792,12.758620689655173,65.51724137931035,31.147540983606557
2499794,1625,869,800,83,106,60,507,40,20,28,16,7,18.85701842389712,0.9475113122171945,England,92.05983889528193,9.551208285385501,58.34292289988493,50.0
2499794,1639,191,157,37,31,6,125,38,7,31,6,1,21.26965384312679,1.690909090909091,England,82.19895287958116,19.3717277486911,65.44502617801047,18.421052631578945
2499795,1613,347,279,81,50,27,215,63,15,44,18,2,19.82951607137911,5.041547277936963,England,80.40345821325649,23.34293948126801,61.95965417867435,23.809523809523807
2499795,1619,568,487,117,88,37,393,60,23,43,11,1,20.25612353437009,2.7641408751334047,England,85.73943661971832,20.598591549295776,69.19014084507043,38.333333333333336
2499796,1673,526,456,96,44,20,361,70,18,36,7,0,18.29296927112619,3.1415628539071347,England,86.69201520912547,18.250950570342205,68.63117870722434,25.71428571428571
2499796,10531,331,273,81,65,19,278,68,32,50,6,2,19.721977109587126,3.5366218236173395,England,82.4773413897281,24.47129909365559,83.98791540785498,47.05882352941176
2499797,1624,667,598,129,100,47,521,53,30,52,19,1,20.174739048626986,0.8794466403162056,England,89.65517241379311,19.34032983508246,78.11094452773614,56.60377358490566
2499797,1659,225,175,45,36,17,181,56,16,45,4,0,19.405135485659475,2.580705009276438,England,77.77777777777779,20.0,80.44444444444444,28.57142857142857
2499798,1609,521,446,105,73,34,376,70,30,34,9,1,18.77873020743725,4.143360752056404,England,85.6046065259117,20.153550863723606,72.16890595009598,42.857142857142854
2499798,1644,455,385,92,65,26,316,55,15,33,11,1,19.557912056723836,3.1826196473551636,England,84.61538461538461,20.21978021978022,69.45054945054945,27.27272727272727
2499799,1610,432,358,73,66,31,289,77,21,41,13,4,18.387107857255984,2.801452784503632,England,82.87037037037037,16.89814814814815,66.89814814814815,27.27272727272727
2499799,1644,380,321,55,50,26,236,72,18,57,14,2,18.672795099288756,3.6850605652759083,England,84.47368421052632,14.473684210526317,62.10526315789474,25.0
2499800,1609,603,514,85,81,52,406,50,10,55,26,5,17.568990003662933,4.380753138075314,England,85.24046434494196,14.096185737976782,67.33001658374793,20.0
2499800,1623,267,194,47,58,18,165,62,26,39,7,2,19.86666101848974,6.010084033613445,England,72.65917602996255,17.60299625468165,61.79775280898876,41.935483870967744
2499801,1611,739,645,81,103,49,481,57,17,51,9,1,16.997646494028864,3.7003642987249545,England,87.28010825439783,10.960757780784844,65.08795669824087,29.82456140350877
2499801,1673,194,124,30,33,12,133,87,16,41,5,2,18.4047708660601,6.193379790940766,England,63.91752577319587,15.463917525773196,68.55670103092784,18.39080459770115
2499802,1625,784,717,91,86,37,526,33,13,37,14,2,18.965678791475156,1.2218045112781954,England,91.45408163265306,11.607142857142858,67.09183673469387,39.39393939393939
2499802,1646,212,157,56,34,14,152,49,15,37,5,0,21.37548397922649,4.378854625550661,England,74.05660377358491,26.41509433962264,71.69811320754717,30.612244897959183
2499803,1613,417,345,63,43,24,302,74,16,49,7,1,20.379298492004978,3.9792746113989637,England,82.73381294964028,15.107913669064748,72.42206235011992,21.62162162162162
2499803,1628,344,261,77,53,23,246,59,22,54,7,0,20.656653917384222,4.289435600578871,England,75.87209302325581,22.38372093023256,71.51162790697676,37.28813559322034
2499804,1619,591,494,77,84,40,352,56,21,37,19,1,19.121761678422857,2.7411764705882353,England,83.58714043993231,13.028764805414554,59.56006768189509,37.5
2499804,1627,269,199,53,50,18,193,58,15,46,6,0,18.234916229603485,4.320598006644518,England,73.97769516728626,19.702602230483272,71.74721189591078,25.862068965517242
2499805,1639,397,297,86,73,45,237,57,22,52,13,1,20.399811353587555,4.022757697456493,England,74.81108312342569,21.662468513853906,59.69773299748111,38.59649122807017
2499805,1659,349,268,76,49,15,283,60,19,57,5,1,19.28518274703018,4.335195530726257,England,76.79083094555874,21.776504297994272,81.08882521489971,31.666666666666664
2499806,1631,365,284,80,51,28,233,72,11,46,11,1,19.06505678057,4.5592011412268185,England,77.8082191780822,21.91780821917808,63.83561643835617,15.277777777777779
2499806,10531,466,396,76,68,30,328,56,13,54,19,1,19.058341945712705,2.126642771804062,England,84.97854077253218,16.30901287553648,70.3862660944206,23.214285714285715
2499807,1612,620,539,115,73,36,457,63,22,35,12,1,18.86444892147734,3.546448087431694,England,86.93548387096774,18.548387096774192,73.70967741935483,34.92063492063492
2499807,1624,330,265,60,44,15,217,77,10,38,12,4,19.413971383119137,3.6274217585692994,England,80.3030303030303,18.181818181818183,65.75757575757576,12.987012987012985
2499808,1633,593,500,108,93,48,450,32,8,49,14,0,20.183231490109954,1.8870246085011186,England,84.31703204047217,18.21247892074199,75.88532883642496,25.0
2499808,1651,323,258,64,38,10,238,73,17,37,6,2,19.518870780939665,4.368024132730015,England,79.87616099071208,19.814241486068113,73.68421052631578,23.28767123287671
2499809,1610,645,564,89,79,40,381,57,11,29,17,1,18.548530622429407,3.7308934337997846,England,87.44186046511628,13.798449612403102,59.06976744186046,19.298245614035086
2499809,1659,451,393,64,54,18,308,48,11,44,6,0,18.359464689560465,3.67704280155642,England,87.13968957871397,14.19068736141907,68.29268292682927,22.916666666666664
2499810,1609,777,697,132,132,59,579,46,20,35,18,2,19.61962219023165,1.4501452081316555,England,89.7039897039897,16.988416988416986,74.5173745173745,43.47826086956522
2499810,10531,276,217,53,40,10,170,37,5,41,5,1,19.33764349605357,3.8768115942028984,England,78.62318840579711,19.202898550724637,61.59420289855072,13.513513513513514
2499811,1619,438,357,72,52,23,319,65,16,45,6,1,18.149664612415847,3.7790849673202613,England,81.5068493150685,16.43835616438356,72.8310502283105,24.615384615384617
2499811,1651,483,402,102,73,17,369,51,13,37,8,1,19.557967635101217,2.563775510204082,England,83.22981366459628,21.11801242236025,76.3975155279503,25.49019607843137
2499812,1613,484,406,82,76,12,339,50,16,42,12,0,19.240009915725203,3.721291866028708,England,83.88429752066115,16.94214876033058,70.0413223140496,32.0
2499812,1646,445,357,95,82,25,328,55,17,42,10,1,21.184627121270164,2.801001251564456,England,80.2247191011236,21.34831460674157,73.70786516853933,30.909090909090907
2499813,1628,387,307,90,75,27,279,72,15,46,15,1,21.598732348960702,2.7306666666666666,England,79.32816537467701,23.25581395348837,72.09302325581395,20.833333333333336
2499813,1633,305,222,71,52,15,202,76,13,50,4,2,19.40921105065637,4.247663551401869,England,72.78688524590164,23.278688524590162,66.22950819672131,17.105263157894736
2499814,1623,456,388,86,95,28,328,67,34,56,13,0,18.549808073129455,4.111896348645465,England,85.08771929824562,18.859649122807017,71.9298245614035,50.74626865671642
2499814,1631,298,225,75,56,12,215,61,5,42,7,2,19.927844925674762,4.1037463976945245,England,75.50335570469798,25.16778523489933,72.14765100671141,8.19672131147541
2499815,1612,752,665,106,94,50,520,50,15,42,14,3,17.89261094787384,2.1075367647058822,England,88.43085106382979,14.095744680851062,69.14893617021278,30.0
2499815,1673,236,162,55,44,5,167,92,18,44,0,0,17.344133091394603,3.594009983361065,England,68.64406779661016,23.30508474576271,70.76271186440678,19.565217391304348
2499816,1611,375,279,75,70,24,292,48,15,53,11,1,19.341621388371397,2.748684210526316,England,74.4,20.0,77.86666666666666,31.25
2499816,1624,492,398,71,64,32,334,73,17,47,13,0,16.959110992647723,3.5350467289719627,England,80.89430894308943,14.43089430894309,67.88617886178862,23.28767123287671
2499817,1639,236,166,48,36,7,154,75,17,45,5,1,20.94931192010778,7.034602076124568,England,70.33898305084746,20.33898305084746,65.2542372881356,22.666666666666664
2499817,1644,529,459,107,99,51,386,60,23,52,14,0,21.364616650505145,2.3161361141602637,England,86.76748582230623,20.226843100189036,72.96786389413988,38.333333333333336
2499818,1625,918,840,67,98,48,617,57,25,32,14,3,15.500492877597218,2.9354581673306774,England,91.50326797385621,7.298474945533768,67.21132897603485,43.859649122807014
2499818,1627,236,159,63,40,12,139,63,12,35,7,2,19.196372894576736,5.1551401869158875,England,67.37288135593221,26.69491525423729,58.89830508474576,19.047619047619047
2499819,1610,432,369,62,63,34,319,75,26,53,17,1,19.035838811641934,2.44811320754717,England,85.41666666666666,14.351851851851851,73.8425925925926,34.66666666666667
2499819,1611,364,296,68,72,19,272,95,34,59,9,0,17.87344993550568,2.983160621761658,England,81.31868131868131,18.681318681318682,74.72527472527473,35.78947368421053
2499820,1623,285,214,74,67,18,195,89,19,50,8,2,20.306340965896542,4.164265129682997,England,75.08771929824562,25.964912280701753,68.42105263157895,21.34831460674157
2499820,1644,442,346,84,50,34,329,54,11,65,10,2,18.12751439460969,4.574712643678161,England,78.28054298642535,19.004524886877828,74.43438914027149,20.37037037037037
2499821,1627,399,328,88,70,21,267,48,15,47,9,0,19.787424417025484,4.473103448275862,England,82.20551378446115,22.05513784461153,66.9172932330827,31.25
2499821,1673,395,326,89,60,13,302,71,20,41,6,1,20.31685123520852,4.176626826029216,England,82.53164556962025,22.531645569620252,76.45569620253164,28.169014084507044
2499822,1609,431,360,58,60,25,299,72,25,51,5,1,18.409875488210417,3.414127423822715,England,83.52668213457076,13.45707656612529,69.37354988399072,34.72222222222222
2499822,1625,607,536,72,68,30,416,69,29,34,8,2,17.9494942530722,2.0949298813376482,England,88.30313014827018,11.86161449752883,68.5337726523888,42.028985507246375
2499823,1613,351,276,67,53,29,241,59,14,49,17,0,21.29319708213964,1.9972375690607735,England,78.63247863247864,19.08831908831909,68.66096866096866,23.728813559322035
2499823,1659,362,289,65,47,32,271,39,17,60,16,1,18.99749274643928,4.10148849797023,England,79.8342541436464,17.955801104972377,74.86187845303867,43.58974358974359
2499824,1619,564,478,101,103,40,371,53,18,48,14,0,21.073047725518055,2.2483069977426635,England,84.75177304964538,17.907801418439718,65.78014184397163,33.9622641509434
2499824,1646,322,244,73,69,12,215,50,11,45,5,1,20.39148822786172,4.720967741935484,England,75.77639751552795,22.67080745341615,66.77018633540372,22.0
2499825,1631,402,327,67,63,20,297,60,12,49,12,2,18.684601157405982,3.8534599728629577,England,81.34328358208955,16.666666666666664,73.88059701492537,20.0
2499825,1639,342,273,68,48,27,250,49,19,53,11,2,19.44994013419315,3.4444444444444446,England,79.82456140350878,19.883040935672515,73.09941520467837,38.775510204081634
2499826,1651,334,263,80,43,12,268,73,15,49,5,1,20.752594932603085,4.71875,England,78.74251497005989,23.952095808383234,80.23952095808383,20.54794520547945
2499826,10531,441,378,97,70,32,325,43,21,46,7,0,19.900419320596722,4.0564617314930995,England,85.71428571428571,21.99546485260771,73.69614512471655,48.837209302325576
2499827,1624,575,491,102,78,42,422,70,17,52,11,1,19.497483108829243,2.3894628099173554,England,85.3913043478261,17.739130434782606,73.3913043478261,24.285714285714285
2499827,1628,266,195,64,44,14,174,64,9,48,11,0,19.695086345610516,5.774461028192372,England,73.30827067669173,24.06015037593985,65.41353383458647,14.0625
2499828,1612,446,368,78,61,21,291,97,27,47,14,4,18.34254858403216,4.209558823529412,England,82.51121076233184,17.48878923766816,65.24663677130044,27.835051546391753
2499828,1633,409,344,85,67,12,258,57,22,42,6,1,19.396862830689066,3.089960886571056,England,84.10757946210269,20.78239608801956,63.08068459657702,38.59649122807017
2499829,1659,223,159,48,31,19,159,59,17,45,9,4,19.916453194149735,5.03169014084507,England,71.30044843049326,21.524663677130047,71.30044843049326,28.8135593220339
2499829,1673,523,443,104,81,43,386,56,14,51,17,0,18.84429448170566,3.2233009708737863,England,84.7036328871893,19.88527724665392,73.80497131931166,25.0
2499830,1609,369,285,94,65,31,240,85,24,50,13,2,21.07305868109935,3.099865047233468,England,77.23577235772358,25.474254742547426,65.04065040650406,28.235294117647058
2499830,1624,532,431,97,74,39,362,51,20,53,12,0,19.252767679891917,4.496629213483146,England,81.01503759398496,18.23308270676692,68.04511278195488,39.21568627450981
2499831,1639,367,301,52,56,20,219,59,7,53,13,2,18.85913946416624,3.8591954022988504,England,82.01634877384197,14.168937329700274,59.67302452316077,11.864406779661017
2499831,1651,451,361,96,73,25,309,42,19,32,8,2,21.007568473425884,2.5935302390998594,England,80.04434589800444,21.286031042128602,68.51441241685144,45.23809523809524
2499832,1646,275,212,62,47,26,175,99,16,49,15,2,21.738519579143524,2.7380585516178737,England,77.0909090909091,22.545454545454547,63.63636363636363,16.161616161616163
2499832,10531,452,367,77,64,33,341,46,9,49,10,0,19.246925979741185,4.279205607476635,England,81.19469026548673,17.035398230088493,75.4424778761062,19.565217391304348
2499833,1623,240,166,60,39,17,156,115,30,42,7,1,17.962225876310335,4.2703125,England,69.16666666666667,25.0,65.0,26.08695652173913
2499833,1628,510,422,74,88,38,372,51,16,74,14,2,18.6806964944222,2.3916391639163916,England,82.74509803921568,14.50980392156863,72.94117647058823,31.372549019607842
2499834,1625,761,698,72,86,46,525,35,17,41,14,2,17.80886285089081,3.2627037392138063,England,91.72141918528253,9.461235216819974,68.98817345597898,48.57142857142857
2499834,1631,226,166,44,33,12,160,51,13,49,2,0,18.77218404824875,5.155172413793103,England,73.45132743362832,19.469026548672566,70.79646017699115,25.49019607843137
2499835,1612,546,463,65,60,43,335,51,26,48,18,3,18.771619614605708,2.32630410654828,England,84.7985347985348,11.904761904761903,61.35531135531136,50.98039215686274
2499835,1619,347,249,64,53,21,210,84,19,46,3,0,19.368472219233063,4.501506024096385,England,71.75792507204612,18.443804034582133,60.51873198847262,22.61904761904762
2499836,1611,623,530,132,80,59,453,47,12,50,16,4,21.19870840538745,1.373931623931624,England,85.07223113964687,21.187800963081862,72.71268057784911,25.53191489361702
2499836,1613,314,259,45,40,13,192,75,14,34,12,1,18.895902240435593,3.118279569892473,England,82.48407643312102,14.331210191082802,61.146496815286625,18.666666666666668
2499837,1633,417,341,89,55,16,290,75,16,46,9,0,18.685005303671005,3.9182389937106916,England,81.77458033573141,21.34292565947242,69.54436450839329,21.333333333333336
2499837,1644,596,528,77,85,40,418,64,16,29,15,2,18.35709978463443,2.116788321167883,England,88.59060402684564,12.919463087248323,70.13422818791946,25.0
2499838,1610,592,526,99,76,29,404,79,29,39,10,4,18.849361863543315,3.456635318704284,England,88.85135135135135,16.722972972972975,68.24324324324324,36.708860759493675
2499838,1627,345,285,75,56,25,246,82,26,38,6,0,18.764062906647215,3.230982019363762,England,82.6086956521739,21.73913043478261,71.30434782608695,31.70731707317073
2499839,1609,617,531,71,77,43,427,50,17,35,17,0,17.79843679607766,4.233507853403141,England,86.06158833063209,11.507293354943274,69.20583468395462,34.0
2499839,1646,323,264,72,56,17,226,64,20,40,6,0,22.0242950434191,3.452238805970149,England,81.73374613003097,22.291021671826623,69.96904024767801,31.25
2499840,1628,472,376,68,84,33,319,67,19,53,9,2,19.103291091585994,3.49625,England,79.66101694915254,14.40677966101695,67.58474576271186,28.35820895522388
2499840,1639,406,313,72,56,26,269,66,11,56,7,1,17.24728579038128,4.53920220082531,England,77.0935960591133,17.733990147783253,66.25615763546799,16.666666666666664
2499841,1625,715,641,67,111,41,434,45,28,42,11,1,16.97742105473674,3.533077660594439,England,89.65034965034965,9.37062937062937,60.69930069930069,62.22222222222222
2499841,1673,140,91,40,30,7,108,55,10,47,4,0,20.955543302277135,6.7110091743119265,England,65.0,28.57142857142857,77.14285714285715,18.181818181818183
2499842,1610,494,403,82,70,34,332,86,15,42,9,1,20.217822175599856,3.4738067520372526,England,81.57894736842105,16.599190283400812,67.20647773279353,17.441860465116278
2499842,1612,577,508,83,76,44,409,66,16,47,14,1,19.176017702613432,2.5245202558635396,England,88.0415944540728,14.384748700173311,70.8838821490468,24.242424242424242
2499843,1611,560,466,83,85,34,365,48,10,39,12,0,19.733870192724435,2.0327683615819208,England,83.21428571428572,14.821428571428571,65.17857142857143,20.833333333333336
2499843,1651,394,330,78,51,24,263,84,14,36,7,0,19.65986266100057,4.567741935483871,England,83.75634517766497,19.796954314720814,66.75126903553299,16.666666666666664
2499844,1613,457,373,98,88,36,279,58,19,51,12,0,20.675313796642254,2.9142185663924796,England,81.61925601750546,21.444201312910284,61.050328227571114,32.758620689655174
2499844,1644,410,320,85,56,22,309,68,14,42,13,2,19.662728460142066,4.6723684210526315,England,78.04878048780488,20.73170731707317,75.36585365853658,20.588235294117645
2499845,1619,657,567,90,65,41,503,55,18,52,15,4,17.89727540339202,1.4905123339658444,England,86.3013698630137,13.698630136986301,76.56012176560122,32.72727272727273
2499845,1623,303,246,56,55,8,207,74,21,37,5,1,18.382698348043657,2.954337899543379,England,81.1881188118812,18.48184818481848,68.31683168316832,28.37837837837838
2499846,1659,465,384,71,62,30,349,49,13,56,8,0,18.40773013955393,4.1265664160401005,England,82.58064516129032,15.268817204301074,75.05376344086021,26.53061224489796
2499846,10531,430,354,81,73,24,278,69,36,38,9,0,19.92043663596777,3.188654353562005,England,82.32558139534883,18.83720930232558,64.65116279069767,52.17391304347826
2499847,1624,675,595,94,109,55,477,59,25,54,24,1,19.414181080190662,0.9589934762348555,England,88.14814814814815,13.925925925925926,70.66666666666667,42.3728813559322
2499847,1627,249,185,58,41,11,175,99,12,44,5,1,18.93386169455472,5.641065830721003,England,74.29718875502009,23.293172690763054,70.28112449799197,12.121212121212121
2499848,1631,381,307,66,48,10,260,91,18,38,7,1,19.08085211037426,3.807795698924731,England,80.5774278215223,17.322834645669293,68.24146981627297,19.78021978021978
2499848,1633,356,278,62,65,19,259,61,17,52,7,1,19.411419865193537,2.308659217877095,England,78.08988764044943,17.415730337078653,72.75280898876404,27.86885245901639
2499849,1646,334,254,90,71,17,234,70,17,45,10,2,19.90915521252166,5.482089552238806,England,76.04790419161677,26.94610778443114,70.05988023952095,24.285714285714285
2499849,1659,570,471,96,60,46,416,43,9,48,8,1,17.398074492982147,3.4295010845986984,England,82.63157894736842,16.842105263157894,72.98245614035088,20.930232558139537
2499850,1609,795,714,85,87,49,469,65,30,39,18,5,18.89320854685282,0.6107566089334548,England,89.81132075471699,10.69182389937107,58.9937106918239,46.15384615384615
2499850,1673,316,265,48,30,11,232,67,14,39,7,0,18.658795756213532,2.8940998487140694,England,83.86075949367088,15.18987341772152,73.41772151898735,20.8955223880597
2499851,1628,368,307,60,60,18,215,47,8,43,10,0,18.42711007891809,4.5092838196286475,England,83.42391304347827,16.304347826086957,58.42391304347826,17.02127659574468
2499851,1651,451,349,91,60,28,309,71,16,56,9,0,20.690482644201627,2.390547263681592,England,77.38359201773835,20.17738359201774,68.51441241685144,22.535211267605636
2499852,1624,546,459,72,81,49,384,60,21,48,17,1,17.224184191852107,4.044791666666667,England,84.06593406593407,13.186813186813188,70.32967032967034,35.0
2499852,1631,311,239,60,45,15,217,62,13,43,8,2,19.894681085080805,4.286594761171032,England,76.84887459807074,19.292604501607716,69.77491961414792,20.967741935483872
2499853,1611,326,266,64,46,14,212,72,8,45,14,3,18.94376412698849,4.0520231213872835,England,81.59509202453987,19.631901840490798,65.03067484662577,11.11111111111111
2499853,1644,489,416,78,72,37,297,79,19,46,11,1,19.04760861845931,2.4130434782608696,England,85.07157464212679,15.950920245398773,60.73619631901841,24.050632911392405
2499854,1613,425,354,76,70,26,302,90,25,45,10,1,17.633547444362488,3.961176470588235,England,83.29411764705881,17.88235294117647,71.05882352941177,27.77777777777778
2499854,1627,373,299,81,58,19,263,56,20,41,6,2,19.795780302947822,3.6829608938547485,England,80.16085790884718,21.715817694369974,70.50938337801608,35.714285714285715
2499855,1610,585,494,108,75,53,440,65,15,44,23,1,19.800316880284658,1.0819672131147542,England,84.44444444444444,18.461538461538463,75.21367521367522,23.076923076923077
2499855,10531,374,306,66,47,9,253,62,10,30,3,0,19.13226046257951,2.319884726224784,England,81.81818181818183,17.647058823529413,67.64705882352942,16.129032258064516
2499856,1623,412,343,87,63,20,279,96,26,35,6,4,18.505813072723985,4.286773794808405,England,83.25242718446601,21.11650485436893,67.71844660194175,27.083333333333332
2499856,1633,486,403,74,72,36,326,47,16,51,5,0,18.745580726074518,4.204353083434099,England,82.92181069958848,15.22633744855967,67.07818930041152,34.04255319148936
2499857,1619,231,161,49,37,8,154,70,14,44,7,1,20.61950319921761,3.6140939597315436,England,69.6969696969697,21.21212121212121,66.66666666666666,20.0
2499857,1625,757,671,54,99,45,497,43,24,42,26,1,17.971832365704575,0.8473413379073756,England,88.63936591809775,7.133421400264201,65.65389696169089,55.81395348837209
2499858,1612,538,454,72,54,30,354,60,17,41,13,3,17.826097534481175,3.5732758620689653,England,84.38661710037175,13.382899628252787,65.79925650557621,28.333333333333332
2499858,1639,324,251,74,57,12,202,56,11,47,9,0,18.74566393463528,2.303244005641749,England,77.46913580246914,22.839506172839506,62.34567901234568,19.642857142857142
2499859,1619,451,381,79,78,39,336,80,27,28,14,1,18.2482701197005,3.9853658536585366,England,84.4789356984479,17.516629711751662,74.50110864745011,33.75
2499859,1659,401,334,69,63,34,283,68,21,52,15,1,19.103580002563653,2.432704402515723,England,83.29177057356608,17.206982543640898,70.57356608478803,30.88235294117647
2499860,1609,652,561,67,79,89,415,61,26,40,29,1,19.12686079321692,0.14752475247524752,England,86.04294478527608,10.276073619631902,63.65030674846626,42.62295081967213
2499860,1611,184,146,37,23,17,104,67,13,33,8,3,19.196213622043015,4.10801393728223,England,79.34782608695652,20.108695652173914,56.52173913043478,19.402985074626866
2499861,1612,665,587,71,70,30,453,37,18,37,10,3,18.30273180664641,3.332258064516129,England,88.27067669172932,10.676691729323307,68.1203007518797,48.64864864864865
2499861,1651,472,400,86,54,12,332,43,9,29,5,0,19.065096633368984,3.39671682626539,England,84.7457627118644,18.220338983050848,70.33898305084746,20.930232558139537
2499862,1610,729,634,101,80,56,487,48,18,45,19,2,20.251083358751586,1.1048617731172545,England,86.96844993141289,13.854595336076816,66.80384087791495,37.5
2499862,1613,364,296,55,60,12,242,80,19,34,8,1,18.761829251804574,2.883357041251778,England,81.31868131868131,15.10989010989011,66.48351648351648,23.75
2499863,1623,346,271,70,56,14,222,69,24,51,6,2,18.42578101068804,3.9501965923984272,England,78.32369942196532,20.23121387283237,64.16184971098265,34.78260869565217
2499863,1673,378,294,90,82,26,266,37,6,52,4,0,20.378588048923252,5.159771754636234,England,77.77777777777779,23.809523809523807,70.37037037037037,16.216216216216218
2499864,1631,381,301,66,54,34,294,48,9,64,15,1,21.134113209591902,2.385941644562334,England,79.00262467191601,17.322834645669293,77.16535433070865,18.75
2499864,1646,374,300,81,71,19,281,62,12,37,13,0,20.673305536640715,4.375510204081633,England,80.21390374331551,21.65775401069519,75.1336898395722,19.35483870967742
2499865,1625,719,636,127,82,66,617,67,29,45,21,2,19.40351720566487,0.7817351598173516,England,88.45618915159945,17.663421418636997,85.81363004172462,43.28358208955223
2499865,1633,209,166,52,33,16,152,73,11,42,7,1,19.385529446822208,3.799651567944251,England,79.42583732057416,24.880382775119617,72.72727272727273,15.068493150684931
2499866,1639,360,293,69,49,22,277,63,17,50,9,2,18.650557521409183,3.1788732394366197,England,81.38888888888889,19.166666666666668,76.94444444444444,26.984126984126984
2499866,10531,466,383,90,56,28,309,70,23,49,8,1,18.592521761409706,3.517406962785114,England,82.18884120171673,19.313304721030043,66.30901287553648,32.857142857142854
2499867,1624,400,322,77,56,22,294,64,21,44,6,1,17.947329805269042,3.8645833333333335,England,80.5,19.25,73.5,32.8125
2499867,1644,377,308,72,52,24,284,74,22,52,7,1,17.797624296451975,2.5683646112600536,England,81.6976127320955,19.098143236074268,75.3315649867374,29.72972972972973
2499868,1627,368,285,99,66,26,287,57,34,48,20,0,22.143878189673963,2.0676392572944295,England,77.44565217391305,26.902173913043477,77.98913043478261,59.64912280701754
2499868,1628,346,272,62,65,19,221,81,18,56,10,0,18.539762755842517,3.714470284237726,England,78.61271676300578,17.91907514450867,63.8728323699422,22.22222222222222
2499869,1644,384,306,62,56,26,242,54,14,45,11,0,17.97419062716986,4.387314439946019,England,79.6875,16.145833333333336,63.020833333333336,25.925925925925924
2499869,1646,352,260,62,64,29,223,57,19,42,8,1,19.265561378895978,2.962162162162162,England,73.86363636363636,17.613636363636363,63.35227272727273,33.33333333333333
2499870,1628,320,255,74,60,46,243,66,23,44,18,1,20.982765864927547,2.290633608815427,England,79.6875,23.125,75.9375,34.84848484848485
2499870,1659,410,329,74,84,23,284,65,15,53,11,2,20.146648490775004,3.7703225806451615,England,80.2439024390244,18.048780487804876,69.26829268292683,23.076923076923077
2499871,1651,359,278,85,54,15,261,66,14,46,7,0,20.72947638675481,3.6965986394557824,England,77.43732590529248,23.676880222841227,72.70194986072424,21.21212121212121
2499871,1673,501,402,93,85,34,377,45,15,56,18,2,20.88551030062897,2.4759615384615383,England,80.23952095808383,18.562874251497004,75.249500998004,33.33333333333333
2499872,1612,728,642,126,102,63,526,32,17,54,24,1,21.317260342293107,0.9807339449541285,England,88.18681318681318,17.307692307692307,72.25274725274726,53.125
2499872,1623,159,94,48,40,9,101,91,14,40,1,0,19.514951916070217,4.840864440078586,England,59.11949685534591,30.18867924528302,63.52201257861635,15.384615384615385
2499873,1611,299,232,69,46,12,198,100,17,40,7,1,19.081615864299156,3.578710644677661,England,77.59197324414716,23.076923076923077,66.22073578595318,17.0
2499873,1625,568,491,47,57,38,377,56,22,45,14,2,16.513581016225725,3.7557251908396947,England,86.44366197183099,8.274647887323944,66.37323943661971,39.285714285714285
2499874,1613,286,226,60,55,15,191,66,14,45,9,2,19.467244378065327,4.2117263843648205,England,79.02097902097903,20.97902097902098,66.78321678321679,21.21212121212121
2499874,1631,526,442,70,62,21,346,52,17,43,12,2,16.807452525826978,3.7577854671280275,England,84.03041825095056,13.307984790874524,65.77946768060836,32.69230769230769
2499875,1609,742,665,63,91,54,430,50,27,42,9,1,16.518299970669844,3.142581888246628,England,89.62264150943396,8.49056603773585,57.95148247978437,54.0
2499875,1619,363,299,75,57,17,242,66,15,32,6,1,20.119500978656117,4.014925373134329,England,82.36914600550963,20.66115702479339,66.66666666666666,22.727272727272727
2499876,1627,372,300,62,57,18,268,96,23,54,8,0,16.45609688894989,3.50253807106599,England,80.64516129032258,16.666666666666664,72.04301075268818,23.958333333333336
2499876,10531,435,359,63,48,32,303,72,15,52,15,1,17.63841008444641,2.0388349514563107,England,82.5287356321839,14.482758620689657,69.6551724137931,20.833333333333336
2499877,1624,633,566,92,84,54,416,48,25,38,19,4,19.634705080993733,1.5985985985985987,England,89.41548183254343,14.533965244865717,65.71879936808847,52.083333333333336
2499877,1639,227,163,65,46,16,144,72,9,42,4,1,20.775841433401496,4.1975524475524475,England,71.80616740088107,28.634361233480178,63.436123348017624,12.5
2499878,1610,671,591,77,106,40,441,83,24,41,17,0,17.5343150631536,3.781042654028436,England,88.07749627421758,11.475409836065573,65.72280178837556,28.915662650602407
2499878,1633,276,211,61,55,13,197,84,22,43,5,1,19.12066190498795,4.857142857142857,England,76.44927536231883,22.10144927536232,71.37681159420289,26.190476190476193
2499879,1639,322,229,86,64,22,236,43,20,54,13,0,21.10548490692206,6.547788873038517,England,71.11801242236024,26.70807453416149,73.29192546583852,46.51162790697674
2499879,1646,378,272,101,82,31,234,55,20,60,8,1,21.829217701961124,5.006775067750677,England,71.95767195767195,26.71957671957672,61.904761904761905,36.36363636363637
2499880,1610,759,689,84,106,37,497,38,13,31,12,3,18.977807955108695,2.982142857142857,England,90.77733860342556,11.067193675889328,65.48089591567853,34.21052631578947
2499880,1673,404,354,70,45,12,307,59,13,33,6,1,19.6268105641271,3.4437956204379563,England,87.62376237623762,17.326732673267326,75.99009900990099,22.033898305084744
2499881,1625,808,740,68,97,39,543,69,26,42,20,3,17.005427302918388,2.9653979238754324,England,91.58415841584159,8.415841584158416,67.20297029702971,37.68115942028986
2499881,10531,203,145,53,31,13,159,66,9,41,5,0,20.246534867408627,4.486815415821501,England,71.42857142857143,26.108374384236456,78.32512315270937,13.636363636363635
2499882,1609,702,616,100,100,63,468,61,21,39,19,0,17.93757397111775,4.001943634596696,England,87.74928774928775,14.245014245014245,66.66666666666666,34.42622950819672
2499882,1633,288,211,59,55,14,183,64,22,44,5,0,20.63557941700969,5.382875605815832,England,73.26388888888889,20.48611111111111,63.541666666666664,34.375
2499883,1628,390,310,75,69,22,274,74,26,44,13,2,18.80018295350236,2.527044025157233,England,79.48717948717949,19.230769230769234,70.25641025641025,35.13513513513514
2499883,1644,339,264,46,42,22,249,80,20,55,8,1,18.308337416077723,3.738888888888889,England,77.87610619469027,13.569321533923304,73.45132743362832,25.0
2499884,1611,550,470,82,56,32,396,65,22,40,7,1,18.440354214540672,2.8895216400911163,England,85.45454545454545,14.909090909090908,72.0,33.84615384615385
2499884,1659,418,351,51,48,25,284,61,18,40,13,0,17.930589535335255,4.192,England,83.97129186602871,12.200956937799043,67.94258373205741,29.508196721311474
2499885,1613,451,376,81,67,32,325,50,17,64,13,0,19.156692978225195,2.893238434163701,England,83.37028824833703,17.96008869179601,72.06208425720621,34.0
2499885,1623,406,333,95,69,12,292,63,11,36,7,1,19.85585087904184,4.877260981912145,England,82.01970443349754,23.39901477832512,71.92118226600985,17.46031746031746
2499886,1619,412,341,84,58,22,310,62,17,50,9,1,20.719050956165862,1.6189856957087125,England,82.76699029126213,20.388349514563107,75.24271844660194,27.419354838709676
2499886,1631,346,280,73,53,14,241,60,20,56,13,4,20.09234815052832,4.310650887573964,England,80.92485549132948,21.09826589595376,69.65317919075144,33.33333333333333
2499887,1612,696,610,103,104,40,441,75,32,46,13,0,20.106681822680716,2.8201304753028893,England,87.64367816091954,14.798850574712644,63.36206896551724,42.66666666666667
2499887,1627,273,194,65,49,16,178,70,16,45,6,0,20.00847596014609,5.607535321821036,England,71.06227106227107,23.809523809523807,65.2014652014652,22.857142857142858
2499888,1624,734,653,82,112,41,461,47,20,46,23,2,20.394874403902943,0.1820754716981132,England,88.96457765667574,11.1716621253406,62.80653950953678,42.5531914893617
2499888,1651,231,175,61,39,13,183,57,11,36,7,0,21.518382644522113,3.636528028933092,England,75.75757575757575,26.406926406926406,79.22077922077922,19.298245614035086
2499889,1612,647,565,95,84,46,419,68,30,25,19,4,18.74853890093426,4.050701186623517,England,87.32612055641422,14.683153013910355,64.76043276661515,44.11764705882353
2499889,1659,483,402,76,54,19,320,37,7,47,6,0,19.851000794842996,3.4545454545454546,England,83.22981366459628,15.734989648033126,66.25258799171843,18.91891891891892
2499890,1609,740,653,105,79,51,497,60,19,45,22,1,18.569960318556443,1.3234005258545136,England,88.24324324324324,14.18918918918919,67.16216216216216,31.666666666666664
2499890,1613,252,185,60,41,24,148,85,18,39,10,0,18.58319736349321,4.512383900928793,England,73.4126984126984,23.809523809523807,58.730158730158735,21.176470588235293
2499891,1646,327,253,72,56,20,204,54,15,38,11,0,19.302917577814753,5.366279069767442,England,77.37003058103976,22.018348623853214,62.38532110091744,27.77777777777778
2499891,1651,462,357,110,61,27,356,52,23,55,10,0,21.38603098061387,3.43403205918619,England,77.27272727272727,23.809523809523807,77.05627705627705,44.230769230769226
2499892,1610,530,460,77,80,40,358,39,20,54,22,0,20.301836461666678,1.0416666666666667,England,86.79245283018868,14.528301886792452,67.54716981132076,51.28205128205128
2499892,1619,448,382,72,53,15,302,101,21,35,5,0,18.54665312973093,2.9434889434889433,England,85.26785714285714,16.071428571428573,67.41071428571429,20.792079207920793
2499893,1623,415,345,76,62,15,275,69,22,46,10,2,19.764140774738436,2.983673469387755,England,83.13253012048193,18.313253012048193,66.26506024096386,31.88405797101449
2499893,10531,390,326,69,75,13,288,47,12,47,7,1,18.108667194902036,3.6519886363636362,England,83.58974358974359,17.692307692307693,73.84615384615385,25.53191489361702
2499894,1628,332,268,45,53,20,268,100,24,46,12,3,15.88110053818403,4.093506493506493,England,80.72289156626506,13.55421686746988,80.72289156626506,24.0
2499894,1631,435,351,82,68,28,315,102,24,49,10,0,18.258740280809448,2.719153936545241,England,80.6896551724138,18.850574712643677,72.41379310344827,23.52941176470588
2499895,1624,374,308,66,40,18,263,83,26,53,6,1,18.13519043003271,2.0,England,82.35294117647058,17.647058823529413,70.32085561497327,31.32530120481928
2499895,1625,422,357,69,62,30,296,63,24,46,19,4,19.19465671494589,1.552278820375335,England,84.59715639810426,16.350710900473935,70.14218009478674,38.095238095238095
2499896,1633,356,300,45,34,16,253,53,12,50,13,2,15.812078158891886,4.181081081081081,England,84.26966292134831,12.640449438202248,71.06741573033707,22.641509433962266
2499896,1639,414,336,78,66,42,321,76,21,51,16,0,19.23279548280482,2.6794701986754967,England,81.15942028985508,18.84057971014493,77.53623188405797,27.631578947368425
2499897,1644,418,350,88,66,14,288,67,18,62,13,1,19.567241538657612,2.017156862745098,England,83.73205741626795,21.052631578947366,68.89952153110048,26.865671641791046
2499897,1673,285,225,61,41,20,207,79,28,50,13,3,18.006275109791556,4.212481426448737,England,78.94736842105263,21.403508771929825,72.63157894736842,35.44303797468354
2499898,1611,560,474,66,60,24,351,52,13,40,8,2,17.437192557536722,3.4323040380047507,England,84.64285714285714,11.785714285714285,62.67857142857143,25.0
2499898,1627,426,357,68,66,28,317,73,21,37,12,1,18.84344527546574,3.3437908496732027,England,83.80281690140845,15.96244131455399,74.4131455399061,28.767123287671232
2499899,1609,472,387,98,64,32,296,58,27,49,12,3,20.9625071066878,3.1253071253071254,England,81.99152542372882,20.76271186440678,62.71186440677966,46.55172413793103
2499899,1612,415,333,83,70,29,263,84,33,37,14,3,19.23590021369368,4.69220945083014,England,80.24096385542168,20.0,63.373493975903614,39.285714285714285
2499900,1644,378,294,63,61,16,283,75,21,63,9,0,17.19022109110131,3.951760104302477,England,77.77777777777779,16.666666666666664,74.86772486772487,28.000000000000004
2499900,1651,399,319,81,69,27,316,70,14,45,14,1,19.301132159894053,2.4658385093167703,England,79.9498746867168,20.30075187969925,79.19799498746866,20.0
2499901,1624,505,409,78,78,28,315,46,14,52,15,2,17.251883504153703,5.0046728971962615,England,80.990099009901,15.445544554455445,62.37623762376238,30.434782608695656
2499901,1646,322,246,84,62,17,215,59,12,48,6,0,20.723006857739367,4.681887366818874,England,76.3975155279503,26.08695652173913,66.77018633540372,20.33898305084746
2499902,1610,678,569,94,77,66,461,28,11,48,24,0,18.19179275578019,4.274,England,83.92330383480827,13.864306784660767,67.99410029498524,39.285714285714285
2499902,1623,320,243,69,64,12,201,90,11,30,4,0,18.256061427749373,5.408450704225352,England,75.9375,21.5625,62.81250000000001,12.222222222222221
2499903,1611,433,364,67,51,35,293,55,15,44,17,1,18.09024521279847,4.561662198391421,England,84.06466512702079,15.473441108545035,67.6674364896074,27.27272727272727
2499903,1631,424,350,77,67,22,283,70,23,41,8,2,19.44518215056004,3.367706919945726,England,82.54716981132076,18.160377358490564,66.74528301886792,32.857142857142854
2499904,1625,900,823,80,99,41,677,45,16,33,15,4,17.604564153741684,0.8607809847198642,England,91.44444444444444,8.88888888888889,75.22222222222223,35.55555555555556
2499904,1659,213,170,37,29,11,163,60,17,39,3,0,18.634801045240497,4.218875502008032,England,79.81220657276995,17.370892018779344,76.52582159624414,28.333333333333332
2499905,1619,360,263,71,61,21,258,68,26,56,11,1,18.61923445211598,3.2476446837146704,England,73.05555555555556,19.72222222222222,71.66666666666667,38.23529411764706
2499905,1673,327,242,72,56,21,244,74,17,48,9,1,18.358521320447153,4.90014064697609,England,74.00611620795107,22.018348623853214,74.61773700305811,22.972972972972975
2499906,1627,425,337,83,80,45,294,64,23,65,16,1,18.180840205043335,4.544578313253012,England,79.29411764705883,19.52941176470588,69.17647058823529,35.9375
2499906,1639,322,252,60,46,24,233,85,16,48,8,3,18.81256108239206,5.486149584487535,England,78.26086956521739,18.633540372670808,72.36024844720497,18.823529411764707
2499907,1628,312,252,59,44,19,203,78,13,45,11,0,16.30113009744111,5.05848787446505,England,80.76923076923077,18.91025641025641,65.06410256410257,16.666666666666664
2499907,10531,567,496,84,78,29,408,75,22,40,7,1,17.722129166217485,2.864669421487603,England,87.47795414462081,14.814814814814813,71.95767195767195,29.333333333333332
2499908,1613,233,166,54,30,17,164,83,11,44,9,2,18.458392782521944,5.13968253968254,England,71.24463519313305,23.17596566523605,70.3862660944206,13.253012048192772
2499908,1633,418,328,84,76,28,313,43,18,54,17,2,20.19212746730028,1.32540675844806,England,78.4688995215311,20.095693779904305,74.88038277511961,41.86046511627907
2499909,1633,314,233,63,46,21,214,62,11,58,10,3,19.388843702053588,3.6307237813884785,England,74.20382165605095,20.063694267515924,68.15286624203821,17.741935483870968
2499909,1659,399,330,59,57,46,274,68,23,47,22,3,19.455472465203783,1.86799501867995,England,82.70676691729322,14.786967418546364,68.67167919799499,33.82352941176471
2499910,1610,664,597,69,90,51,434,39,13,39,23,2,19.639902871927937,0.8697435897435898,England,89.90963855421687,10.391566265060241,65.36144578313254,33.33333333333333
2499910,1651,323,269,64,34,15,231,79,8,36,5,0,19.12158971353779,2.9871794871794872,England,83.28173374613003,19.814241486068113,71.51702786377709,10.126582278481013
2499911,1609,630,545,72,71,44,421,69,14,50,15,3,17.030183036791538,2.957042957042957,England,86.5079365079365,11.428571428571429,66.82539682539682,20.28985507246377
2499911,1628,311,246,64,50,33,212,89,21,45,15,2,18.391324683042583,2.8636363636363638,England,79.09967845659163,20.578778135048232,68.16720257234726,23.595505617977526
2499912,1639,332,256,60,50,14,241,77,11,41,15,1,18.105197534960322,3.142458100558659,England,77.10843373493977,18.072289156626507,72.59036144578313,14.285714285714285
2499912,1673,507,431,76,65,38,367,74,22,52,15,1,18.79914789926675,1.4568690095846646,England,85.00986193293886,14.990138067061142,72.38658777120315,29.72972972972973
2499913,1612,569,503,98,81,43,343,44,13,29,20,5,21.235241456247845,1.558645707376058,England,88.40070298769771,17.223198594024606,60.28119507908612,29.545454545454547
2499913,10531,464,410,63,42,16,306,71,10,37,6,0,17.762956498896976,1.7196382428940569,England,88.36206896551724,13.577586206896552,65.94827586206897,14.084507042253522
2499914,1611,634,539,91,82,58,462,35,23,50,21,2,20.385540217200187,0.78125,England,85.01577287066246,14.353312302839116,72.87066246056783,65.71428571428571
2499914,1646,220,168,48,33,10,142,65,14,37,2,1,20.131611009213465,4.260942760942761,England,76.36363636363637,21.818181818181817,64.54545454545455,21.53846153846154
2499915,1613,197,133,49,28,9,113,84,20,44,5,0,19.041480786800086,5.065891472868217,England,67.51269035532995,24.873096446700508,57.360406091370564,23.809523809523807
2499915,1625,798,728,63,119,36,546,44,21,37,19,1,16.90544150909953,2.7834877843302444,England,91.22807017543859,7.894736842105263,68.42105263157895,47.72727272727273
2499916,1619,335,256,72,55,27,243,82,32,40,16,2,18.965871237186818,4.166666666666667,England,76.4179104477612,21.492537313432834,72.53731343283583,39.02439024390244
2499916,1624,469,400,69,57,35,276,62,19,41,15,5,18.330149786749523,2.75990099009901,England,85.28784648187633,14.712153518123666,58.84861407249466,30.64516129032258
2499917,1631,342,248,84,54,27,239,76,21,68,8,1,18.73419354570692,5.635116598079561,England,72.51461988304094,24.561403508771928,69.88304093567251,27.631578947368425
2499917,1644,331,238,58,50,23,260,69,19,59,10,1,17.839886103921092,3.295275590551181,England,71.90332326283988,17.522658610271904,78.54984894259819,27.536231884057973
2499918,1623,324,248,80,57,21,238,67,18,61,5,0,18.695426556828433,3.218878248974008,England,76.5432098765432,24.691358024691358,73.4567901234568,26.865671641791046
2499918,1627,364,275,86,72,41,290,45,15,54,13,0,21.582385818737666,2.8830985915492957,England,75.54945054945054,23.626373626373624,79.67032967032966,33.33333333333333
2499919,1623,461,365,96,75,28,268,98,27,38,7,1,18.634653065308243,3.967251461988304,England,79.17570498915401,20.824295010845987,58.13449023861171,27.55102040816326
2499919,1659,384,289,58,65,39,275,36,10,50,17,2,18.56111682161298,3.7,England,75.26041666666666,15.104166666666666,71.61458333333334,27.77777777777778
2499920,1610,637,575,96,87,31,428,45,12,36,18,4,20.97076013965929,0.26185344827586204,England,90.2668759811617,15.070643642072213,67.18995290423861,26.666666666666668
2499920,1639,437,378,78,50,10,296,71,13,28,1,0,19.831362710629346,1.4667590027700832,England,86.49885583524028,17.84897025171625,67.7345537757437,18.30985915492958
2499921,1625,609,538,64,60,43,409,45,19,51,11,0,17.273913002510277,3.8802030456852794,England,88.3415435139573,10.50903119868637,67.15927750410509,42.22222222222222
2499921,1628,182,119,56,39,15,120,71,19,44,10,0,21.154378826865084,5.551526717557252,England,65.38461538461539,30.76923076923077,65.93406593406593,26.76056338028169
2499922,1646,262,192,63,70,17,193,53,18,58,9,0,19.45677277275887,5.8452579034941765,England,73.2824427480916,24.045801526717558,73.66412213740458,33.9622641509434
2499922,1673,347,265,80,49,21,226,49,10,54,3,0,19.303286617803394,4.310924369747899,England,76.36887608069163,23.054755043227665,65.12968299711815,20.408163265306122
2499923,1612,553,466,89,77,54,391,55,25,59,17,2,19.043232185467122,1.698744769874477,England,84.26763110307414,16.09403254972875,70.70524412296564,45.45454545454545
2499923,1631,336,246,57,43,26,235,56,5,48,6,1,20.109226518857927,4.720588235294118,England,73.21428571428571,16.964285714285715,69.94047619047619,8.928571428571429
2499924,1611,478,404,84,67,41,357,72,29,41,13,0,18.8521453301648,2.2277339346110483,England,84.51882845188284,17.573221757322173,74.68619246861925,40.27777777777778
2499924,1619,405,342,68,47,25,279,68,27,44,7,0,18.44220600918752,4.16796875,England,84.44444444444444,16.790123456790123,68.88888888888889,39.705882352941174
2499925,1613,385,303,70,69,21,266,54,13,52,11,0,18.790422653793094,3.091156462585034,England,78.70129870129871,18.181818181818183,69.0909090909091,24.074074074074073
2499925,1651,495,402,90,50,20,365,63,12,40,8,0,19.50396118786651,4.2823529411764705,England,81.21212121212122,18.181818181818183,73.73737373737373,19.047619047619047
2499926,1624,666,569,85,110,44,427,62,35,37,28,1,19.318203848060456,0.32429906542056075,England,85.43543543543544,12.762762762762764,64.11411411411412,56.451612903225815
2499926,1633,244,180,47,36,9,188,77,10,47,3,1,17.48742299524552,4.071090047393365,England,73.77049180327869,19.262295081967213,77.04918032786885,12.987012987012985
2499927,1644,467,408,84,68,20,362,74,26,39,9,1,18.163849492123312,2.740740740740741,England,87.36616702355461,17.987152034261243,77.51605995717344,35.13513513513514
2499927,10531,445,386,88,62,13,320,62,14,50,9,2,18.57758506705481,3.5006211180124223,England,86.74157303370787,19.775280898876403,71.91011235955057,22.58064516129032
2499928,1609,624,526,95,83,35,430,48,12,44,12,0,18.926131508248268,3.983783783783784,England,84.2948717948718,15.224358974358973,68.91025641025641,25.0
2499928,1627,329,251,88,64,28,224,67,23,42,9,0,21.738944134716803,3.7658610271903323,England,76.29179331306992,26.74772036474164,68.08510638297872,34.32835820895522
2499929,1609,577,506,84,79,47,363,71,25,44,12,2,20.21297029153044,2.3796909492273732,England,87.69497400346621,14.558058925476603,62.911611785095324,35.2112676056338
2499929,1610,399,339,79,46,33,257,56,24,35,17,1,20.67813129267913,4.028767123287671,England,84.9624060150376,19.799498746867165,64.41102756892231,42.857142857142854
2499930,1651,358,291,75,38,35,246,77,18,44,13,2,19.53736152234772,2.661664392905866,England,81.28491620111731,20.949720670391063,68.71508379888269,23.376623376623375
2499930,1659,385,331,53,44,31,285,45,18,52,22,2,17.302807151640152,3.6345177664974617,England,85.97402597402596,13.766233766233766,74.02597402597402,40.0
2499931,1612,502,417,95,61,34,336,51,17,45,18,2,19.80849487871007,4.517772511848341,England,83.06772908366534,18.92430278884462,66.93227091633466,33.33333333333333
2499931,1646,341,264,80,60,30,246,49,14,44,10,1,22.53466526905197,4.821589205397301,England,77.41935483870968,23.46041055718475,72.14076246334311,28.57142857142857
2499932,1611,562,492,73,76,31,384,77,13,48,21,2,17.812916879795818,3.8553191489361702,England,87.54448398576513,12.98932384341637,68.32740213523132,16.883116883116884
2499932,1623,353,289,63,55,30,232,54,13,38,10,0,19.523881130943273,3.601123595505618,England,81.86968838526913,17.847025495750707,65.72237960339945,24.074074074074073
2499933,1631,462,380,75,68,28,329,69,15,47,11,3,18.409303538626524,2.6482352941176472,England,82.25108225108225,16.233766233766232,71.21212121212122,21.73913043478261
2499933,1673,461,383,75,54,15,319,81,28,34,6,0,17.57407623591774,3.3127187864644108,England,83.08026030368764,16.268980477223426,69.19739696312365,34.5679012345679
2499934,1625,843,774,69,80,50,583,61,28,47,14,2,17.82238095958103,1.3450586264656617,England,91.81494661921708,8.185053380782918,69.15776986951364,45.90163934426229
2499934,1644,244,186,36,46,13,168,73,16,37,6,1,17.798235834251624,3.892988929889299,England,76.22950819672131,14.754098360655737,68.85245901639344,21.91780821917808
2499935,1619,546,455,87,81,29,401,98,19,47,9,1,18.742991007916086,2.819502074688797,England,83.33333333333334,15.934065934065933,73.44322344322345,19.387755102040817
2499935,1628,316,242,71,62,25,223,70,29,57,10,2,18.149712025802188,4.421768707482993,England,76.58227848101265,22.468354430379748,70.56962025316456,41.42857142857143
2499936,1613,300,221,70,48,31,175,76,17,46,13,1,19.441096750895415,5.061313868613139,England,73.66666666666667,23.333333333333332,58.333333333333336,22.36842105263158
2499936,1639,448,362,104,75,33,328,48,15,48,10,0,20.174747708420945,3.479115479115479,England,80.80357142857143,23.214285714285715,73.21428571428571,31.25
2499937,1624,644,571,75,89,29,422,60,23,49,11,2,18.65408845295277,3.1331236897274635,England,88.66459627329193,11.645962732919255,65.527950310559,38.333333333333336
2499937,10531,293,223,76,43,16,195,54,3,40,7,0,21.818471010120167,3.006861063464837,England,76.10921501706484,25.938566552901023,66.55290102389078,5.555555555555555
2499938,1627,410,335,83,64,25,301,60,5,39,10,1,18.61414585713012,5.122905027932961,England,81.70731707317073,20.243902439024392,73.41463414634146,8.333333333333332
2499938,1633,452,370,92,69,44,325,64,15,45,12,2,20.07815273561477,4.589076723016905,England,81.85840707964603,20.353982300884958,71.90265486725663,23.4375
2499939,1609,514,415,79,71,37,339,72,16,42,11,1,18.103645883880855,4.310869565217391,England,80.73929961089495,15.369649805447471,65.95330739299611,22.22222222222222
2499939,1659,322,240,56,51,29,246,80,34,51,13,2,18.50145864694321,3.8466494845360826,England,74.53416149068323,17.391304347826086,76.3975155279503,42.5
2499940,1610,478,402,86,71,33,354,68,25,50,15,0,21.605793186008118,1.8426829268292684,England,84.10041841004184,17.99163179916318,74.05857740585773,36.76470588235294
2499940,1631,392,327,93,68,27,277,58,11,40,12,0,21.328417044580632,4.365921787709497,England,83.41836734693877,23.72448979591837,70.66326530612244,18.96551724137931
2499941,1628,281,209,74,62,17,188,57,14,42,15,1,20.712846284764833,4.065420560747664,England,74.37722419928826,26.334519572953734,66.90391459074732,24.561403508771928
2499941,1646,371,303,89,68,23,265,59,20,47,7,0,19.13557597072331,4.865869853917663,England,81.6711590296496,23.98921832884097,71.42857142857143,33.89830508474576
2499942,1633,291,224,55,53,11,203,68,17,50,6,4,16.36513018729906,4.614678899082569,England,76.97594501718214,18.900343642611684,69.7594501718213,25.0
2499942,1673,518,433,93,59,22,323,91,24,44,8,1,19.015988934706375,2.12183908045977,England,83.59073359073359,17.953667953667953,62.35521235521235,26.373626373626376
2499943,1612,349,275,80,60,20,215,94,15,29,16,4,21.074137615953074,2.366896551724138,England,78.79656160458453,22.922636103151863,61.60458452722063,15.957446808510639
2499943,1625,635,557,92,67,21,392,82,19,46,11,3,18.82558048360152,2.3154761904761907,England,87.71653543307086,14.488188976377952,61.732283464566926,23.170731707317074
2499944,1611,590,533,80,63,39,414,56,32,34,17,3,19.62528201280312,0.7354910714285714,England,90.33898305084746,13.559322033898304,70.16949152542374,57.14285714285714
2499944,1639,356,303,50,53,12,223,81,13,34,11,0,18.784701547891466,2.189312977099237,England,85.1123595505618,14.04494382022472,62.64044943820225,16.049382716049383
2499945,1613,340,277,66,57,28,240,63,26,41,10,1,19.30296977976237,3.2447257383966246,England,81.47058823529412,19.411764705882355,70.58823529411765,41.269841269841265
2499945,10531,459,389,105,65,17,361,38,9,57,7,1,19.722113446841142,3.430538172715895,England,84.74945533769062,22.875816993464053,78.64923747276688,23.684210526315788
2499946,1623,343,265,64,52,15,213,88,25,37,5,0,18.22747139076488,4.054091539528433,England,77.25947521865889,18.658892128279884,62.09912536443149,28.40909090909091
2499946,1624,549,475,87,75,30,379,54,23,52,20,4,18.629612888602622,1.6297872340425532,England,86.52094717668488,15.846994535519126,69.03460837887067,42.592592592592595
2499947,1619,353,261,65,51,25,251,75,18,47,8,2,18.007929376164036,3.781163434903047,England,73.93767705382436,18.413597733711047,71.10481586402267,24.0
2499947,1644,433,345,78,60,39,315,58,18,64,15,2,18.838838055927386,1.988833746898263,England,79.67667436489607,18.013856812933028,72.74826789838336,31.03448275862069
2499948,1627,311,242,71,58,21,202,44,12,52,14,2,21.619928099255784,3.3490701001430616,England,77.81350482315112,22.829581993569132,64.95176848874597,27.27272727272727
2499948,1651,429,341,103,72,32,303,80,29,45,13,0,19.766161358783457,4.100244498777506,England,79.48717948717949,24.00932400932401,70.62937062937063,36.25
2499949,1609,760,694,73,86,42,468,77,21,22,15,4,16.755966080195822,1.551418439716312,England,91.3157894736842,9.605263157894736,61.578947368421055,27.27272727272727
2499949,1628,407,336,81,68,28,302,62,16,32,9,1,20.25858097214145,3.5616246498599438,England,82.55528255528255,19.901719901719904,74.2014742014742,25.806451612903224
2499950,1610,518,463,55,51,28,283,55,8,37,11,4,17.32675424420313,2.930622009569378,England,89.38223938223938,10.617760617760617,54.633204633204635,14.545454545454545
2499950,1651,353,286,76,49,31,242,57,16,35,11,0,20.752177331384193,1.6491499227202473,England,81.01983002832861,21.529745042492916,68.55524079320114,28.07017543859649
2499951,1611,442,364,78,57,29,305,81,18,48,12,1,17.14523805889023,4.5375,England,82.35294117647058,17.647058823529413,69.00452488687783,22.22222222222222
2499951,1646,408,333,74,68,39,263,67,17,46,12,0,20.156600506879563,3.7154150197628457,England,81.61764705882352,18.137254901960784,64.4607843137255,25.37313432835821
2499952,1623,462,361,78,59,24,317,106,32,53,8,1,17.490829261034254,3.893478260869565,England,78.13852813852814,16.883116883116884,68.61471861471861,30.18867924528302
2499952,1627,317,227,58,49,20,229,67,22,55,15,1,16.925576550704594,5.3878378378378375,England,71.60883280757098,18.29652996845426,72.2397476340694,32.83582089552239
2499953,1631,407,339,73,65,22,265,62,26,42,7,1,19.568292053721816,3.380952380952381,England,83.29238329238329,17.936117936117938,65.1105651105651,41.935483870967744
2499953,1644,348,267,56,48,23,248,87,19,41,8,0,17.938349157129466,4.568820224719101,England,76.72413793103449,16.091954022988507,71.26436781609196,21.839080459770116
2499954,1613,158,110,44,31,9,104,72,10,39,6,1,19.462258705963745,3.392,England,69.62025316455697,27.848101265822784,65.82278481012658,13.88888888888889
2499954,1625,798,714,78,98,63,564,44,14,51,18,2,18.29327506974506,0.6563573883161512,England,89.47368421052632,9.774436090225564,70.67669172932331,31.818181818181817
2499955,1619,313,240,59,55,26,223,66,13,47,9,0,18.620986239792604,4.174772036474164,England,76.6773162939297,18.849840255591054,71.24600638977637,19.696969696969695
2499955,1624,462,391,66,58,40,305,59,13,50,12,1,19.068196424642025,4.268856447688565,England,84.63203463203463,14.285714285714285,66.01731601731602,22.033898305084744
2499956,1639,277,183,79,67,20,193,61,13,51,11,2,20.308430754254935,4.280058651026393,England,66.06498194945848,28.51985559566787,69.67509025270758,21.311475409836063
2499956,1673,285,193,74,58,12,179,59,19,72,6,0,19.480736038825285,5.247437774524158,England,67.71929824561404,25.964912280701753,62.807017543859644,32.20338983050847
2499957,1612,734,652,94,137,47,441,65,31,37,19,0,18.681356065809595,3.4734848484848486,England,88.8283378746594,12.806539509536785,60.08174386920982,47.69230769230769
2499957,10531,264,204,59,45,8,177,37,2,45,3,1,20.069896765627437,6.081996434937611,England,77.27272727272727,22.348484848484848,67.04545454545455,5.405405405405405
2499958,1633,374,295,80,57,36,288,69,16,51,13,1,20.501641435630795,2.4347826086956523,England,78.87700534759358,21.390374331550802,77.00534759358288,23.18840579710145
2499958,1659,419,329,60,75,24,304,64,9,38,9,1,17.76069367423929,4.4628422425032594,England,78.52028639618138,14.319809069212411,72.55369928400954,14.0625
2499959,1612,901,809,130,123,38,587,56,15,36,14,2,18.57344060875641,3.100418410041841,England,89.7891231964484,14.428412874583795,65.14983351831299,26.785714285714285
2499959,1673,279,211,52,39,14,185,40,6,31,3,0,19.593360347625506,5.358288770053476,England,75.62724014336918,18.63799283154122,66.30824372759857,15.0
2499960,1609,889,825,69,101,42,591,50,21,30,7,1,16.934240277394476,2.1202090592334493,England,92.80089988751406,7.761529808773904,66.47919010123734,42.0
2499960,10531,278,221,58,36,19,217,42,2,33,11,3,19.98444674478929,3.901098901098901,England,79.49640287769785,20.863309352517987,78.05755395683454,4.761904761904762
2499961,1628,434,364,60,68,31,312,57,18,44,8,1,17.57398000499889,3.5634824667472795,England,83.87096774193549,13.82488479262673,71.88940092165899,31.57894736842105
2499961,1633,287,214,69,46,26,221,67,19,48,6,0,19.273727925775415,3.6898222940226173,England,74.56445993031359,24.041811846689896,77.00348432055749,28.35820895522388
2499962,1610,578,488,99,89,35,365,49,16,51,15,0,19.895522160135265,1.6077348066298343,England,84.42906574394463,17.1280276816609,63.148788927335644,32.6530612244898
2499962,1659,317,254,49,40,9,221,101,24,43,11,3,19.39989259042485,4.5997088791848615,England,80.12618296529969,15.457413249211358,69.71608832807571,23.762376237623762
2499963,1623,331,253,74,58,27,271,60,27,46,11,2,19.52880172813158,3.9061624649859943,England,76.43504531722054,22.356495468277945,81.87311178247734,45.0
2499963,1631,431,319,81,63,25,307,44,11,61,6,0,19.377940008475576,4.8483221476510066,England,74.0139211136891,18.793503480278424,71.22969837587007,25.0
2499964,1613,373,299,85,56,22,263,64,14,52,13,1,19.630283376821215,2.5883777239709445,England,80.16085790884718,22.78820375335121,70.50938337801608,21.875
2499964,1646,326,238,82,59,23,257,70,22,63,11,0,19.607933246369903,4.28393351800554,England,73.00613496932516,25.153374233128833,78.83435582822086,31.428571428571427
2499965,1619,604,512,102,104,40,439,61,21,50,17,1,19.713548942911846,1.3470648815653965,England,84.76821192052981,16.887417218543046,72.68211920529801,34.42622950819672
2499965,1651,252,178,51,57,17,179,54,11,40,7,0,18.052629112043014,4.791946308724833,England,70.63492063492063,20.238095238095237,71.03174603174604,20.37037037037037
2499966,1625,669,591,86,87,53,494,54,22,37,17,3,19.023233978422763,0.0954356846473029,England,88.34080717488789,12.855007473841553,73.84155455904335,40.74074074074074
2499966,1627,217,163,37,21,6,153,58,6,37,3,0,17.721679034292514,2.5553398058252426,England,75.11520737327189,17.050691244239633,70.50691244239631,10.344827586206897
2499967,1639,251,171,65,55,21,173,61,16,51,9,0,20.09916039661192,3.707620528771384,England,68.12749003984064,25.89641434262948,68.92430278884463,26.229508196721312
2499967,1644,269,187,61,51,23,162,43,11,60,11,0,18.640889860318723,5.049773755656108,England,69.51672862453532,22.676579925650557,60.223048327137555,25.581395348837212
2499968,1611,450,364,86,47,29,315,65,13,40,6,0,19.088775928300883,2.979220779220779,England,80.88888888888889,19.11111111111111,70.0,20.0
2499968,1624,501,427,69,84,37,332,80,30,40,22,1,19.459759469017325,2.1238425925925926,England,85.22954091816366,13.77245508982036,66.26746506986028,37.5
2499969,1639,317,238,79,64,24,216,98,23,46,13,1,20.253366083080834,5.956582633053221,England,75.0788643533123,24.9211356466877,68.13880126182966,23.46938775510204
2499969,1659,392,306,59,53,34,250,64,21,63,11,2,17.860274620636343,2.8869257950530036,England,78.06122448979592,15.051020408163266,63.775510204081634,32.8125
2499970,1609,523,459,61,65,29,340,68,7,34,14,5,18.564098868050536,2.1241299303944317,England,87.76290630975143,11.663479923518166,65.00956022944551,10.294117647058822
2499970,1623,355,301,70,67,27,256,54,27,43,11,1,18.989263059298164,3.6884057971014492,England,84.78873239436619,19.718309859154928,72.11267605633803,50.0
2499971,1633,355,285,67,53,17,257,59,9,53,3,1,18.011679541295443,3.3607503607503606,England,80.28169014084507,18.87323943661972,72.3943661971831,15.254237288135593
2499971,1651,441,361,91,64,29,329,44,15,58,23,3,21.3002501945501,1.2123893805309736,England,81.85941043083899,20.634920634920633,74.60317460317461,34.090909090909086
2499972,1625,672,584,92,67,47,469,30,5,50,18,1,19.47468373806038,2.8338249754178957,England,86.90476190476191,13.690476190476192,69.79166666666666,16.666666666666664
2499972,1646,251,189,60,58,18,173,47,13,37,7,1,21.177740632652522,3.703971119133574,England,75.2988047808765,23.904382470119522,68.92430278884463,27.659574468085108
2499973,1613,330,253,61,38,19,189,64,5,54,10,1,18.820535220405944,3.805673758865248,England,76.66666666666667,18.484848484848484,57.27272727272727,7.8125
2499973,1628,408,328,77,74,42,307,47,18,56,19,0,20.227272429209247,2.060529634300126,England,80.3921568627451,18.872549019607842,75.24509803921569,38.297872340425535
2499974,1631,519,430,86,79,38,367,52,13,47,13,1,19.93757408181089,2.513189448441247,England,82.85163776493256,16.570327552986512,70.71290944123314,25.0
2499974,10531,324,254,64,41,12,225,50,13,49,3,1,19.588901540622874,4.063174114021572,England,78.39506172839506,19.753086419753085,69.44444444444444,26.0
2499975,1612,294,214,82,52,25,194,63,17,29,8,2,20.361222233939376,4.9890625,England,72.78911564625851,27.89115646258503,65.98639455782312,26.984126984126984
2499975,1624,570,464,98,81,37,356,51,11,47,10,1,19.00848657381619,4.012429378531073,England,81.40350877192982,17.192982456140353,62.4561403508772,21.568627450980394
2499976,1611,765,676,84,98,50,469,40,19,44,16,2,18.321436388238126,1.0414041404140415,England,88.36601307189542,10.980392156862745,61.30718954248366,47.5
2499976,1673,268,200,47,35,16,168,103,12,26,2,0,16.911244906818222,4.27027027027027,England,74.6268656716418,17.537313432835823,62.68656716417911,11.650485436893204
2499977,1610,480,417,83,54,22,305,64,11,31,6,1,19.14048378197494,2.252577319587629,England,86.875,17.291666666666668,63.541666666666664,17.1875
2499977,1644,387,318,71,59,33,242,72,24,35,19,3,20.862712565203648,1.07,England,82.17054263565892,18.34625322997416,62.532299741602074,33.33333333333333
2499978,1619,499,420,91,75,27,328,58,16,51,11,2,18.38900842226787,4.223728813559322,England,84.16833667334669,18.236472945891784,65.7314629258517,27.586206896551722
2499978,1627,287,206,81,54,30,211,59,25,47,6,2,20.993759354354214,4.6256,England,71.77700348432056,28.222996515679444,73.5191637630662,42.3728813559322
2499979,1610,547,474,69,61,37,398,77,21,40,17,3,18.423487279297838,1.8349206349206348,England,86.654478976234,12.614259597806216,72.76051188299817,27.27272727272727
2499979,1627,396,324,72,62,27,252,63,20,35,7,0,18.513754990383788,3.3901408450704227,England,81.81818181818183,18.181818181818183,63.63636363636363,31.746031746031743
2499980,1623,373,291,84,56,26,279,60,25,52,8,3,19.499031503052503,3.4896265560165975,England,78.01608579088472,22.5201072386059,74.79892761394102,41.66666666666667
2499980,1628,317,249,57,50,30,223,64,16,52,13,0,17.407134082789824,4.741329479768786,England,78.54889589905363,17.981072555205046,70.34700315457413,25.0
2499981,1659,399,293,62,51,24,316,64,18,60,7,1,17.168618655222232,4.416141235813367,England,73.43358395989975,15.538847117794486,79.19799498746866,28.125
2499981,1673,412,316,89,66,30,306,76,21,48,12,3,20.897915301341378,3.246770025839793,England,76.69902912621359,21.601941747572813,74.27184466019418,27.631578947368425
2499982,1625,685,602,80,91,48,471,42,26,39,18,5,19.207718720353036,1.4253214638971317,England,87.88321167883211,11.678832116788321,68.75912408759123,61.904761904761905
2499982,1631,249,178,55,37,15,176,82,9,29,2,1,21.38377539657277,3.297345132743363,England,71.4859437751004,22.08835341365462,70.68273092369478,10.975609756097562
2499983,1611,605,510,95,72,39,404,49,15,58,12,0,17.227503929150146,3.9782608695652173,England,84.29752066115702,15.702479338842975,66.77685950413223,30.612244897959183
2499983,1613,334,243,60,51,20,193,79,25,36,9,1,17.221827456430567,4.2623413258110014,England,72.75449101796407,17.964071856287426,57.784431137724546,31.645569620253166
2499984,1612,474,400,67,55,26,299,72,18,35,15,2,17.490760694473156,3.9427527405602922,England,84.38818565400844,14.135021097046414,63.0801687763713,25.0
2499984,1619,526,437,87,63,22,374,50,11,47,6,0,18.416500636861933,3.1341176470588237,England,83.07984790874525,16.53992395437262,71.10266159695817,22.0
2499985,1639,458,357,83,75,36,311,52,13,73,15,1,19.889023275744986,3.392857142857143,England,77.9475982532751,18.12227074235808,67.90393013100436,25.0
2499985,1651,325,242,66,53,27,249,73,17,42,14,1,19.46201936988117,5.3419618528610355,England,74.46153846153845,20.307692307692307,76.61538461538461,23.28767123287671
2499986,1646,318,255,91,54,11,218,57,6,44,12,0,21.074062308861016,5.352671755725191,England,80.18867924528303,28.61635220125786,68.55345911949685,10.526315789473683
2499986,10531,450,360,100,56,39,317,46,18,43,12,1,20.612413721849485,2.482716049382716,England,80.0,22.22222222222222,70.44444444444444,39.130434782608695
2499987,1609,488,409,83,64,24,290,78,7,32,6,0,19.24341561925012,3.4199759326113117,England,83.81147540983606,17.008196721311474,59.42622950819673,8.974358974358974
2499987,1624,488,410,87,85,33,318,47,21,44,15,1,21.169859763368585,2.3248730964467006,England,84.01639344262296,17.827868852459016,65.1639344262295,44.680851063829785
2499988,1633,223,152,53,48,21,155,72,20,46,7,2,20.395979900789317,5.046104928457869,England,68.16143497757847,23.766816143497756,69.50672645739911,27.77777777777778
2499988,1644,421,330,82,65,47,326,60,12,50,8,0,19.363451512301232,4.624365482233503,England,78.38479809976246,19.47743467933492,77.43467933491686,20.0
2499989,1613,307,238,65,57,20,195,92,21,36,12,2,18.184098849432004,4.46079779917469,England,77.52442996742671,21.172638436482085,63.51791530944625,22.82608695652174
2499989,1659,544,452,83,74,49,386,64,17,56,17,2,19.792034478323288,2.448058761804827,England,83.08823529411765,15.257352941176471,70.95588235294117,26.5625
2499990,1609,515,428,87,84,23,373,96,34,45,8,0,17.798987500399104,1.8553092182030337,England,83.10679611650485,16.893203883495143,72.42718446601941,35.41666666666667
2499990,1625,616,543,60,52,18,434,60,10,38,9,3,16.481344437240416,2.6212590299277605,England,88.14935064935064,9.740259740259742,70.45454545454545,16.666666666666664
2499991,1651,385,309,66,60,32,260,60,13,32,14,3,19.114573633533983,2.869688385269122,England,80.25974025974027,17.142857142857142,67.53246753246754,21.666666666666668
2499991,10531,402,326,87,56,11,284,50,17,60,11,0,19.39003760928849,3.706040268456376,England,81.09452736318407,21.641791044776117,70.64676616915423,34.0
2499992,1619,365,268,79,69,16,250,85,26,50,12,1,18.238060434118182,4.31960049937578,England,73.42465753424658,21.643835616438356,68.4931506849315,30.58823529411765
2499992,1646,350,266,95,68,36,245,48,13,59,9,1,20.62235929695929,3.714681440443213,England,76.0,27.142857142857142,70.0,27.083333333333332
2499993,1624,645,559,84,90,43,447,46,22,61,11,1,18.261663233670877,3.42594385285576,England,86.66666666666667,13.023255813953488,69.30232558139535,47.82608695652174
2499993,1628,181,119,48,25,12,120,79,10,49,4,0,20.01803818746087,4.930188679245283,England,65.74585635359117,26.519337016574585,66.29834254143645,12.658227848101266
2499994,1631,444,344,111,68,38,320,62,22,60,18,0,21.325210008205975,2.1713286713286712,England,77.47747747747748,25.0,72.07207207207207,35.483870967741936
2499994,1639,209,138,62,50,16,137,93,27,48,5,1,20.458832411301294,4.1496913580246915,England,66.02870813397129,29.665071770334926,65.55023923444976,29.03225806451613
2499995,1612,711,613,105,101,55,506,52,15,39,19,4,19.412890086886083,1.0770750988142292,England,86.21659634317862,14.767932489451477,71.16736990154712,28.846153846153843
2499995,1633,315,244,48,46,7,223,47,14,45,7,1,18.54319400202608,1.9918831168831168,England,77.46031746031747,15.238095238095239,70.7936507936508,29.78723404255319
2499996,1610,527,455,61,67,25,329,83,16,35,13,1,17.540536608441176,3.497816593886463,England,86.33776091081594,11.57495256166983,62.428842504743834,19.27710843373494
2499996,1611,414,352,51,58,24,252,82,16,36,8,2,17.37727833327197,2.7213541666666665,England,85.02415458937197,12.318840579710146,60.86956521739131,19.51219512195122
2499997,1623,334,247,79,57,20,239,83,24,53,4,0,17.48601815051626,4.2441253263707575,England,73.95209580838323,23.652694610778443,71.55688622754491,28.915662650602407
2499997,1644,392,311,79,65,22,251,75,29,48,12,1,19.193436774864477,2.779187817258883,England,79.33673469387756,20.153061224489797,64.03061224489795,38.666666666666664
2499998,1627,379,276,81,66,21,283,79,21,54,11,1,20.302560533323348,3.0641183723797782,England,72.82321899736148,21.372031662269126,74.67018469656992,26.582278481012654
2499998,1673,327,230,55,60,15,237,81,22,54,14,2,17.78101109323368,4.903448275862069,England,70.33639143730886,16.819571865443425,72.47706422018348,27.160493827160494
2499999,1609,580,501,54,60,42,356,39,16,56,13,1,16.36972042796761,2.677319587628866,England,86.37931034482759,9.310344827586208,61.37931034482759,41.02564102564102
2499999,1651,265,202,59,34,26,201,69,23,38,13,2,20.036294854583556,1.9738988580750407,England,76.22641509433963,22.264150943396228,75.84905660377359,33.33333333333333
2500000,1623,325,237,65,60,18,234,64,17,46,10,1,18.637892888683883,5.245637583892617,England,72.92307692307692,20.0,72.0,26.5625
2500000,1646,395,302,105,72,36,319,68,26,63,21,2,22.557977841057014,2.5153452685421995,England,76.45569620253164,26.582278481012654,80.75949367088607,38.23529411764706
2500001,1611,624,545,91,89,35,379,63,19,53,14,3,18.215495141240012,3.5682281059063135,England,87.33974358974359,14.583333333333334,60.73717948717948,30.158730158730158
2500001,1628,249,182,61,50,20,175,69,17,37,9,2,21.05768023329796,4.310965630114566,England,73.09236947791165,24.497991967871485,70.28112449799197,24.637681159420293
2500002,1631,425,316,96,70,43,310,69,14,55,18,0,21.464522904151828,0.8210023866348448,England,74.3529411764706,22.58823529411765,72.94117647058823,20.28985507246377
2500002,1659,339,248,57,64,20,236,45,8,46,7,0,18.61617622801178,3.8622589531680442,England,73.15634218289085,16.8141592920354,69.6165191740413,17.77777777777778
2500003,1612,742,662,133,109,29,565,80,25,35,14,2,20.257498622998412,1.671573137074517,England,89.21832884097036,17.92452830188679,76.1455525606469,31.25
2500003,1613,285,215,57,40,14,191,55,10,40,6,0,19.227649443028934,5.3409461663947795,England,75.43859649122807,20.0,67.01754385964912,18.181818181818183
2500004,1610,366,296,54,29,13,239,56,9,41,3,0,19.2035692742893,3.199367088607595,England,80.87431693989072,14.754098360655737,65.30054644808743,16.071428571428573
2500004,1625,958,892,71,104,26,694,47,33,33,13,1,16.636477294552584,0.9169381107491856,England,93.1106471816284,7.411273486430063,72.44258872651356,70.2127659574468
2500005,1619,412,335,90,78,41,308,47,19,72,17,0,21.193779616193677,1.780104712041885,England,81.31067961165049,21.844660194174757,74.75728155339806,40.42553191489361
2500005,1639,204,153,40,32,22,141,75,15,45,12,0,19.25957291700426,4.823429541595925,England,75.0,19.607843137254903,69.11764705882352,20.0
2500006,1633,507,420,79,64,19,334,69,11,24,7,1,18.477859825951622,3.6198347107438016,England,82.84023668639054,15.581854043392504,65.87771203155819,15.942028985507244
2500006,10531,398,320,64,45,15,301,64,26,46,8,3,17.81388941787765,3.3808219178082193,England,80.40201005025126,16.08040201005025,75.62814070351759,40.625
2500007,1624,785,692,80,106,43,442,38,14,48,14,2,17.079389906740563,2.3082437275985663,England,88.15286624203821,10.191082802547772,56.30573248407643,36.84210526315789
2500007,1673,256,170,66,47,17,170,98,25,31,3,0,18.66391133242805,5.1959798994974875,England,66.40625,25.78125,66.40625,25.510204081632654
2500008,1627,334,237,75,52,22,234,65,25,54,8,0,18.26209159867284,5.1573187414500685,England,70.95808383233533,22.45508982035928,70.05988023952095,38.46153846153847
2500008,1644,386,295,77,79,32,283,78,23,44,14,1,19.443727574799127,2.7937106918238994,England,76.42487046632125,19.94818652849741,73.31606217616581,29.48717948717949
2500009,1624,536,451,118,80,35,365,65,16,41,13,4,19.754119074244585,3.7022653721682848,England,84.14179104477611,22.01492537313433,68.09701492537313,24.615384615384617
2500009,1659,304,228,66,57,10,223,73,21,43,12,1,19.269969340470787,3.82370820668693,England,75.0,21.710526315789476,73.35526315789474,28.767123287671232
2500010,1609,480,406,50,50,31,342,69,16,41,10,3,17.512045961374216,2.6,England,84.58333333333333,10.416666666666668,71.25,23.18840579710145
2500010,1644,305,244,68,43,27,220,60,21,60,8,0,19.3598432238334,3.9571428571428573,England,80.0,22.295081967213115,72.1311475409836,35.0
2500011,1610,577,513,93,71,54,392,62,12,50,24,1,20.0743047333374,0.7061224489795919,England,88.90814558058926,16.11785095320624,67.93760831889082,19.35483870967742
2500011,1628,336,283,50,42,22,260,82,15,34,6,1,18.196868180172377,2.840220385674931,England,84.22619047619048,14.880952380952381,77.38095238095238,18.29268292682927
2500012,1623,404,320,79,58,31,276,51,22,58,12,1,19.4882660226542,2.342273307790549,England,79.20792079207921,19.554455445544555,68.31683168316832,43.13725490196079
2500012,1651,281,207,54,33,13,211,69,12,44,10,0,19.68825202581588,3.6899841017488075,England,73.66548042704626,19.217081850533805,75.08896797153025,17.391304347826086
2500013,1673,698,602,105,105,78,494,38,19,56,27,0,21.08086625149347,-0.5124875124875125,England,86.24641833810888,15.04297994269341,70.77363896848138,50.0
2500013,10531,145,95,35,15,3,90,50,8,48,0,0,20.496166303867867,3.3135593220338984,England,65.51724137931035,24.137931034482758,62.06896551724138,16.0
2500014,1611,253,196,53,43,16,161,69,16,45,4,2,19.558679833577568,4.616883116883117,England,77.4703557312253,20.948616600790515,63.63636363636363,23.18840579710145
2500014,1612,570,486,72,98,42,354,66,21,44,14,0,18.088012880688524,4.642699115044247,England,85.26315789473684,12.631578947368421,62.10526315789474,31.818181818181817
2500015,1613,266,197,64,49,18,191,68,12,54,8,3,20.131864782847305,4.784126984126984,England,74.06015037593986,24.06015037593985,71.80451127819549,17.647058823529413
2500015,1619,481,385,84,77,25,380,52,18,62,6,0,17.68824391777609,4.011778563015312,England,80.04158004158003,17.463617463617464,79.002079002079,34.61538461538461
2500016,1625,823,748,92,80,28,581,42,16,38,15,2,17.69823744633404,2.6403197158081704,England,90.88699878493317,11.178614823815309,70.59538274605103,38.095238095238095
2500016,1639,216,159,58,37,8,143,54,9,44,3,0,20.69587853016958,5.042016806722689,England,73.61111111111111,26.851851851851855,66.20370370370371,16.666666666666664
2500017,1627,337,264,60,60,20,238,57,10,55,7,1,19.923439333193777,4.229289940828402,England,78.33827893175074,17.804154302670625,70.62314540059347,17.543859649122805
2500017,1631,447,364,93,87,22,322,64,11,52,14,4,18.888592894156655,4.669117647058823,England,81.4317673378076,20.80536912751678,72.03579418344519,17.1875
2500018,1633,379,300,64,63,32,279,37,16,42,13,0,19.597596645267284,2.555878084179971,England,79.15567282321899,16.886543535620053,73.61477572559367,43.24324324324324
2500018,1646,363,297,62,47,28,235,46,9,48,7,3,18.28053817547976,4.308029197080292,England,81.81818181818183,17.079889807162534,64.73829201101928,19.565217391304348
2500019,1627,353,264,88,61,32,238,58,11,34,10,1,19.40726777489387,5.606980273141123,England,74.78753541076487,24.929178470254957,67.42209631728045,18.96551724137931
2500019,1659,554,464,101,85,35,396,64,28,43,12,1,19.374041068603578,2.4498910675381262,England,83.75451263537906,18.231046931407942,71.48014440433214,43.75
2500020,1610,596,523,77,63,38,388,51,15,37,15,1,17.461831839702818,4.258762886597938,England,87.75167785234899,12.919463087248323,65.1006711409396,29.411764705882355
2500020,1646,366,294,98,74,12,250,74,14,38,5,1,21.58986609305884,3.930780559646539,England,80.32786885245902,26.775956284153008,68.30601092896174,18.91891891891892
2500021,1628,341,254,53,44,18,251,81,16,57,15,1,15.862391350677779,4.48527528809219,England,74.48680351906158,15.542521994134898,73.60703812316716,19.753086419753085
2500021,1673,437,335,62,57,24,333,88,28,60,6,0,15.909603825033482,3.5092378752886835,England,76.65903890160183,14.187643020594965,76.20137299771167,31.818181818181817
2500022,1609,447,376,51,57,32,250,79,17,43,13,1,18.09078814722706,2.6509316770186335,England,84.11633109619687,11.409395973154362,55.92841163310962,21.518987341772153
2500022,1631,315,246,59,56,35,223,75,14,38,16,2,20.206051689418754,2.0964391691394657,England,78.0952380952381,18.73015873015873,70.7936507936508,18.666666666666668
2500023,1612,549,463,73,56,42,339,53,13,38,12,5,19.26158771958191,1.8660508083140877,England,84.3351548269581,13.296903460837886,61.74863387978142,24.528301886792452
2500023,1644,413,314,73,44,20,302,59,10,36,4,0,18.277209061153382,3.371308016877637,England,76.02905569007264,17.675544794188863,73.12348668280872,16.94915254237288
2500024,1625,831,766,48,89,57,488,48,23,37,18,3,16.57160622981943,1.1859649122807017,England,92.17809867629362,5.776173285198556,58.724428399518644,47.91666666666667
2500024,1651,290,245,51,28,8,205,53,9,35,6,1,17.990855867804363,3.40625,England,84.48275862068965,17.586206896551722,70.6896551724138,16.9811320754717
2500025,1623,430,350,61,56,30,288,59,30,43,15,2,17.910925875844253,4.696732026143791,England,81.3953488372093,14.186046511627906,66.97674418604652,50.847457627118644
2500025,1639,301,236,64,55,22,200,65,20,30,10,1,19.841284357897916,3.9599358974358974,England,78.40531561461795,21.262458471760798,66.44518272425249,30.76923076923077
2500026,1619,332,260,60,63,27,214,67,13,44,12,1,19.161810691652008,4.157381615598886,England,78.3132530120482,18.072289156626507,64.45783132530121,19.402985074626866
2500026,10531,380,304,94,63,25,276,47,12,60,11,0,20.92677882829862,2.1029224904701396,England,80.0,24.736842105263158,72.63157894736842,25.53191489361702
2500027,1613,290,214,61,48,28,198,71,7,40,13,0,18.41103054527573,4.7693474962063735,England,73.79310344827587,21.03448275862069,68.27586206896552,9.859154929577464
2500027,1624,549,459,95,89,27,359,41,15,55,10,1,19.455221618716546,2.619047619047619,England,83.60655737704919,17.304189435336976,65.39162112932605,36.58536585365854
2500028,1611,572,513,46,72,25,396,67,18,54,16,0,15.643145540287076,2.9477054429028815,England,89.6853146853147,8.041958041958042,69.23076923076923,26.865671641791046
2500028,1633,442,392,64,60,21,346,67,28,28,7,0,16.151545460494585,2.6156716417910446,England,88.68778280542986,14.479638009049776,78.28054298642535,41.7910447761194
2500029,1609,627,540,77,64,33,433,54,13,42,20,1,18.422585160256567,1.1881390593047034,England,86.1244019138756,12.280701754385964,69.05901116427432,24.074074074074073
2500029,1639,237,171,52,45,17,175,50,21,45,5,0,19.549395995655566,3.8231046931407944,England,72.15189873417721,21.940928270042196,73.83966244725738,42.0
2500030,1631,424,342,53,54,27,267,58,18,49,6,2,17.412313261487963,4.158505154639175,England,80.66037735849056,12.5,62.97169811320755,31.03448275862069
2500030,1651,378,290,79,70,26,275,48,10,48,12,0,19.99112706825508,2.8569482288828336,England,76.71957671957672,20.8994708994709,72.75132275132276,20.833333333333336
2500031,1610,459,376,87,67,36,309,70,24,46,14,1,21.021211744079803,1.491421568627451,England,81.91721132897604,18.954248366013072,67.3202614379085,34.285714285714285
2500031,1624,514,443,68,67,17,309,75,24,41,11,3,18.24374883173432,2.887514060742407,England,86.18677042801556,13.229571984435799,60.11673151750973,32.0
2500032,1612,661,556,89,85,53,415,79,22,39,15,2,17.403886557263792,4.173996175908222,England,84.11497730711044,13.464447806354011,62.78366111951589,27.848101265822784
2500032,1628,297,215,51,49,21,203,54,14,42,5,0,17.444605243731996,6.2784,England,72.39057239057239,17.17171717171717,68.35016835016835,25.925925925925924
2500033,1623,182,131,47,35,18,126,44,21,41,5,1,22.272295994075897,4.774038461538462,England,71.97802197802197,25.82417582417583,69.23076923076923,47.72727272727273
2500033,1625,940,876,66,88,44,579,37,11,41,18,3,16.69977206968452,2.4932912391475925,England,93.19148936170212,7.021276595744681,61.59574468085106,29.72972972972973
2500034,1611,731,656,80,79,38,488,49,28,34,11,2,18.32005799337603,1.0927218344965104,England,89.74008207934337,10.94391244870041,66.75786593707251,57.14285714285714
2500034,10531,363,303,65,39,19,258,74,22,42,3,0,18.41648336204654,3.3451463790446843,England,83.47107438016529,17.90633608815427,71.07438016528926,29.72972972972973
2500035,1613,563,478,83,85,27,384,60,23,45,15,1,19.024898445853953,1.735325506937033,England,84.90230905861456,14.742451154529308,68.20603907637656,38.333333333333336
2500035,1673,307,236,53,55,12,225,76,18,45,4,0,18.147309933934334,4.2,England,76.8729641693811,17.263843648208468,73.28990228013029,23.684210526315788
2500036,1619,561,483,83,79,42,337,57,17,35,14,1,19.498241959938188,1.9279907084785133,England,86.09625668449198,14.795008912655971,60.071301247771835,29.82456140350877
2500036,1633,260,201,68,49,19,165,64,30,42,16,2,22.55181504675964,4.15944540727903,England,77.3076923076923,26.153846153846157,63.46153846153846,46.875
2500037,1644,405,318,85,57,36,321,91,27,42,15,2,19.984496016421524,2.0246433203631646,England,78.51851851851852,20.98765432098765,79.25925925925927,29.67032967032967
2500037,1659,402,332,69,45,17,278,53,10,47,11,1,18.682150597788706,4.019280205655527,England,82.58706467661692,17.16417910447761,69.15422885572139,18.867924528301888
2500038,1627,399,322,103,56,36,291,65,15,42,9,1,19.97114235670806,3.8827493261455523,England,80.7017543859649,25.81453634085213,72.93233082706767,23.076923076923077
2500038,1646,440,357,110,76,25,327,51,18,46,10,2,19.64861841032642,4.50250626566416,England,81.13636363636364,25.0,74.31818181818181,35.294117647058826
2500039,1628,443,373,65,51,35,256,54,9,36,13,1,17.802693291410645,3.7773487773487773,England,84.19864559819413,14.672686230248308,57.78781038374717,16.666666666666664
2500039,1659,468,380,84,69,38,337,42,13,52,17,2,21.790489943625385,2.196358907672302,England,81.19658119658119,17.94871794871795,72.00854700854701,30.952380952380953
2500040,1609,685,604,67,91,27,453,46,14,46,11,3,17.947882861806125,2.142716535433071,England,88.17518248175182,9.781021897810218,66.13138686131387,30.434782608695656
2500040,1619,353,280,72,49,25,251,37,8,41,13,2,20.114212106079016,4.215170278637771,England,79.3201133144476,20.396600566572236,71.10481586402267,21.62162162162162
2500041,1651,323,243,76,62,21,231,64,13,51,12,0,19.833616137875637,3.3558368495077358,England,75.23219814241486,23.52941176470588,71.51702786377709,20.3125
2500041,1673,492,411,83,75,26,372,62,16,47,14,1,18.91554929277797,3.278835386338186,England,83.53658536585365,16.869918699186993,75.60975609756098,25.806451612903224
2500042,1610,573,498,77,88,51,362,66,26,40,23,1,19.55987111377136,1.6237006237006237,England,86.91099476439791,13.438045375218149,63.17626527050611,39.39393939393939
2500042,1633,385,311,75,59,18,274,76,15,42,4,1,19.577476450454476,3.537142857142857,England,80.77922077922078,19.480519480519483,71.16883116883118,19.736842105263158
2500043,1612,543,473,83,70,32,373,34,9,51,10,0,17.89421886698366,3.83646408839779,England,87.10865561694291,15.285451197053407,68.69244935543279,26.47058823529412
2500043,1623,315,230,74,63,19,228,75,16,47,6,0,19.83022908358695,4.118476727785613,England,73.01587301587301,23.49206349206349,72.38095238095238,21.333333333333336
2500044,1613,229,156,53,47,13,182,69,13,50,7,2,19.41760823822938,5.3713298791019,England,68.12227074235808,23.144104803493452,79.47598253275109,18.84057971014493
2500044,1631,507,424,109,82,29,385,43,12,51,7,1,19.816351911370887,2.616822429906542,England,83.62919132149902,21.499013806706113,75.93688362919131,27.906976744186046
2500045,1611,289,238,48,47,13,181,51,16,43,5,3,18.195923491318187,2.8791593695271454,England,82.35294117647058,16.608996539792386,62.629757785467135,31.372549019607842
2500045,1625,570,502,85,71,34,345,73,28,39,16,2,19.070214951351563,1.2104097452934661,England,88.0701754385965,14.912280701754385,60.526315789473685,38.35616438356164
2500046,1624,524,448,65,62,28,302,56,19,49,12,1,18.28533490106269,3.5090702947845807,England,85.49618320610686,12.404580152671755,57.63358778625955,33.92857142857143
2500046,1639,262,185,55,50,20,173,99,16,50,8,1,19.828959049475987,3.338187702265372,England,70.61068702290076,20.99236641221374,66.03053435114504,16.161616161616163
2500047,1644,419,328,85,58,36,271,40,23,55,13,1,20.13560294858299,2.180965147453083,England,78.28162291169451,20.286396181384248,64.67780429594272,57.49999999999999
2500047,1646,265,191,69,55,18,170,30,9,45,6,2,21.213322047851797,5.115183246073299,England,72.0754716981132,26.037735849056602,64.15094339622641,30.0
2500048,1627,477,404,106,86,29,344,45,27,44,16,1,22.366138872485525,1.947239263803681,England,84.69601677148847,22.22222222222222,72.11740041928721,60.0
2500048,10531,413,344,83,62,17,269,51,7,48,7,1,18.95099991167197,3.9489655172413793,England,83.29297820823246,20.09685230024213,65.13317191283294,13.725490196078432
2500049,1631,428,336,84,61,33,284,40,7,55,13,1,18.619036210313528,5.341623036649215,England,78.50467289719626,19.626168224299064,66.35514018691589,17.5
2500049,1646,257,182,59,47,18,172,56,11,51,8,2,19.112233553528274,4.979166666666667,England,70.8171206225681,22.957198443579767,66.9260700389105,19.642857142857142
2500050,1628,348,273,61,48,19,213,43,14,48,15,3,20.680300192253,3.5561959654178676,England,78.44827586206897,17.52873563218391,61.206896551724135,32.55813953488372
2500050,1651,326,248,93,69,23,239,60,22,59,9,2,22.121472931359182,5.793313069908814,England,76.07361963190185,28.52760736196319,73.31288343558282,36.666666666666664
2500051,1644,393,312,87,63,27,288,51,21,53,4,0,19.15475059308629,5.234072022160665,England,79.38931297709924,22.137404580152673,73.2824427480916,41.17647058823529
2500051,1673,356,265,80,75,28,268,54,14,53,7,1,20.40867180210392,4.014005602240896,England,74.43820224719101,22.47191011235955,75.28089887640449,25.925925925925924
2500052,1612,616,540,77,74,57,383,57,24,30,19,3,19.33336534821778,1.1541666666666666,England,87.66233766233766,12.5,62.175324675324674,42.10526315789473
2500052,1659,359,295,62,49,20,264,51,8,45,7,0,19.322960467026295,3.5743145743145743,England,82.17270194986072,17.270194986072422,73.53760445682451,15.686274509803921
2500053,1611,730,653,79,112,47,449,59,25,36,12,0,18.51478381098074,2.4274881516587676,England,89.45205479452055,10.821917808219178,61.50684931506849,42.3728813559322
2500053,1627,288,224,49,44,15,183,63,16,42,10,1,18.97856058141284,5.521311475409836,England,77.77777777777779,17.01388888888889,63.541666666666664,25.396825396825395
2500054,1609,682,591,84,66,38,409,57,18,40,13,1,17.821384224416608,3.675701839303001,England,86.65689149560117,12.316715542521994,59.970674486803524,31.57894736842105
2500054,1613,230,178,47,32,17,152,76,19,43,7,2,20.204297875672356,5.422885572139304,England,77.39130434782608,20.434782608695652,66.08695652173913,25.0
2500055,1610,502,418,50,57,35,315,51,19,48,17,3,16.537457276402428,4.064935064935065,England,83.26693227091634,9.9601593625498,62.74900398406375,37.254901960784316
2500055,1619,360,294,59,50,15,250,72,15,52,9,2,17.52947099171656,3.347945205479452,England,81.66666666666667,16.38888888888889,69.44444444444444,20.833333333333336
2500056,1623,405,338,76,59,21,277,58,14,38,10,0,21.50776882743545,3.874180865006553,England,83.4567901234568,18.765432098765434,68.39506172839506,24.137931034482758
2500056,10531,430,350,88,86,34,302,66,27,52,15,1,23.22050251462413,3.3316391359593394,England,81.3953488372093,20.46511627906977,70.23255813953489,40.909090909090914
2500057,1624,443,356,64,58,34,308,66,22,41,8,1,18.402205900907838,3.032981530343008,England,80.36117381489842,14.446952595936793,69.52595936794582,33.33333333333333
2500057,1625,502,439,81,58,20,329,49,17,42,14,2,18.996427148188815,3.828883495145631,England,87.45019920318725,16.135458167330675,65.5378486055777,34.69387755102041
2500058,1633,442,358,72,60,52,331,55,26,62,14,1,19.054943453177227,1.4575471698113207,England,80.99547511312217,16.289592760180994,74.8868778280543,47.27272727272727
2500058,1639,257,201,70,51,21,170,95,25,36,10,1,18.71211499617168,4.731563421828908,England,78.21011673151752,27.237354085603112,66.14785992217898,26.31578947368421
2500059,1611,546,473,77,67,35,376,75,13,44,12,2,17.205541136252798,3.5456521739130435,England,86.63003663003663,14.102564102564102,68.86446886446886,17.333333333333336
2500059,1659,423,358,65,47,33,279,64,17,40,7,0,18.218576257112403,2.4200507614213196,England,84.63356973995272,15.36643026004728,65.95744680851064,26.5625
2500060,1609,601,530,65,72,50,357,45,23,40,19,4,18.143421141509535,1.6174568965517242,England,88.18635607321131,10.8153078202995,59.40099833610649,51.11111111111111
2500060,1633,279,212,57,45,15,184,52,9,45,10,1,19.685216530258145,4.059859154929577,England,75.98566308243727,20.43010752688172,65.94982078853047,17.307692307692307
2500061,1624,624,542,63,117,41,346,53,20,38,12,1,17.633623466838326,3.846232179226069,England,86.85897435897436,10.096153846153847,55.44871794871795,37.735849056603776
2500061,1651,348,266,65,46,15,250,92,13,40,7,0,18.444413516560545,4.038461538461538,England,76.4367816091954,18.67816091954023,71.83908045977012,14.130434782608695
2500062,1610,817,716,117,141,69,543,43,13,50,21,1,19.82258818053355,1.1046901172529313,England,87.63769889840881,14.320685434516525,66.46266829865361,30.23255813953488
2500062,1673,189,135,40,26,4,121,98,19,32,2,1,20.623694434783538,5.492586490939044,England,71.42857142857143,21.164021164021165,64.02116402116403,19.387755102040817
2500063,1613,360,266,81,57,31,275,73,14,50,8,0,20.43277041231138,6.411840411840412,England,73.88888888888889,22.5,76.38888888888889,19.17808219178082
2500063,1623,469,380,87,75,24,323,62,23,48,7,1,22.181722833182796,4.169373549883991,England,81.02345415778251,18.550106609808104,68.86993603411514,37.096774193548384
2500064,1619,370,293,66,63,16,249,65,23,58,7,0,17.72574134171686,2.94672131147541,England,79.1891891891892,17.83783783783784,67.29729729729729,35.38461538461539
2500064,1631,437,363,83,65,28,308,63,22,48,9,0,19.162020602132575,1.7736077481840193,England,83.06636155606407,18.993135011441648,70.48054919908466,34.92063492063492
2500065,1625,1008,943,78,104,63,661,49,19,27,17,5,16.950299055996997,0.9533799533799534,England,93.5515873015873,7.738095238095238,65.57539682539682,38.775510204081634
2500065,10531,183,143,43,18,4,120,58,8,30,3,0,19.115073535302667,3.9453302961275627,England,78.14207650273224,23.497267759562842,65.57377049180327,13.793103448275861
2500066,1639,315,206,88,85,22,182,57,12,49,8,1,20.42757661662492,5.100286532951289,England,65.39682539682539,27.936507936507937,57.77777777777777,21.052631578947366
2500066,1646,430,321,101,79,30,266,48,14,54,13,1,19.58067895125087,5.560913705583756,England,74.65116279069768,23.488372093023255,61.86046511627907,29.166666666666668
2500067,1628,313,240,52,41,19,199,72,22,47,5,0,16.51342642777776,4.473829201101928,England,76.6773162939297,16.61341853035144,63.578274760383394,30.555555555555557
2500067,1644,333,245,68,51,22,243,89,34,43,12,0,17.209224826809567,3.4574616457461644,England,73.57357357357357,20.42042042042042,72.97297297297297,38.20224719101123
2500068,1612,556,477,121,83,34,348,51,16,33,8,2,19.724217202094465,3.4994232987312572,England,85.79136690647482,21.762589928057555,62.589928057553955,31.372549019607842
2500068,1627,334,252,77,60,31,228,56,16,47,11,2,20.088138879497595,3.2426470588235294,England,75.44910179640718,23.053892215568865,68.26347305389223,28.57142857142857
2500069,1646,308,244,73,58,29,206,47,12,54,9,0,20.441901335500955,3.5117302052785924,England,79.22077922077922,23.7012987012987,66.88311688311688,25.53191489361702
2500069,1651,403,316,89,62,23,304,45,13,41,8,0,18.767816766439573,5.108142493638677,England,78.41191066997519,22.084367245657567,75.43424317617865,28.888888888888886
2500070,1628,403,355,48,52,34,270,52,16,38,13,4,18.00896868916946,2.424200278164117,England,88.08933002481389,11.910669975186105,66.99751861042184,30.76923076923077
2500070,1631,381,314,78,53,22,301,85,15,39,6,0,18.85804822229813,2.9095890410958902,England,82.41469816272966,20.47244094488189,79.00262467191601,17.647058823529413
2500071,1623,408,311,89,84,21,276,65,7,44,6,2,18.701406976329977,5.450830140485313,England,76.22549019607843,21.813725490196077,67.64705882352942,10.76923076923077
2500071,1673,452,355,102,91,32,327,58,19,60,9,0,19.87958104176005,4.204156479217604,England,78.53982300884957,22.566371681415927,72.34513274336283,32.758620689655174
2500072,1612,611,522,104,90,60,419,41,7,65,18,0,20.29791085630697,1.5271084337349397,England,85.43371522094927,17.02127659574468,68.57610474631751,17.073170731707318
2500072,1639,211,147,53,40,16,144,70,16,46,4,0,18.48224578130132,5.75,England,69.66824644549763,25.118483412322274,68.24644549763033,22.857142857142858
2500073,1609,421,360,47,48,19,237,86,23,35,8,1,17.168001003848644,4.314591700133869,England,85.5106888361045,11.163895486935866,56.294536817102134,26.744186046511626
2500073,1611,621,554,86,59,54,422,61,29,44,14,2,18.64233890238202,1.5245559038662486,England,89.21095008051529,13.848631239935589,67.9549114331723,47.540983606557376
2500074,1613,562,460,90,85,45,402,69,16,52,14,0,18.067051309996874,3.129230769230769,England,81.85053380782918,16.014234875444842,71.53024911032028,23.18840579710145
2500074,1627,331,252,62,47,22,256,60,15,55,10,1,17.921328596047978,5.114992721979622,England,76.13293051359517,18.731117824773413,77.34138972809667,25.0
2500075,1619,332,254,65,60,25,215,91,29,38,14,2,19.789308539295767,3.4688385269121813,England,76.50602409638554,19.57831325301205,64.7590361445783,31.868131868131865
2500075,1659,496,410,86,63,33,367,48,19,50,13,1,17.897631375705895,4.182983682983683,England,82.66129032258065,17.338709677419356,73.99193548387096,39.58333333333333
2500076,1610,553,494,64,50,39,360,57,10,29,8,1,17.352708892576256,3.302455357142857,England,89.33092224231464,11.573236889692586,65.0994575045208,17.543859649122805
2500076,10531,565,498,74,76,35,406,63,26,32,10,0,18.756553476839265,1.6110497237569061,England,88.14159292035399,13.097345132743362,71.85840707964601,41.269841269841265
2500077,1624,548,470,81,62,36,360,58,21,49,12,2,18.630594360931276,1.9794050343249427,England,85.76642335766424,14.78102189781022,65.69343065693431,36.206896551724135
2500077,1644,322,253,53,40,23,235,61,13,48,11,0,17.77296802767894,3.970542635658915,England,78.57142857142857,16.459627329192546,72.98136645962732,21.311475409836063
2500078,1625,860,793,61,117,47,554,52,24,27,18,3,15.834826086360211,2.8452380952380953,England,92.2093023255814,7.093023255813953,64.4186046511628,46.15384615384615
2500078,1633,260,198,40,31,14,193,58,8,42,1,0,16.964319400901918,4.688311688311688,England,76.15384615384615,15.384615384615385,74.23076923076923,13.793103448275861
2500079,1659,344,261,66,51,33,231,47,23,52,11,1,19.61089377109675,3.5605633802816903,England,75.87209302325581,19.186046511627907,67.15116279069767,48.93617021276596
2500079,10531,427,339,85,69,37,265,68,9,53,12,0,19.19735486377772,4.1517067003792665,England,79.39110070257611,19.906323185011708,62.06088992974239,13.23529411764706
2500080,1609,663,589,74,71,51,413,48,16,24,14,5,18.23338912912102,1.8680042238648362,England,88.83861236802413,11.161387631975868,62.29260935143288,33.33333333333333
2500080,1646,359,300,77,56,18,224,49,8,29,5,0,21.249658149216103,3.3425774877650896,England,83.56545961002786,21.448467966573816,62.39554317548747,16.3265306122449
2500081,1611,667,606,77,77,26,491,56,10,38,14,0,16.902574756960988,3.160541586073501,England,90.85457271364318,11.544227886056973,73.61319340329835,17.857142857142858
2500081,1651,287,234,59,40,23,190,53,20,35,11,1,21.365037354019574,3.4265734265734267,England,81.53310104529616,20.557491289198605,66.2020905923345,37.735849056603776
2500082,1610,335,262,49,38,28,200,68,18,43,10,1,18.47109378835879,3.963768115942029,England,78.2089552238806,14.626865671641792,59.70149253731343,26.47058823529412
2500082,1612,751,666,113,100,33,554,68,21,50,10,0,18.48223562199194,2.9854413102820745,England,88.68175765645806,15.046604527296935,73.76830892143809,30.88235294117647
2500083,1619,331,265,64,54,17,222,70,17,47,8,1,20.299562606345344,4.690615835777126,England,80.06042296072508,19.335347432024168,67.06948640483384,24.285714285714285
2500083,1623,388,327,94,61,22,295,76,29,52,6,1,20.750232074572697,2.696629213483146,England,84.27835051546391,24.22680412371134,76.03092783505154,38.15789473684211
2500084,1631,409,335,80,65,23,272,77,19,46,12,0,20.723433589229337,1.8164313222079589,England,81.90709046454768,19.559902200489,66.50366748166259,24.675324675324674
2500084,1633,354,276,68,59,30,255,53,13,52,13,2,18.73772953332163,5.077683615819209,England,77.96610169491525,19.2090395480226,72.03389830508475,24.528301886792452
2500085,1625,714,628,125,98,60,567,39,16,54,14,0,18.745807765965296,1.67513611615245,England,87.95518207282913,17.507002801120446,79.41176470588235,41.02564102564102
2500085,1673,146,90,19,29,13,106,65,10,48,5,0,17.032357405403655,5.100580270793037,England,61.64383561643836,13.013698630136986,72.6027397260274,15.384615384615385
2500086,1628,383,308,67,59,34,240,47,16,58,14,2,16.966511169232568,5.538866930171278,England,80.4177545691906,17.4934725848564,62.66318537859008,34.04255319148936
2500086,1639,252,173,60,59,20,177,82,25,48,5,0,19.717552856593144,5.3120805369127515,England,68.65079365079364,23.809523809523807,70.23809523809523,30.48780487804878
2500087,1613,572,476,109,67,35,401,49,11,44,9,1,17.97895474911944,3.5053763440860215,England,83.21678321678321,19.055944055944053,70.1048951048951,22.448979591836736
2500087,1644,376,300,62,62,16,247,72,20,39,10,2,18.93941014384039,2.7737617135207495,England,79.7872340425532,16.48936170212766,65.69148936170212,27.77777777777778
2500088,1624,602,509,103,96,64,390,44,14,49,15,0,19.241858884748364,4.232312565997888,England,84.5514950166113,17.109634551495017,64.78405315614619,31.818181818181817
2500088,1627,189,128,44,31,14,116,77,19,34,7,1,20.33723125779202,5.088768115942029,England,67.72486772486772,23.28042328042328,61.37566137566137,24.675324675324674
2500089,1646,417,321,87,84,37,280,50,18,46,9,1,20.896339470992093,2.823611111111111,England,76.97841726618705,20.863309352517987,67.14628297362111,36.0
2500089,1659,383,305,62,47,20,267,58,19,51,14,2,17.70980727827666,4.073407202216067,England,79.63446475195822,16.187989556135772,69.71279373368147,32.758620689655174
2500090,1627,369,305,67,47,16,249,85,27,34,5,0,17.71654775980067,3.9819444444444443,England,82.65582655826557,18.157181571815716,67.47967479674797,31.76470588235294
2500090,1628,539,476,60,63,32,370,62,19,48,11,2,17.06009849938533,2.617021276595745,England,88.31168831168831,11.131725417439704,68.6456400742115,30.64516129032258
2500091,1609,500,419,47,50,27,298,47,7,44,8,1,16.97835938790276,2.576608187134503,England,83.8,9.4,59.599999999999994,14.893617021276595
2500091,1673,395,317,76,52,35,282,68,35,42,18,0,19.363414277787587,1.5100942126514132,England,80.25316455696202,19.240506329113924,71.39240506329114,51.470588235294116
2500092,1612,715,643,86,88,53,483,54,27,34,21,4,18.726986197636634,1.3466407010710808,England,89.93006993006993,12.027972027972028,67.55244755244755,50.0
2500092,1651,254,194,61,33,11,178,55,5,29,2,0,20.311242566790675,4.014311270125224,England,76.37795275590551,24.015748031496063,70.07874015748031,9.090909090909092
2500093,1611,445,364,63,62,31,317,77,10,47,7,1,18.900669732863225,3.3278481012658228,England,81.79775280898876,14.157303370786517,71.23595505617978,12.987012987012985
2500093,1644,424,365,60,52,27,288,50,16,39,5,0,17.957145361102853,4.528378378378378,England,86.08490566037736,14.150943396226415,67.9245283018868,32.0
2500094,1610,547,477,65,76,22,377,52,19,38,6,0,17.397978802384646,2.5401785714285716,England,87.20292504570384,11.882998171846435,68.92138939670932,36.53846153846153
2500094,1613,392,324,69,60,27,260,76,29,39,16,3,18.94488787711099,2.177053824362606,England,82.6530612244898,17.602040816326532,66.3265306122449,38.15789473684211
2500095,1619,236,170,50,52,18,155,59,14,46,7,0,21.082622684771234,5.137996219281663,England,72.03389830508475,21.1864406779661,65.67796610169492,23.728813559322035
2500095,1625,585,503,76,73,43,406,51,13,47,11,1,18.24620158991245,3.7149075081610445,England,85.98290598290599,12.991452991452993,69.4017094017094,25.49019607843137
2500096,1639,411,347,78,42,9,230,91,7,31,7,2,18.44463388406825,3.135135135135135,England,84.42822384428223,18.97810218978102,55.961070559610704,7.6923076923076925
2500096,10531,524,456,64,78,53,327,61,40,33,24,1,18.263354618353997,0.5549510337323177,England,87.02290076335878,12.213740458015266,62.40458015267175,65.57377049180327
2500097,1624,441,375,76,63,25,316,59,21,55,13,4,19.427328202941542,2.574468085106383,England,85.03401360544217,17.233560090702948,71.65532879818595,35.59322033898305
2500097,1631,246,191,52,49,24,155,72,20,39,17,4,18.922733955600002,4.494137353433836,England,77.64227642276423,21.138211382113823,63.00813008130082,27.77777777777778
2500098,1623,330,276,50,53,19,223,54,15,35,13,1,18.369324087564465,4.593591905564924,England,83.63636363636363,15.151515151515152,67.57575757575758,27.77777777777778
2500098,1633,426,364,67,74,30,290,43,17,33,14,3,20.542045532689798,2.5619718309859154,England,85.44600938967136,15.727699530516432,68.07511737089203,39.53488372093023
2500686,3772,455,378,78,65,25,320,69,28,50,6,2,18.26768904785071,4.061594202898551,France,83.07692307692308,17.142857142857142,70.32967032967034,40.57971014492754
2500686,3799,368,300,78,55,18,261,89,26,40,9,2,19.14260900785282,3.778085991678225,France,81.52173913043478,21.195652173913043,70.92391304347827,29.213483146067414
2500687,3770,286,228,50,52,22,221,91,28,45,7,0,17.010688319693074,4.077611940298508,France,79.72027972027972,17.482517482517483,77.27272727272727,30.76923076923077
2500687,3776,459,377,68,49,33,316,73,24,48,13,2,19.491364881302243,1.7573529411764706,France,82.13507625272331,14.814814814814813,68.84531590413944,32.87671232876712
2500688,3766,511,446,72,55,25,355,49,24,43,10,3,18.04092846009946,1.7773677736777367,France,87.279843444227,14.090019569471623,69.47162426614481,48.97959183673469
2500688,3779,315,256,58,31,21,201,70,17,37,6,0,18.801177165397053,3.6319218241042344,France,81.26984126984127,18.412698412698415,63.8095238095238,24.285714285714285
2500689,3771,440,383,80,52,29,291,56,12,41,17,3,20.417720696161936,0.9595300261096605,France,87.04545454545455,18.181818181818183,66.13636363636364,21.428571428571427
2500689,3804,377,328,82,55,15,244,70,22,41,10,0,21.4095343961811,3.490538573508006,France,87.0026525198939,21.750663129973475,64.72148541114059,31.428571428571427
2500690,3777,528,445,82,71,18,368,52,7,51,6,1,19.416631747283223,2.996309963099631,France,84.28030303030303,15.530303030303031,69.6969696969697,13.461538461538462
2500690,3785,396,324,74,44,29,288,51,23,34,8,2,18.990470336160378,4.3353383458646615,France,81.81818181818183,18.68686868686869,72.72727272727273,45.09803921568628
2500691,3780,170,115,43,42,10,123,64,19,47,4,2,19.418871106793137,5.3142292490118574,France,67.64705882352942,25.294117647058822,72.35294117647058,29.6875
2500691,19830,467,390,59,78,41,328,49,32,58,12,3,19.597227657321508,1.9951573849878934,France,83.5117773019272,12.633832976445397,70.2355460385439,65.3061224489796
2500692,3783,383,300,70,65,15,283,74,17,45,8,0,18.044283856130622,4.544021024967148,France,78.3289817232376,18.27676240208877,73.89033942558747,22.972972972972975
2500692,3787,408,317,73,61,19,293,58,18,58,9,1,19.383386267738068,3.8025477707006368,France,77.69607843137256,17.892156862745097,71.81372549019608,31.03448275862069
2500693,3767,724,648,67,74,57,444,77,30,41,15,2,17.172567331112152,1.981783317353787,France,89.50276243093923,9.25414364640884,61.32596685082873,38.961038961038966
2500693,3789,328,259,63,44,18,206,66,15,33,6,0,18.705259575043357,3.9047619047619047,France,78.96341463414635,19.20731707317073,62.80487804878049,22.727272727272727
2500694,3775,639,582,99,67,23,402,63,12,36,6,0,18.46865885340593,2.9695057833859098,France,91.07981220657277,15.492957746478872,62.91079812206573,19.047619047619047
2500694,3782,435,376,64,40,25,300,72,18,36,8,1,18.402943150936046,2.661684782608696,France,86.4367816091954,14.71264367816092,68.96551724137932,25.0
2500695,3774,504,415,118,101,31,378,55,29,48,15,1,20.09386998267555,4.4713302752293576,France,82.34126984126983,23.41269841269841,75.0,52.72727272727272
2500695,3795,278,204,55,58,17,197,76,10,51,12,1,19.95197590121933,4.14637904468413,France,73.38129496402878,19.784172661870503,70.86330935251799,13.157894736842104
2500696,3789,503,415,83,73,32,321,53,12,51,9,0,18.29135803162155,3.062360801781737,France,82.50497017892644,16.50099403578529,63.817097415506964,22.641509433962266
2500696,3799,342,271,57,37,23,242,95,28,50,12,2,16.740634521697675,4.722520107238606,France,79.23976608187134,16.666666666666664,70.76023391812866,29.47368421052631
2500697,3772,488,427,70,53,31,366,60,26,33,10,2,18.523477482588827,2.7121771217712176,France,87.5,14.344262295081966,75.0,43.333333333333336
2500697,3777,458,407,77,64,16,309,66,17,40,8,0,18.220470323283774,3.2903645833333335,France,88.8646288209607,16.812227074235807,67.46724890829694,25.757575757575758
2500698,3782,372,306,50,49,13,228,58,24,53,5,1,16.796890141790463,3.1424870466321244,France,82.25806451612904,13.440860215053762,61.29032258064516,41.37931034482759
2500698,3783,316,244,59,43,20,223,76,21,66,11,0,19.271818225433343,1.6855072463768115,France,77.21518987341773,18.670886075949365,70.56962025316456,27.631578947368425
2500699,3804,367,297,80,68,19,239,63,22,49,11,1,21.84446048261705,2.1572237960339944,France,80.92643051771117,21.798365122615802,65.12261580381471,34.92063492063492
2500699,19830,402,337,86,56,25,278,58,16,51,14,4,21.119588505763474,4.175388967468176,France,83.83084577114428,21.393034825870647,69.15422885572139,27.586206896551722
2500700,3767,778,706,61,83,49,428,71,22,37,19,2,15.45994883302045,3.287215411558669,France,90.74550128534705,7.840616966580977,55.012853470437015,30.985915492957744
2500700,3785,254,191,46,43,14,181,61,12,35,3,0,19.076456032701493,6.110056925996205,France,75.19685039370079,18.11023622047244,71.25984251968504,19.672131147540984
2500701,3770,247,185,58,38,31,184,54,13,52,14,0,20.48645272387239,3.516407599309154,France,74.89878542510121,23.481781376518217,74.49392712550608,24.074074074074073
2500701,3771,440,375,81,53,27,326,63,19,49,11,1,18.756889674653554,3.6199213630406293,France,85.22727272727273,18.409090909090907,74.0909090909091,30.158730158730158
2500702,3775,727,653,153,99,27,580,39,20,38,16,0,20.83643276338509,2.102261553588987,France,89.82118294360384,21.04539202200825,79.7799174690509,51.28205128205128
2500702,3795,302,223,58,43,24,209,82,14,35,10,2,18.099841714443926,4.6176,France,73.84105960264901,19.205298013245034,69.20529801324503,17.073170731707318
2500703,3766,389,322,71,53,21,272,56,11,38,12,1,19.382556931126036,4.0221914008321775,France,82.77634961439588,18.251928020565554,69.9228791773779,19.642857142857142
2500703,3774,385,323,74,56,23,272,72,24,55,12,0,20.302634885426198,2.8903924221921518,France,83.8961038961039,19.22077922077922,70.64935064935065,33.33333333333333
2500704,3776,362,301,52,43,22,230,69,21,37,11,0,17.969822518410385,2.5866666666666664,France,83.14917127071824,14.3646408839779,63.53591160220995,30.434782608695656
2500704,3779,303,242,58,37,26,195,84,34,59,18,2,21.038856868544904,2.6605222734254994,France,79.86798679867987,19.141914191419144,64.35643564356435,40.476190476190474
2500705,3780,293,222,66,52,21,211,66,34,57,7,0,19.4946141046073,5.122171945701357,France,75.76791808873719,22.525597269624573,72.01365187713311,51.515151515151516
2500705,3787,347,273,80,73,21,244,43,15,56,10,0,18.547779360857778,5.5666178623718885,France,78.6743515850144,23.054755043227665,70.31700288184439,34.883720930232556
2500706,3776,517,408,78,78,28,299,71,23,53,15,0,19.326071388083303,2.486425339366516,France,78.91682785299807,15.087040618955513,57.83365570599614,32.3943661971831
2500706,3783,254,187,63,55,11,173,89,23,53,10,2,19.863443829345403,5.568181818181818,France,73.62204724409449,24.803149606299215,68.11023622047244,25.842696629213485
2500707,3766,310,256,77,32,5,221,69,17,45,5,2,21.192656145731505,2.5634674922600618,France,82.58064516129032,24.838709677419356,71.29032258064515,24.637681159420293
2500707,3772,465,399,81,73,33,353,70,31,53,15,3,20.52881959621631,3.1948051948051948,France,85.80645161290322,17.419354838709676,75.91397849462366,44.285714285714285
2500708,3771,507,428,89,57,31,343,71,22,47,9,1,21.364978654878765,1.7331118493909192,France,84.41814595660749,17.554240631163708,67.65285996055226,30.985915492957744
2500708,3799,308,258,58,40,22,206,59,18,57,11,1,21.29934861626024,4.356269113149847,France,83.76623376623377,18.83116883116883,66.88311688311688,30.508474576271187
2500709,3777,352,277,82,52,15,244,74,13,51,10,0,21.673069080543137,2.880952380952381,France,78.69318181818183,23.295454545454543,69.31818181818183,17.56756756756757
2500709,19830,479,401,84,83,39,335,69,39,51,19,1,20.788798933141727,3.815229563269877,France,83.7160751565762,17.536534446764094,69.93736951983298,56.52173913043478
2500710,3779,391,321,101,62,22,286,78,31,36,7,1,22.51931889920737,4.322147651006712,France,82.09718670076727,25.831202046035806,73.1457800511509,39.743589743589745
2500710,3787,456,366,82,86,26,337,56,17,67,15,1,22.07589596863683,2.055350553505535,France,80.26315789473685,17.982456140350877,73.90350877192982,30.357142857142854
2500711,3775,591,541,75,55,19,366,70,17,40,13,2,20.223315188015476,1.3716814159292035,France,91.53976311336717,12.690355329949238,61.92893401015228,24.285714285714285
2500711,3785,462,409,74,55,24,345,52,22,28,13,0,20.123926996391003,3.2346938775510203,France,88.52813852813853,16.017316017316016,74.67532467532467,42.30769230769231
2500712,3767,624,537,87,79,61,390,66,17,57,22,5,21.835582517242642,0.18044354838709678,France,86.0576923076923,13.942307692307693,62.5,25.757575757575758
2500712,3780,212,159,45,36,15,152,76,31,42,6,1,22.758253136675684,4.789285714285715,France,75.0,21.22641509433962,71.69811320754717,40.78947368421053
2500713,3774,330,251,63,44,14,232,66,10,49,13,2,20.59062235602849,3.578212290502793,France,76.06060606060606,19.090909090909093,70.3030303030303,15.151515151515152
2500713,3804,530,445,93,84,18,331,86,24,33,11,1,18.904118688700443,3.4796926454445662,France,83.9622641509434,17.547169811320753,62.45283018867924,27.906976744186046
2500714,3782,393,318,91,53,17,274,68,12,46,10,1,22.377741706846578,2.140710382513661,France,80.91603053435115,23.155216284987276,69.72010178117048,17.647058823529413
2500714,3789,428,350,81,69,29,294,55,28,55,15,0,21.26909074518195,3.8987654320987652,France,81.77570093457945,18.925233644859812,68.69158878504673,50.90909090909091
2500715,3770,320,222,84,57,24,239,63,28,57,8,1,21.177584309639165,5.956937799043062,France,69.375,26.25,74.6875,44.44444444444444
2500715,3795,620,527,108,82,32,444,56,10,42,8,0,21.33346148216676,2.938587512794268,France,85.0,17.419354838709676,71.61290322580646,17.857142857142858
2500716,3775,611,525,94,98,25,375,60,25,56,11,0,20.42081459934171,3.460350154479918,France,85.92471358428804,15.384615384615385,61.37479541734861,41.66666666666667
2500716,3789,305,235,66,42,24,234,69,10,35,11,2,22.822703042212208,3.4976525821596245,France,77.04918032786885,21.639344262295083,76.72131147540983,14.492753623188406
2500717,3776,428,350,66,66,24,307,78,22,41,13,1,19.729616532399383,4.469660194174757,France,81.77570093457945,15.42056074766355,71.72897196261682,28.205128205128204
2500717,3799,322,253,54,42,24,212,82,28,48,12,1,20.27548591528424,3.2175182481751823,France,78.57142857142857,16.77018633540373,65.83850931677019,34.146341463414636
2500718,3772,525,449,98,52,28,385,53,13,47,11,2,20.58541263280685,2.4541176470588235,France,85.52380952380952,18.666666666666668,73.33333333333333,24.528301886792452
2500718,3795,402,337,75,53,26,276,68,26,47,5,1,20.40353221963355,3.875338753387534,France,83.83084577114428,18.65671641791045,68.65671641791045,38.23529411764706
2500719,3777,364,291,72,56,26,252,54,19,56,10,0,20.952280051536036,4.674063800277392,France,79.94505494505495,19.78021978021978,69.23076923076923,35.18518518518518
2500719,3783,414,343,93,48,24,288,70,15,53,16,1,23.690546362307895,1.2189119170984455,France,82.85024154589372,22.463768115942027,69.56521739130434,21.428571428571427
2500720,3787,414,341,81,49,21,290,62,24,51,11,1,18.996955946540098,4.889189189189189,France,82.3671497584541,19.565217391304348,70.04830917874396,38.70967741935484
2500720,3804,393,321,88,59,22,265,80,26,47,6,2,19.141286866654088,4.761455525606469,France,81.67938931297711,22.391857506361323,67.43002544529261,32.5
2500721,3779,382,318,71,55,23,235,55,14,58,16,0,20.227400881166012,3.1844660194174756,France,83.24607329842932,18.586387434554975,61.518324607329845,25.454545454545453
2500721,3785,331,267,57,43,35,257,53,18,43,14,2,20.130888020041972,2.614114114114114,France,80.66465256797582,17.220543806646525,77.64350453172206,33.9622641509434
2500722,3771,421,362,84,54,22,303,76,28,38,9,1,20.919372917042935,2.9619718309859153,France,85.98574821852732,19.95249406175772,71.97149643705463,36.84210526315789
2500722,19830,364,321,91,36,25,298,60,16,45,12,4,21.49898669378336,2.4717557251908397,France,88.18681318681318,25.0,81.86813186813187,26.666666666666668
2500723,3766,576,511,89,67,43,417,49,20,45,16,0,19.420059882596373,4.168094218415417,France,88.71527777777779,15.45138888888889,72.39583333333334,40.816326530612244
2500723,3770,352,288,66,49,17,263,85,15,42,4,0,20.906593292072085,3.9706703910614527,France,81.81818181818183,18.75,74.7159090909091,17.647058823529413
2500724,3767,565,499,86,77,29,391,54,14,44,12,2,20.087717969720185,1.2125714285714286,France,88.31858407079646,15.221238938053098,69.20353982300885,25.925925925925924
2500724,3782,340,283,82,50,13,277,69,20,45,11,0,21.564581281674883,3.354134165366615,France,83.23529411764706,24.11764705882353,81.47058823529412,28.985507246376812
2500725,3774,353,288,61,60,25,258,59,26,48,13,2,20.13725754429681,4.383638928067701,France,81.58640226628894,17.280453257790366,73.08781869688386,44.06779661016949
2500725,3780,254,185,62,45,12,168,64,25,49,9,1,22.297590400987957,3.4276094276094278,France,72.83464566929135,24.409448818897637,66.14173228346458,39.0625
2500726,3783,412,323,76,70,23,282,67,22,54,10,0,22.30745909577478,2.5191545574636725,France,78.39805825242718,18.446601941747574,68.44660194174757,32.83582089552239
2500726,3804,380,313,99,69,14,252,53,24,59,9,1,23.073804865929283,4.527813712807244,France,82.36842105263158,26.052631578947366,66.3157894736842,45.28301886792453
2500727,3772,545,472,87,87,37,356,76,34,30,17,0,20.3384886456696,4.264672036823936,France,86.60550458715596,15.963302752293579,65.3211009174312,44.73684210526316
2500727,3776,356,295,63,34,23,238,70,15,53,7,0,21.310405273670302,3.291304347826087,France,82.86516853932584,17.696629213483146,66.85393258426966,21.428571428571427
2500728,3766,386,316,78,27,7,259,61,16,52,8,2,20.6338890287777,2.857331571994716,France,81.86528497409327,20.207253886010363,67.09844559585493,26.229508196721312
2500728,3785,304,235,75,64,27,216,70,42,58,11,1,20.588432773675166,4.894977168949771,France,77.30263157894737,24.671052631578945,71.05263157894737,60.0
2500729,3771,519,446,80,60,22,349,69,10,52,10,1,20.39370709733813,2.128175519630485,France,85.9344894026975,15.414258188824661,67.2447013487476,14.492753623188406
2500729,3774,246,194,48,42,18,178,66,18,45,13,3,20.85899432137949,4.707563025210084,France,78.86178861788618,19.51219512195122,72.35772357723577,27.27272727272727
2500730,3767,655,592,88,105,57,409,53,25,42,22,5,19.447172446046658,3.616580310880829,France,90.38167938931298,13.435114503816795,62.44274809160305,47.16981132075472
2500730,3777,236,184,52,29,11,171,84,18,36,7,1,23.44884442514848,4.589219330855019,France,77.96610169491525,22.033898305084744,72.45762711864407,21.428571428571427
2500731,3770,324,241,78,54,10,228,58,18,43,9,0,22.915917314932834,5.38258164852255,France,74.38271604938271,24.074074074074073,70.37037037037037,31.03448275862069
2500731,3787,495,397,120,83,38,389,53,12,57,11,0,25.24868963516834,2.3216444981862154,France,80.2020202020202,24.242424242424242,78.58585858585857,22.641509433962266
2500732,3775,366,312,71,34,15,257,55,16,48,7,3,20.87101481017636,3.2431259044862517,France,85.24590163934425,19.398907103825135,70.21857923497268,29.09090909090909
2500732,19830,436,372,86,70,38,303,58,36,47,9,0,20.779391016791116,3.622795115332429,France,85.3211009174312,19.724770642201836,69.4954128440367,62.06896551724138
2500733,3782,467,408,54,56,27,307,59,10,42,9,1,19.41627084335204,2.8598247809762203,France,87.36616702355461,11.563169164882227,65.73875802997858,16.94915254237288
2500733,3799,424,365,87,62,36,346,79,30,35,12,0,19.79794445559336,4.5801952580195255,France,86.08490566037736,20.5188679245283,81.60377358490565,37.9746835443038
2500734,3779,461,376,92,69,26,311,77,31,52,9,0,21.32086106935271,3.4833333333333334,France,81.56182212581345,19.95661605206074,67.46203904555314,40.25974025974026
2500734,3789,315,232,56,53,14,201,77,35,51,7,1,19.63190535064923,6.234011627906977,France,73.65079365079366,17.77777777777778,63.8095238095238,45.45454545454545
2500735,3780,441,370,76,66,20,314,46,27,51,6,0,20.967538114541412,4.951058201058201,France,83.90022675736961,17.233560090702948,71.20181405895691,58.69565217391305
2500735,3795,389,327,75,59,29,269,48,19,43,11,0,21.45025774845127,3.0127298444130126,France,84.06169665809769,19.28020565552699,69.1516709511568,39.58333333333333
2500736,3771,384,313,79,70,24,284,82,26,45,17,2,19.36007453214233,5.5,France,81.51041666666666,20.572916666666664,73.95833333333334,31.70731707317073
2500736,3789,333,253,66,51,19,237,81,19,68,7,0,20.822023699063397,3.069252077562327,France,75.97597597597597,19.81981981981982,71.17117117117117,23.456790123456788
2500737,3777,387,319,67,51,20,291,87,13,49,9,1,19.059287390320268,4.35865504358655,France,82.42894056847545,17.31266149870801,75.1937984496124,14.942528735632186
2500737,3799,418,355,87,66,23,339,84,27,59,12,0,20.03974571299309,2.2897310513447433,France,84.92822966507177,20.813397129186605,81.10047846889952,32.142857142857146
2500738,3782,360,305,67,52,27,269,81,22,58,15,0,18.4405827673463,4.125470514429109,France,84.72222222222221,18.61111111111111,74.72222222222223,27.160493827160494
2500738,3804,392,324,99,60,32,271,119,25,44,17,0,21.660690428900235,2.596363636363636,France,82.6530612244898,25.255102040816325,69.13265306122449,21.008403361344538
2500739,3776,497,410,77,62,16,323,87,25,42,9,0,18.568038452405084,3.4410143329658216,France,82.49496981891348,15.492957746478872,64.98993963782696,28.735632183908045
2500739,3785,372,297,66,64,33,274,70,36,52,16,1,20.243290065219334,3.4347222222222222,France,79.83870967741935,17.741935483870968,73.65591397849462,51.42857142857142
2500740,3779,315,238,71,57,27,214,71,25,50,9,0,22.119608919103584,3.955246913580247,France,75.55555555555556,22.53968253968254,67.93650793650794,35.2112676056338
2500740,19830,487,413,57,61,42,343,44,12,55,11,3,20.661896984654504,2.1646634615384617,France,84.80492813141683,11.704312114989733,70.4312114989733,27.27272727272727
2500741,3770,380,301,76,63,28,253,70,26,44,7,1,21.149643375316973,4.099865047233468,France,79.21052631578948,20.0,66.57894736842105,37.142857142857146
2500741,3783,475,396,115,71,22,341,78,23,54,9,0,21.59794780019796,4.957225433526012,France,83.36842105263158,24.210526315789473,71.78947368421052,29.48717948717949
2500742,3766,278,240,33,24,18,186,80,34,38,11,0,21.77491496142875,2.790625,France,86.33093525179856,11.870503597122301,66.90647482014388,42.5
2500742,3767,672,599,91,100,40,430,81,32,45,9,0,19.73058494919764,0.31076923076923074,France,89.13690476190477,13.541666666666666,63.988095238095234,39.50617283950617
2500743,3774,481,415,69,71,32,343,74,29,50,13,0,19.454712442616866,1.4628501827040195,France,86.27858627858627,14.345114345114347,71.3097713097713,39.189189189189186
2500743,3775,490,413,71,58,22,265,68,16,47,6,1,19.54867253402575,3.2173382173382175,France,84.28571428571429,14.489795918367346,54.08163265306123,23.52941176470588
2500744,3772,464,382,74,70,39,317,54,19,56,14,1,19.291639368220736,5.0062111801242235,France,82.32758620689656,15.948275862068966,68.31896551724138,35.18518518518518
2500744,3780,388,312,72,53,25,228,70,20,38,13,0,21.720585741411497,3.5315934065934065,France,80.41237113402062,18.556701030927837,58.76288659793815,28.57142857142857
2500745,3787,476,406,92,70,15,315,63,19,52,6,1,19.128231002607357,4.425584255842558,France,85.29411764705883,19.327731092436977,66.17647058823529,30.158730158730158
2500745,3795,458,368,82,67,26,355,65,26,57,6,0,18.674278591296844,3.536374845869297,France,80.34934497816593,17.903930131004365,77.51091703056768,40.0
2500746,3772,473,410,93,69,27,338,61,19,43,20,3,21.464957719716963,0.6634264884568651,France,86.68076109936575,19.661733615221987,71.45877378435517,31.147540983606557
2500746,3785,353,298,68,47,19,242,73,22,49,6,1,18.502036115315274,3.3638968481375358,France,84.41926345609065,19.263456090651555,68.55524079320114,30.136986301369863
2500747,3783,394,298,101,67,25,328,52,28,61,15,0,22.015106328618018,2.4569190600522193,France,75.63451776649747,25.63451776649746,83.24873096446701,53.84615384615385
2500747,3789,333,238,69,58,12,194,70,15,52,2,0,19.388444353789797,4.091038406827881,France,71.47147147147147,20.72072072072072,58.25825825825825,21.428571428571427
2500748,3776,544,470,116,73,21,421,60,12,40,10,0,19.15737640906868,3.0125858123569795,France,86.39705882352942,21.323529411764707,77.38970588235294,20.0
2500748,19830,315,252,54,51,13,193,90,27,47,11,3,17.99539923811308,4.895652173913043,France,80.0,17.142857142857142,61.26984126984127,30.0
2500749,3766,445,380,69,70,28,310,57,21,55,14,2,18.4311546056684,1.2754854368932038,France,85.39325842696628,15.505617977528091,69.66292134831461,36.84210526315789
2500749,3804,304,246,59,44,19,210,101,21,51,6,2,16.88832486387167,3.0686695278969958,France,80.92105263157895,19.407894736842106,69.07894736842105,20.792079207920793
2500750,3771,604,540,63,65,42,438,63,21,45,23,2,18.269617185794566,1.236228813559322,France,89.40397350993378,10.43046357615894,72.51655629139073,33.33333333333333
2500750,3780,329,268,62,54,12,227,93,29,41,6,0,18.72882057327252,3.949554896142433,France,81.45896656534954,18.84498480243161,68.9969604863222,31.182795698924732
2500751,3777,566,475,140,87,37,418,58,25,55,13,0,21.58751389243399,2.9404255319148938,France,83.92226148409894,24.73498233215548,73.85159010600707,43.103448275862064
2500751,3795,338,281,65,46,22,232,63,16,37,8,1,19.894331532643402,4.77027027027027,France,83.13609467455622,19.230769230769234,68.63905325443787,25.396825396825395
2500752,3767,650,589,96,87,49,431,58,23,53,8,0,18.206993249932665,3.780141843971631,France,90.61538461538461,14.76923076923077,66.3076923076923,39.6551724137931
2500752,3787,224,169,51,40,10,168,66,19,40,3,0,19.018141960978674,5.419117647058823,France,75.44642857142857,22.767857142857142,75.0,28.78787878787879
2500753,3775,609,541,63,70,24,358,51,17,43,8,0,17.964640326623556,1.5514950166112957,France,88.83415435139574,10.344827586206897,58.78489326765188,33.33333333333333
2500753,3799,318,257,52,42,19,221,70,9,39,14,2,19.035930249861504,3.8875838926174495,France,80.81761006289308,16.352201257861633,69.49685534591194,12.857142857142856
2500754,3774,308,232,61,50,13,232,76,24,41,5,1,18.342490286069637,4.633070866141733,France,75.32467532467533,19.805194805194805,75.32467532467533,31.57894736842105
2500754,3782,398,303,74,58,28,289,77,26,72,8,1,18.772048575446604,2.8267195767195767,France,76.13065326633166,18.592964824120603,72.61306532663316,33.76623376623377
2500755,3770,261,183,49,48,13,194,80,8,49,11,2,18.80107065588813,4.633440514469453,France,70.11494252873564,18.773946360153257,74.32950191570882,10.0
2500755,3779,585,496,147,104,51,421,60,25,58,19,1,20.714819574841098,1.5072916666666667,France,84.78632478632478,25.128205128205128,71.96581196581197,41.66666666666667
2500756,3776,564,475,116,82,31,380,69,22,40,10,0,18.847324401472363,4.22002200220022,France,84.21985815602837,20.56737588652482,67.37588652482269,31.88405797101449
2500756,3789,269,206,56,51,17,169,83,22,39,7,3,19.630316041757233,4.844236760124611,France,76.57992565055763,20.817843866171003,62.825278810408925,26.506024096385545
2500757,3766,324,279,29,36,12,195,52,11,36,11,3,18.708299333424506,4.061633281972265,France,86.11111111111111,8.950617283950617,60.18518518518518,21.153846153846153
2500757,3799,514,438,67,64,47,351,70,25,36,14,2,18.330714194557334,1.7870036101083033,France,85.21400778210116,13.03501945525292,68.28793774319067,35.714285714285715
2500758,3779,332,263,88,62,23,233,79,30,59,4,1,20.292750161253803,4.189781021897811,France,79.21686746987952,26.506024096385545,70.18072289156626,37.9746835443038
2500758,3804,393,325,69,56,33,295,63,27,68,12,1,18.819802276629208,2.9419354838709677,France,82.69720101781171,17.557251908396946,75.06361323155217,42.857142857142854
2500759,3780,413,336,92,65,38,317,73,20,51,9,1,19.765210665005778,4.457354758961681,France,81.35593220338984,22.27602905569007,76.75544794188862,27.397260273972602
2500759,3785,325,253,61,51,22,245,71,21,58,4,1,18.752992694469018,4.056497175141243,France,77.84615384615384,18.76923076923077,75.38461538461539,29.577464788732392
2500760,3787,384,312,88,76,34,282,47,16,51,11,1,19.52406025227708,5.276470588235294,France,81.25,22.916666666666664,73.4375,34.04255319148936
2500760,19830,421,347,78,63,20,304,68,23,42,7,1,19.609873805978435,3.4023591087811274,France,82.42280285035629,18.52731591448931,72.20902612826603,33.82352941176471
2500761,3770,474,410,66,44,22,311,69,17,44,14,1,19.230678019545465,1.9038224414303329,France,86.49789029535864,13.924050632911392,65.61181434599156,24.637681159420293
2500761,3777,405,342,75,47,25,288,59,15,49,8,0,19.52588269364486,2.8869908015768724,France,84.44444444444444,18.51851851851852,71.11111111111111,25.423728813559322
2500762,3771,281,236,46,53,24,203,55,18,43,17,3,20.07092712932442,3.093220338983051,France,83.98576512455516,16.370106761565836,72.24199288256227,32.72727272727273
2500762,3775,499,447,89,80,26,331,66,21,35,14,2,20.102654906234452,1.1892230576441103,France,89.57915831663327,17.835671342685373,66.33266533066133,31.818181818181817
2500763,3767,640,588,40,47,30,388,45,10,40,8,4,16.54202281998327,2.4293361884368307,France,91.875,6.25,60.62499999999999,22.22222222222222
2500763,3772,452,395,70,55,32,293,69,17,25,12,1,18.850598062999225,3.461322081575246,France,87.38938053097345,15.486725663716813,64.82300884955751,24.637681159420293
2500764,3774,464,391,86,82,26,284,52,18,71,8,0,19.909460951554117,3.3654066437571593,France,84.26724137931035,18.53448275862069,61.206896551724135,34.61538461538461
2500764,3783,261,201,63,46,12,200,80,20,53,9,0,18.8028868312306,5.774045801526718,France,77.01149425287356,24.137931034482758,76.62835249042146,25.0
2500765,3782,535,451,74,78,39,378,57,35,49,11,1,18.525972766209225,3.8742724097788126,France,84.29906542056075,13.831775700934578,70.65420560747664,61.40350877192983
2500765,3795,192,146,37,29,18,134,61,11,57,8,1,20.340956182546222,5.132110091743119,France,76.04166666666666,19.270833333333336,69.79166666666666,18.0327868852459
2500766,3770,308,247,55,65,21,204,63,20,45,12,1,17.875226189944847,4.853073463268366,France,80.1948051948052,17.857142857142858,66.23376623376623,31.746031746031743
2500766,3772,416,334,95,52,20,308,79,19,52,12,1,20.433963932401007,2.6254777070063695,France,80.28846153846155,22.83653846153846,74.03846153846155,24.050632911392405
2500767,3783,293,222,58,54,34,195,56,19,54,21,0,20.647953937296997,2.651537335285505,France,75.76791808873719,19.795221843003414,66.55290102389078,33.92857142857143
2500767,3799,349,279,69,55,19,240,64,23,60,10,2,19.247218427331834,3.9595687331536387,France,79.94269340974212,19.770773638968482,68.76790830945558,35.9375
2500768,3767,557,477,77,66,43,372,51,16,46,14,2,18.231141613270875,2.883295194508009,France,85.63734290843806,13.824057450628366,66.78635547576302,31.372549019607842
2500768,3804,274,211,66,40,20,172,64,14,43,10,1,22.736165559507047,2.2140350877192985,France,77.00729927007299,24.087591240875913,62.77372262773723,21.875
2500769,3774,311,245,69,63,17,233,46,11,59,7,0,20.20807693088048,3.7903225806451615,France,78.77813504823152,22.186495176848876,74.91961414790997,23.91304347826087
2500769,3785,312,227,64,52,38,220,59,18,53,16,2,21.218517259764933,2.9539877300613497,France,72.75641025641025,20.51282051282051,70.51282051282051,30.508474576271187
2500770,3776,641,572,102,92,28,430,69,30,37,16,2,19.048258171855128,1.9521384928716905,France,89.2355694227769,15.912636505460217,67.08268330733229,43.47826086956522
2500770,3795,238,178,36,46,15,165,69,22,50,8,1,18.959953697844266,4.943262411347518,France,74.78991596638656,15.126050420168067,69.32773109243698,31.88405797101449
2500771,3766,463,411,62,48,24,341,67,12,56,18,2,19.842577371467296,1.3731527093596059,France,88.76889848812095,13.390928725701945,73.6501079913607,17.91044776119403
2500771,19830,275,219,55,51,22,184,70,29,49,13,2,19.041021218215743,3.640901771336554,France,79.63636363636364,20.0,66.9090909090909,41.42857142857143
2500772,3775,574,523,81,57,22,353,54,23,49,15,0,17.476026995794818,2.5145631067961167,France,91.1149825783972,14.111498257839722,61.49825783972126,42.592592592592595
2500772,3787,304,251,59,43,17,216,84,18,41,12,2,19.262414025454696,3.046925566343042,France,82.56578947368422,19.407894736842106,71.05263157894737,21.428571428571427
2500773,3777,217,158,46,45,17,141,98,20,45,9,1,18.64494920241929,4.915641476274165,France,72.81105990783409,21.19815668202765,64.97695852534562,20.408163265306122
2500773,3782,520,443,95,69,58,374,58,16,60,19,2,19.244766011127048,1.967741935483871,France,85.1923076923077,18.269230769230766,71.92307692307692,27.586206896551722
2500774,3771,362,300,54,43,33,274,64,14,38,18,2,18.57406173756651,3.506206896551724,France,82.87292817679558,14.917127071823206,75.69060773480662,21.875
2500774,3779,396,335,87,57,24,270,80,27,42,17,3,21.26384500942873,2.05607476635514,France,84.59595959595958,21.96969696969697,68.18181818181817,33.75
2500775,3780,484,412,79,60,25,324,60,22,58,14,1,20.43937311440551,2.273356401384083,France,85.12396694214877,16.32231404958678,66.94214876033058,36.666666666666664
2500775,3789,395,316,70,52,16,268,75,28,44,7,0,18.065510555890395,4.116621983914209,France,80.0,17.72151898734177,67.84810126582278,37.333333333333336
2500776,3772,528,441,96,76,46,375,62,14,50,14,0,18.21419363647056,4.010238907849829,France,83.52272727272727,18.181818181818183,71.02272727272727,22.58064516129032
2500776,3789,339,272,58,59,18,201,107,27,38,12,1,19.000540603263204,4.548168249660787,France,80.23598820058997,17.10914454277286,59.29203539823009,25.233644859813083
2500777,3780,393,320,62,64,21,262,89,28,46,2,1,17.557595540310516,4.078005115089514,France,81.42493638676844,15.776081424936386,66.66666666666666,31.46067415730337
2500777,3799,371,281,104,63,34,290,68,25,54,12,0,18.7991279975458,2.7545219638242893,France,75.74123989218329,28.03234501347709,78.16711590296495,36.76470588235294
2500778,3767,538,478,49,65,27,362,46,22,50,6,1,16.860219262923643,3.501176470588235,France,88.84758364312268,9.107806691449815,67.28624535315984,47.82608695652174
2500778,3771,245,198,44,40,12,174,74,28,31,10,2,18.581344498118508,2.707948243992606,France,80.81632653061224,17.959183673469386,71.0204081632653,37.83783783783784
2500779,3777,382,321,90,74,24,247,78,19,45,15,1,20.73146694477944,2.6731266149870803,France,84.03141361256544,23.56020942408377,64.65968586387434,24.358974358974358
2500779,3804,387,320,81,54,24,273,74,18,57,8,2,20.14987820264324,4.212483399734396,France,82.68733850129199,20.930232558139537,70.54263565891473,24.324324324324326
2500780,3783,338,259,82,54,16,247,78,23,47,7,0,19.657561544111907,4.696927374301676,France,76.62721893491124,24.2603550295858,73.07692307692307,29.48717948717949
2500780,19830,313,239,72,47,18,231,75,28,56,12,1,19.321539636922125,3.2135922330097086,France,76.35782747603834,23.003194888178914,73.80191693290735,37.333333333333336
2500781,3770,391,303,80,73,17,268,66,24,60,8,2,19.430015047483685,3.9400260756192957,France,77.49360613810742,20.460358056265985,68.54219948849105,36.36363636363637
2500781,3785,492,394,101,77,27,371,70,23,50,9,1,18.58194365305367,4.466111771700357,France,80.08130081300813,20.528455284552845,75.40650406504065,32.857142857142854
2500782,3775,564,508,75,66,41,366,45,17,48,13,0,19.3080595045807,1.835632183908046,France,90.0709219858156,13.297872340425531,64.8936170212766,37.77777777777778
2500782,3779,322,276,56,41,11,237,64,11,33,14,2,20.88930207193216,2.926517571884984,France,85.71428571428571,17.391304347826086,73.6024844720497,17.1875
2500783,3774,272,207,37,43,9,192,84,24,64,9,1,17.343027865965485,4.919379844961241,France,76.10294117647058,13.602941176470587,70.58823529411765,28.57142857142857
2500783,3776,517,415,106,69,22,336,71,9,60,6,0,17.69060767545297,4.390217391304348,France,80.27079303675049,20.502901353965182,64.99032882011605,12.676056338028168
2500784,3782,435,359,72,72,37,299,70,30,60,16,0,19.71061361152923,0.5987654320987654,France,82.5287356321839,16.551724137931036,68.73563218390805,42.857142857142854
2500784,3787,301,265,67,44,15,222,68,17,44,11,1,18.605443299612958,4.5298621745788665,France,88.03986710963456,22.259136212624583,73.75415282392026,25.0
2500785,3766,537,484,80,67,21,367,75,27,38,13,4,17.466018495650705,2.9269662921348316,France,90.13035381750466,14.8975791433892,68.34264432029795,36.0
2500785,3795,384,317,66,54,16,292,80,19,46,6,0,19.172788708431813,2.213161659513591,France,82.55208333333334,17.1875,76.04166666666666,23.75
2500786,3772,424,346,88,61,29,304,81,16,44,10,0,19.402488266803495,3.5638020833333335,France,81.60377358490565,20.754716981132077,71.69811320754717,19.753086419753085
2500786,19830,350,282,65,64,29,224,69,25,41,11,2,19.16341965327471,4.848703170028818,France,80.57142857142857,18.571428571428573,64.0,36.231884057971016
2500787,3783,357,280,76,60,27,222,43,16,46,15,1,21.927568888075452,2.6830601092896176,France,78.43137254901961,21.288515406162464,62.18487394957983,37.2093023255814
2500787,3795,354,260,62,60,16,257,57,14,60,8,0,18.695094448640184,4.559943582510578,France,73.44632768361582,17.51412429378531,72.59887005649718,24.561403508771928
2500788,3770,370,296,60,66,28,253,70,29,47,11,0,16.394228898957028,5.453367875647668,France,80.0,16.216216216216218,68.37837837837839,41.42857142857143
2500788,3804,391,313,93,61,18,257,76,14,60,6,1,19.508702647797406,4.48738379814077,France,80.05115089514067,23.785166240409207,65.72890025575447,18.421052631578945
2500789,3785,498,418,68,65,27,350,49,26,55,12,1,18.806067889004403,2.1887694145758663,France,83.93574297188755,13.654618473895583,70.28112449799197,53.06122448979592
2500789,3789,216,160,42,35,16,141,63,18,52,7,1,18.437504948043962,4.938958707360862,France,74.07407407407408,19.444444444444446,65.27777777777779,28.57142857142857
2500790,3771,225,162,58,29,13,161,93,19,59,9,1,19.769208162856977,4.949921752738654,France,72.0,25.77777777777778,71.55555555555554,20.43010752688172
2500790,3776,429,348,92,66,35,304,74,16,64,13,0,20.46237767671058,1.73512252042007,France,81.11888111888112,21.445221445221446,70.86247086247086,21.62162162162162
2500791,3766,546,488,79,61,18,358,75,28,43,9,2,18.095330238370572,2.3745963401506995,France,89.37728937728939,14.46886446886447,65.56776556776556,37.333333333333336
2500791,3777,501,444,83,58,10,326,105,23,37,5,0,17.55428366960206,3.200463499420626,France,88.62275449101796,16.56686626746507,65.06986027944112,21.904761904761905
2500792,3774,561,497,65,62,12,403,61,18,53,5,1,17.47052232175271,3.439476553980371,France,88.59180035650624,11.58645276292335,71.83600713012478,29.508196721311474
2500792,3787,376,296,78,56,19,255,61,5,56,9,0,20.38855956908179,3.2245762711864407,France,78.72340425531915,20.74468085106383,67.81914893617021,8.19672131147541
2500793,3767,808,724,91,70,36,590,38,21,45,15,2,17.39706234852465,0.2847985347985348,France,89.60396039603961,11.262376237623762,73.01980198019803,55.26315789473685
2500793,3775,395,347,51,30,9,242,71,19,27,8,0,18.558414112934425,1.6205357142857142,France,87.84810126582279,12.91139240506329,61.26582278481013,26.76056338028169
2500794,3779,414,355,92,50,29,311,45,15,43,12,1,19.710001911220772,2.199733688415446,France,85.74879227053141,22.22222222222222,75.1207729468599,33.33333333333333
2500794,3799,342,276,50,53,22,258,76,22,55,4,2,17.361331843491804,2.77891654465593,France,80.7017543859649,14.619883040935672,75.43859649122807,28.947368421052634
2500795,3780,357,286,74,72,24,273,83,38,64,10,0,19.016764253115543,2.5430711610486894,France,80.11204481792717,20.72829131652661,76.47058823529412,45.78313253012048
2500795,3782,334,255,72,46,9,216,82,12,53,4,0,18.374337668756038,4.618206521739131,France,76.34730538922156,21.55688622754491,64.67065868263472,14.634146341463413
2500796,3767,736,676,75,64,40,500,50,23,35,13,5,16.879437755426025,2.482107355864811,France,91.84782608695652,10.190217391304348,67.93478260869566,46.0
2500796,3799,337,287,59,47,13,242,48,18,28,9,0,19.22578108599583,2.696245733788396,France,85.16320474777447,17.50741839762611,71.81008902077151,37.5
2500797,3771,552,480,85,61,38,430,74,20,53,28,5,19.319881245685757,0.4342915811088296,France,86.95652173913044,15.39855072463768,77.89855072463769,27.027027027027028
2500797,3783,209,145,47,37,18,146,77,21,46,9,0,19.15894724306279,3.0327868852459017,France,69.377990430622,22.48803827751196,69.85645933014354,27.27272727272727
2500798,3776,447,382,80,69,19,318,88,31,43,12,2,17.701091862259048,3.7010550996483,France,85.4586129753915,17.89709172259508,71.14093959731544,35.22727272727273
2500798,3777,255,191,51,50,24,178,67,32,51,15,0,19.99772101020903,3.962648556876061,France,74.90196078431373,20.0,69.80392156862744,47.76119402985074
2500799,3785,410,349,57,42,12,280,56,12,45,10,0,18.422386657580514,2.626358695652174,France,85.1219512195122,13.902439024390246,68.29268292682927,21.428571428571427
2500799,19830,421,363,89,50,27,283,74,20,51,16,5,20.05009453584386,1.4907651715039578,France,86.22327790973871,21.140142517814727,67.2209026128266,27.027027027027028
2500800,3787,478,398,76,57,33,331,60,14,47,9,1,18.971430145018477,3.5006226650062264,France,83.26359832635984,15.899581589958158,69.24686192468619,23.333333333333332
2500800,3789,456,390,64,59,19,298,62,19,45,11,1,17.100357054818485,4.725465838509317,France,85.52631578947368,14.035087719298245,65.35087719298247,30.64516129032258
2500801,3770,284,193,66,49,29,199,85,27,51,9,2,19.27063756104014,3.772791023842917,France,67.95774647887323,23.239436619718308,70.07042253521126,31.76470588235294
2500801,3780,416,327,69,75,21,282,56,28,62,8,1,17.447300329305037,4.863855421686747,France,78.60576923076923,16.58653846153846,67.78846153846155,50.0
2500802,3775,472,395,72,52,18,322,74,26,43,9,0,18.978508550119567,2.93875,France,83.6864406779661,15.254237288135593,68.22033898305084,35.13513513513514
2500802,3804,454,371,101,61,32,309,52,15,39,12,0,19.1313297464195,4.382124352331606,France,81.71806167400881,22.24669603524229,68.06167400881057,28.846153846153843
2500803,3772,434,361,64,57,11,273,80,21,47,4,0,16.90842692805642,4.600991325898389,France,83.17972350230414,14.746543778801843,62.903225806451616,26.25
2500803,3774,356,286,65,54,18,249,64,21,61,4,0,18.05666684798096,4.433380084151473,France,80.33707865168539,18.258426966292134,69.9438202247191,32.8125
2500804,3766,491,432,79,44,19,358,66,21,40,13,5,17.092477201175594,3.1853600944510037,France,87.9837067209776,16.08961303462322,72.91242362525459,31.818181818181817
2500804,3782,342,280,59,51,23,221,80,25,48,12,0,17.80876658544037,2.342406876790831,France,81.87134502923976,17.251461988304094,64.61988304093568,31.25
2500805,3779,432,361,79,50,24,302,39,8,45,9,0,19.643728004294335,4.548571428571429,France,83.56481481481481,18.287037037037038,69.9074074074074,20.51282051282051
2500805,3795,430,365,94,72,28,343,44,24,46,12,3,20.787419716735698,3.6424657534246574,France,84.88372093023256,21.86046511627907,79.76744186046511,54.54545454545454
2500806,3789,297,217,69,42,24,188,69,27,47,10,1,21.13154060288867,4.25975975975976,France,73.06397306397307,23.232323232323232,63.2996632996633,39.130434782608695
2500806,19830,506,428,85,92,36,324,69,22,46,15,1,17.9201672497835,4.6151279199110125,France,84.58498023715416,16.798418972332016,64.03162055335969,31.88405797101449
2500807,3771,528,448,79,85,25,363,79,23,47,11,1,18.021068520092545,4.12979683972912,France,84.84848484848484,14.962121212121213,68.75,29.11392405063291
2500807,3772,280,222,56,47,16,210,77,17,49,9,1,19.30001035065441,4.190697674418605,France,79.28571428571428,20.0,75.0,22.07792207792208
2500808,3775,599,527,89,79,12,377,61,13,36,11,1,19.43980102915945,2.982570806100218,France,87.97996661101837,14.858096828046744,62.93823038397329,21.311475409836063
2500808,3783,352,266,80,57,48,251,72,24,39,15,1,21.472958458704113,2.1198288159771757,France,75.56818181818183,22.727272727272727,71.30681818181817,33.33333333333333
2500809,3795,424,353,71,66,30,292,81,34,43,9,1,17.834038875678782,3.1913043478260867,France,83.25471698113208,16.745283018867923,68.86792452830188,41.9753086419753
2500809,3804,550,479,109,61,19,378,80,23,32,15,3,20.12580963784892,2.232312565997888,France,87.09090909090908,19.818181818181817,68.72727272727272,28.749999999999996
2500810,3785,262,186,50,52,22,212,60,12,53,7,1,18.501786171079708,5.307291666666667,France,70.99236641221374,19.083969465648856,80.91603053435115,20.0
2500810,3799,442,368,84,62,20,362,57,33,53,8,0,17.275034236310894,4.1773584905660375,France,83.2579185520362,19.004524886877828,81.90045248868778,57.89473684210527
2500811,3776,439,381,75,53,28,326,68,20,55,10,3,18.865418899156115,2.051851851851852,France,86.78815489749431,17.084282460136674,74.25968109339408,29.411764705882355
2500811,3782,246,186,39,43,20,156,94,30,50,6,0,18.39987605502198,3.792079207920792,France,75.60975609756098,15.853658536585366,63.41463414634146,31.914893617021278
2500812,3766,515,414,83,66,27,365,73,24,50,14,0,18.514692503028016,2.4548532731376973,France,80.3883495145631,16.116504854368934,70.87378640776699,32.87671232876712
2500812,3787,300,229,67,41,37,216,90,22,50,13,0,17.719760645211913,4.2503496503496505,France,76.33333333333333,22.333333333333332,72.0,24.444444444444443
2500813,3767,696,625,59,71,45,484,76,23,52,21,4,17.867861159941537,1.039461020211742,France,89.79885057471265,8.477011494252872,69.54022988505747,30.263157894736842
2500813,3770,239,183,53,41,18,179,74,14,36,7,1,18.059084259263038,3.5371900826446283,France,76.56903765690377,22.17573221757322,74.89539748953975,18.91891891891892
2500814,3774,368,289,69,71,31,279,57,27,56,8,1,19.561650265335004,4.974789915966387,France,78.53260869565217,18.75,75.81521739130434,47.368421052631575
2500814,3779,381,307,86,47,14,294,72,25,38,10,2,20.84232280554927,2.7398373983739837,France,80.5774278215223,22.57217847769029,77.16535433070865,34.72222222222222
2500815,3777,266,203,67,48,18,204,77,8,54,13,0,20.631827711666197,4.112828438948996,France,76.31578947368422,25.18796992481203,76.69172932330827,10.38961038961039
2500815,3780,495,412,96,83,52,322,74,16,47,18,0,20.219475611109544,1.624315443592552,France,83.23232323232324,19.393939393939394,65.05050505050505,21.62162162162162
2500816,3772,483,390,90,70,31,324,60,16,59,10,0,18.960544656376303,4.688,France,80.74534161490683,18.633540372670808,67.08074534161491,26.666666666666668
2500816,3783,328,240,92,74,15,206,73,17,39,11,1,21.309564070693842,4.667621776504298,France,73.17073170731707,28.04878048780488,62.80487804878049,23.28767123287671
2500817,3780,338,255,73,69,31,260,65,30,47,9,1,18.17202242691673,4.638736263736264,France,75.44378698224851,21.597633136094675,76.92307692307693,46.15384615384615
2500817,3804,370,278,86,58,22,283,73,13,51,11,3,18.86666262479179,3.413014608233732,France,75.13513513513513,23.243243243243246,76.48648648648648,17.80821917808219
2500818,3771,693,624,66,75,50,458,62,26,29,21,1,18.842617465942787,1.1705882352941177,France,90.04329004329004,9.523809523809524,66.08946608946609,41.935483870967744
2500818,3785,351,280,60,32,5,254,71,14,42,4,0,19.43615932623944,2.4691358024691357,France,79.77207977207978,17.094017094017094,72.36467236467237,19.718309859154928
2500819,3777,371,286,102,76,31,234,64,31,51,20,0,21.93000067887125,2.9572763684913217,France,77.088948787062,27.49326145552561,63.07277628032345,48.4375
2500819,3789,362,299,52,61,16,247,50,8,56,11,2,18.73978907568966,4.330965909090909,France,82.59668508287292,14.3646408839779,68.23204419889503,16.0
2500820,3767,624,544,71,74,38,442,47,8,35,15,1,17.31370951124038,3.707291666666667,France,87.17948717948718,11.378205128205128,70.83333333333334,17.02127659574468
2500820,19830,313,243,49,55,22,190,73,33,36,6,0,20.054590137513618,3.9846153846153847,France,77.63578274760383,15.654952076677317,60.70287539936102,45.20547945205479
2500821,3776,545,472,61,66,17,361,68,15,49,9,0,17.327725585252253,2.7874720357941833,France,86.60550458715596,11.192660550458717,66.23853211009174,22.058823529411764
2500821,3787,332,263,77,35,26,240,86,18,37,18,3,19.088019067366037,1.7467438494934877,France,79.21686746987952,23.19277108433735,72.28915662650603,20.930232558139537
2500822,3766,492,444,89,47,16,356,49,17,36,11,5,19.417720825037737,2.5241116751269037,France,90.2439024390244,18.089430894308943,72.35772357723577,34.69387755102041
2500822,3775,469,412,66,53,17,320,72,18,27,9,0,20.283623735038596,1.8914518317503393,France,87.84648187633263,14.072494669509595,68.23027718550107,25.0
2500823,3770,317,228,54,58,17,236,67,15,67,9,0,16.632579757689818,4.373819163292848,France,71.92429022082018,17.034700315457414,74.44794952681389,22.388059701492537
2500823,3774,345,255,59,48,21,258,71,21,62,13,2,18.154867436909264,3.6965986394557824,France,73.91304347826086,17.101449275362317,74.78260869565217,29.577464788732392
2500824,3779,357,276,78,49,12,251,62,12,42,8,1,19.966483390203695,4.0641399416909625,France,77.31092436974791,21.84873949579832,70.30812324929971,19.35483870967742
2500824,3782,517,436,83,80,27,359,52,24,49,8,2,18.71675015296704,2.0554913294797688,France,84.33268858800773,16.054158607350097,69.43907156673113,46.15384615384615
2500825,3795,317,259,66,57,19,229,75,21,45,9,2,18.607091523076797,4.435277382645804,France,81.70347003154575,20.82018927444795,72.2397476340694,28.000000000000004
2500825,3799,576,483,94,89,25,433,66,26,48,8,0,17.789431112097134,3.807733619763695,France,83.85416666666666,16.319444444444446,75.17361111111111,39.39393939393939
2500826,3789,352,277,80,48,10,279,58,19,37,7,1,20.00111570287304,4.781609195402299,France,78.69318181818183,22.727272727272727,79.26136363636364,32.758620689655174
2500826,3804,571,478,81,86,52,359,70,23,50,15,1,17.838920539543132,4.450537634408602,France,83.71278458844134,14.185639229422067,62.87215411558669,32.857142857142854
2500827,3774,556,480,80,65,17,369,71,21,49,7,2,17.777361669640914,3.773026315789474,France,86.33093525179856,14.388489208633093,66.36690647482014,29.577464788732392
2500827,3799,363,285,73,50,23,252,69,21,48,10,1,19.058765649412887,3.3797101449275364,France,78.51239669421489,20.110192837465565,69.42148760330579,30.434782608695656
2500828,3772,375,307,59,46,22,261,79,16,57,12,3,18.59298976625181,2.947802197802198,France,81.86666666666666,15.733333333333333,69.6,20.253164556962027
2500828,3782,425,351,70,49,22,290,63,22,46,10,0,17.371145294154015,3.6315789473684212,France,82.58823529411765,16.470588235294116,68.23529411764706,34.92063492063492
2500829,3785,437,375,84,48,19,339,60,12,54,9,0,19.3402483801473,1.7690447400241838,France,85.81235697940504,19.221967963386728,77.57437070938215,20.0
2500829,3787,311,233,59,62,23,230,82,26,50,6,0,18.67897612120788,4.198473282442748,France,74.91961414790997,18.971061093247588,73.95498392282958,31.70731707317073
2500830,3766,543,467,106,80,42,387,68,32,46,17,1,19.048403779938877,1.738938053097345,France,86.0036832412523,19.521178637200737,71.27071823204419,47.05882352941176
2500830,3776,389,330,41,34,9,251,83,11,30,7,2,16.172794538305727,3.18348623853211,France,84.83290488431876,10.539845758354756,64.52442159383034,13.253012048192772
2500831,3771,604,532,71,70,41,381,63,18,45,19,3,17.31687265675063,3.748407643312102,France,88.0794701986755,11.754966887417218,63.079470198675494,28.57142857142857
2500831,3777,301,223,52,44,13,196,86,22,42,8,0,16.941625616799776,4.622874806800618,France,74.08637873754152,17.275747508305646,65.11627906976744,25.581395348837212
2500832,3770,480,384,79,68,32,355,61,16,59,14,1,18.276012571383827,3.201388888888889,France,80.0,16.458333333333332,73.95833333333334,26.229508196721312
2500832,19830,437,354,76,67,30,330,71,19,54,9,0,18.414296225145602,4.187134502923977,France,81.00686498855835,17.391304347826086,75.51487414187643,26.76056338028169
2500833,3767,619,540,82,99,51,371,59,30,54,17,2,19.05949102829122,0.8559322033898306,France,87.23747980613894,13.247172859450727,59.935379644588046,50.847457627118644
2500833,3795,358,285,45,38,16,240,87,14,40,5,0,18.10026810608696,3.089970501474926,France,79.60893854748603,12.569832402234638,67.0391061452514,16.091954022988507
2500834,3779,421,338,69,54,22,279,59,25,54,5,0,18.771364995620498,3.9073170731707316,France,80.28503562945369,16.389548693586697,66.270783847981,42.3728813559322
2500834,3783,310,241,50,63,30,208,72,21,51,14,0,17.295732303054844,5.782546494992847,France,77.74193548387098,16.129032258064516,67.0967741935484,29.166666666666668
2500835,3775,626,571,82,64,18,382,43,10,48,7,1,18.369822078307198,2.55649419218585,France,91.21405750798722,13.099041533546327,61.0223642172524,23.25581395348837
2500835,3780,319,262,62,57,19,227,64,30,41,12,1,18.974723422522892,1.8529886914378029,France,82.13166144200626,19.435736677115987,71.15987460815047,46.875
2500836,3766,384,311,71,50,21,266,58,30,61,10,2,19.722184668569813,3.89602053915276,France,80.98958333333334,18.489583333333336,69.27083333333334,51.724137931034484
2500836,3783,328,255,86,66,28,232,97,31,53,20,1,22.171901483616768,2.5843971631205673,France,77.7439024390244,26.21951219512195,70.73170731707317,31.958762886597935
2500837,3772,375,311,66,56,24,251,74,28,47,12,2,18.398667068622725,3.901426718547341,France,82.93333333333334,17.599999999999998,66.93333333333334,37.83783783783784
2500837,3804,416,348,81,64,32,281,68,24,39,14,3,19.57904908652694,2.9326424870466323,France,83.65384615384616,19.471153846153847,67.54807692307693,35.294117647058826
2500838,3776,338,284,43,45,21,231,61,22,50,10,1,16.461683343734087,2.5810055865921786,France,84.02366863905326,12.721893491124261,68.34319526627219,36.0655737704918
2500838,3780,330,261,52,45,21,243,70,33,65,6,0,16.83585661110139,3.951008645533141,France,79.0909090909091,15.757575757575756,73.63636363636363,47.14285714285714
2500839,3799,376,287,69,47,16,279,61,15,51,6,0,17.034636168403953,5.1525658807212205,France,76.32978723404256,18.351063829787233,74.20212765957447,24.59016393442623
2500839,19830,564,478,96,79,24,388,80,26,49,4,1,18.718908857217937,3.3403805496828753,France,84.75177304964538,17.02127659574468,68.79432624113475,32.5
2500840,3771,589,526,86,80,20,397,51,23,42,5,0,17.538918120750726,3.656,France,89.30390492359932,14.60101867572156,67.40237691001698,45.09803921568628
2500840,3787,243,168,73,50,16,182,60,12,45,10,1,21.302482951852078,4.215686274509804,France,69.1358024691358,30.04115226337449,74.8971193415638,20.0
2500841,3775,644,563,70,61,19,317,54,17,34,12,2,18.140264969017952,2.1858216970998927,France,87.4223602484472,10.869565217391305,49.22360248447205,31.48148148148148
2500841,3777,391,325,70,53,22,279,67,21,38,13,1,18.237355582919825,3.493723849372385,France,83.12020460358056,17.902813299232736,71.35549872122762,31.343283582089555
2500842,3774,452,371,79,76,31,310,56,23,58,23,2,22.365012013831745,0.5813060179257362,France,82.07964601769912,17.47787610619469,68.58407079646017,41.07142857142857
2500842,3789,384,306,48,41,14,246,60,12,45,5,0,18.477399734377396,3.1538461538461537,France,79.6875,12.5,64.0625,20.0
2500843,3770,369,284,89,64,35,287,58,16,61,19,1,18.266993303353818,4.773712737127371,France,76.96476964769647,24.119241192411923,77.77777777777779,27.586206896551722
2500843,3782,363,286,74,59,17,220,51,19,53,13,1,18.977241117570717,3.2425421530479897,France,78.78787878787878,20.385674931129476,60.60606060606061,37.254901960784316
2500844,3767,606,529,63,98,52,434,41,13,50,23,1,17.427237370622112,4.292763157894737,France,87.29372937293729,10.396039603960396,71.61716171617162,31.70731707317073
2500844,3779,207,149,49,28,5,133,61,13,36,5,2,19.743257861707594,7.343434343434343,France,71.98067632850241,23.67149758454106,64.25120772946859,21.311475409836063
2500845,3785,610,541,73,50,13,437,54,15,38,11,1,17.899166523654852,3.2840172786177106,France,88.68852459016394,11.967213114754099,71.63934426229508,27.77777777777778
2500845,3795,424,359,63,69,19,295,66,29,43,11,0,19.01912603618767,2.6488340192043895,France,84.66981132075472,14.858490566037736,69.5754716981132,43.93939393939394
2500846,3766,502,416,73,69,32,398,104,31,55,10,2,16.617388427099037,3.6109358569926395,France,82.86852589641434,14.54183266932271,79.2828685258964,29.807692307692307
2500846,3789,368,290,61,42,15,278,72,19,49,12,1,17.738361624087783,3.5485564304461943,France,78.80434782608695,16.57608695652174,75.54347826086956,26.38888888888889
2500847,3787,383,317,67,64,19,288,64,11,50,11,1,18.258655226312577,4.203366058906031,France,82.76762402088774,17.4934725848564,75.19582245430809,17.1875
2500847,3799,510,427,86,81,21,386,78,25,48,9,1,19.31629547216781,1.9423769507803121,France,83.72549019607844,16.862745098039216,75.68627450980392,32.05128205128205
2500848,3772,455,370,61,83,44,271,72,31,56,9,0,17.56147429844077,3.004872107186358,France,81.31868131868131,13.406593406593407,59.56043956043956,43.05555555555556
2500848,3779,256,203,57,38,6,164,62,19,53,9,2,18.43486326543025,4.82013201320132,France,79.296875,22.265625,64.0625,30.64516129032258
2500849,3785,592,530,105,83,41,489,46,18,39,15,4,20.391660249438488,0.23788546255506607,France,89.52702702702703,17.736486486486484,82.60135135135135,39.130434782608695
2500849,3804,275,215,57,26,14,152,52,6,33,7,0,21.462968475772918,2.7977315689981097,France,78.18181818181819,20.727272727272727,55.27272727272727,11.538461538461538
2500850,3771,624,553,121,79,43,486,73,30,33,18,3,20.899751925420322,1.4941551540913922,France,88.62179487179486,19.391025641025642,77.88461538461539,41.0958904109589
2500850,3782,235,182,52,35,16,171,68,13,50,5,0,18.940232684545276,4.1048109965635735,France,77.4468085106383,22.127659574468083,72.76595744680851,19.11764705882353
2500851,3774,363,269,67,64,19,260,55,14,74,5,1,17.762708958278857,4.457880434782608,France,74.10468319559229,18.457300275482094,71.62534435261708,25.454545454545453
2500851,3777,379,292,78,62,14,287,62,19,51,11,1,18.79968251844782,3.3647540983606556,France,77.04485488126649,20.58047493403694,75.72559366754618,30.64516129032258
2500852,3795,242,185,39,20,6,162,78,25,52,4,2,19.107513686684843,3.602716468590832,France,76.44628099173553,16.115702479338843,66.94214876033058,32.05128205128205
2500852,19830,522,439,81,79,41,393,46,29,59,17,2,20.133838944393453,0.014925373134328358,France,84.09961685823755,15.517241379310345,75.28735632183908,63.04347826086957
2500853,3770,404,343,63,78,26,293,76,28,31,20,1,19.24273200500451,1.2106703146374829,France,84.9009900990099,15.594059405940595,72.52475247524752,36.84210526315789
2500853,3775,612,540,98,54,20,414,29,5,49,8,2,18.765336939784937,2.6187290969899664,France,88.23529411764706,16.013071895424837,67.64705882352942,17.24137931034483
2500854,3767,636,558,53,71,38,436,76,37,46,15,3,17.14023632918565,1.640973630831643,France,87.73584905660378,8.333333333333332,68.55345911949685,48.68421052631579
2500854,3776,373,304,40,38,11,265,81,28,38,7,1,17.24962398997526,2.77731673582296,France,81.50134048257372,10.723860589812332,71.0455764075067,34.5679012345679
2500855,3780,326,245,78,69,33,231,63,32,59,8,0,19.237645919821436,4.742547425474255,France,75.15337423312883,23.92638036809816,70.85889570552148,50.79365079365079
2500855,3783,339,235,65,53,28,211,70,17,45,9,0,18.691644915661467,6.409537166900421,France,69.32153392330383,19.174041297935105,62.24188790560472,24.285714285714285
2500856,3783,360,291,65,60,28,246,90,24,38,11,0,17.144596369590516,3.758269720101781,France,80.83333333333333,18.055555555555554,68.33333333333333,26.666666666666668
2500856,3785,417,340,62,48,17,297,88,22,53,8,0,16.062222325258833,4.431395348837209,France,81.5347721822542,14.86810551558753,71.22302158273382,25.0
2500857,3776,525,448,69,70,32,327,52,22,48,9,0,18.038146623929904,3.7407834101382487,France,85.33333333333334,13.142857142857142,62.28571428571429,42.30769230769231
2500857,3804,448,377,84,51,27,340,96,23,41,12,2,19.065187957463014,3.42289156626506,France,84.15178571428571,18.75,75.89285714285714,23.958333333333336
2500858,3766,346,276,60,34,8,268,64,16,46,7,1,18.947316389516626,1.9663742690058479,France,79.76878612716763,17.341040462427745,77.45664739884393,25.0
2500858,3771,495,417,70,67,39,362,71,20,55,16,0,18.676091756733612,3.27007299270073,France,84.24242424242424,14.14141414141414,73.13131313131314,28.169014084507044
2500859,3777,393,320,91,56,6,256,87,35,52,5,3,19.034871417271468,4.1798941798941796,France,81.42493638676844,23.155216284987276,65.13994910941476,40.229885057471265
2500859,3787,418,330,83,83,22,294,59,16,55,8,1,19.13625400460195,3.0166453265044813,France,78.94736842105263,19.85645933014354,70.33492822966507,27.11864406779661
2500860,3770,312,243,74,50,25,239,74,16,51,8,0,18.632741114267695,4.423131170662906,France,77.88461538461539,23.717948717948715,76.6025641025641,21.62162162162162
2500860,3799,536,459,92,77,46,410,57,18,42,6,0,17.011491934921214,3.944504896626768,France,85.63432835820896,17.16417910447761,76.49253731343283,31.57894736842105
2500861,3772,308,251,56,45,24,208,77,16,30,10,0,16.921722624187574,4.763245033112582,France,81.4935064935065,18.181818181818183,67.53246753246754,20.77922077922078
2500861,3775,702,639,87,71,17,472,46,14,44,9,1,18.85598753452365,1.8387423935091278,France,91.02564102564102,12.393162393162394,67.23646723646723,30.434782608695656
2500862,3767,649,580,68,56,56,441,49,26,47,21,4,16.873142763219814,2.870798319327731,France,89.36825885978429,10.477657935285054,67.95069337442219,53.06122448979592
2500862,3774,254,201,49,37,23,169,69,19,32,11,1,20.308827522649818,2.8592870544090054,France,79.13385826771653,19.291338582677163,66.53543307086615,27.536231884057973
2500863,3782,338,272,59,55,13,226,86,14,42,4,0,18.530232985468476,4.056851311953353,France,80.4733727810651,17.45562130177515,66.86390532544378,16.27906976744186
2500863,19830,526,462,61,67,33,337,73,26,37,22,4,17.419113332335424,4.005760368663594,France,87.83269961977186,11.596958174904943,64.06844106463878,35.61643835616438
2500864,3779,306,224,83,52,19,235,70,12,44,7,1,19.40992034623221,3.847360912981455,France,73.20261437908496,27.124183006535947,76.79738562091504,17.142857142857142
2500864,3780,292,206,46,63,25,212,66,26,70,10,1,17.00426811687861,5.505952380952381,France,70.54794520547945,15.753424657534246,72.6027397260274,39.39393939393939
2500865,3789,462,371,73,58,29,296,49,23,55,10,0,17.314824401101085,3.8414043583535107,France,80.3030303030303,15.800865800865802,64.06926406926407,46.93877551020408
2500865,3795,354,276,47,48,28,269,78,30,55,18,1,18.038125825578142,2.349184782608696,France,77.96610169491525,13.27683615819209,75.98870056497175,38.46153846153847
2500866,3770,434,350,78,67,30,325,93,27,49,12,1,17.139158455245553,4.244338498212158,France,80.64516129032258,17.972350230414747,74.88479262672811,29.03225806451613
2500866,3789,382,296,78,59,27,246,51,22,54,10,0,18.61658596099111,3.8300132802124836,France,77.4869109947644,20.418848167539267,64.3979057591623,43.13725490196079
2500867,3799,331,259,60,48,25,244,77,32,65,20,1,19.427736054949865,1.5671641791044777,France,78.24773413897282,18.12688821752266,73.71601208459214,41.55844155844156
2500867,3804,379,305,64,65,25,265,75,11,42,14,1,18.331853687582367,3.167892156862745,France,80.47493403693932,16.886543535620053,69.92084432717678,14.666666666666666
2500868,3772,491,410,84,84,27,344,83,28,42,6,0,18.664041040248534,2.093714285714286,France,83.5030549898167,17.10794297352342,70.06109979633402,33.734939759036145
2500868,3787,377,304,59,51,22,283,85,11,50,9,2,16.99933377799758,4.974900924702774,France,80.63660477453581,15.649867374005305,75.06631299734748,12.941176470588237
2500869,3782,121,86,28,26,7,77,62,12,43,3,1,21.583330673271654,3.1544303797468354,France,71.07438016528926,23.140495867768596,63.63636363636363,19.35483870967742
2500869,3785,631,570,81,77,45,437,28,21,49,24,1,19.54387161019565,0.046460176991150445,France,90.33280507131536,12.836767036450079,69.25515055467511,75.0
2500870,3775,450,408,61,39,11,322,79,26,50,7,1,17.64101463942871,2.923845193508115,France,90.66666666666666,13.555555555555557,71.55555555555554,32.91139240506329
2500870,3776,469,404,57,61,20,312,81,32,43,6,1,16.70048983720625,2.5759493670886076,France,86.14072494669509,12.153518123667377,66.52452025586354,39.50617283950617
2500871,3771,595,519,93,82,36,435,69,30,33,18,3,19.961483845975074,1.6051502145922747,France,87.22689075630252,15.630252100840336,73.10924369747899,43.47826086956522
2500871,3795,347,282,66,50,20,266,65,13,41,8,1,18.897124906030285,4.461305007587254,France,81.26801152737752,19.020172910662826,76.657060518732,20.0
2500872,3777,381,336,62,53,26,243,55,27,46,20,3,21.08565756479292,1.6347941567065074,France,88.18897637795276,16.27296587926509,63.77952755905512,49.09090909090909
2500872,3779,372,310,70,47,22,235,65,17,51,6,0,20.02110702916703,2.669957686882934,France,83.33333333333334,18.817204301075268,63.17204301075269,26.153846153846157
2500873,3774,285,217,76,53,15,208,65,23,54,6,0,19.6720343565044,4.370839936608558,France,76.14035087719299,26.666666666666668,72.98245614035088,35.38461538461539
2500873,19830,447,372,127,75,28,346,48,20,66,10,2,20.80651766268774,3.6623544631306597,France,83.22147651006712,28.41163310961969,77.40492170022371,41.66666666666667
2500874,3767,624,544,62,81,47,438,56,23,41,17,3,17.737687521672015,1.2136659436008677,France,87.17948717948718,9.935897435897436,70.1923076923077,41.07142857142857
2500874,3783,255,208,49,25,21,178,84,12,45,8,0,18.370610497704206,2.8768,France,81.56862745098039,19.215686274509807,69.80392156862744,14.285714285714285
2500875,3766,453,382,76,44,24,345,69,15,33,11,1,17.989297307522236,4.176258992805756,France,84.32671081677704,16.777041942604857,76.15894039735099,21.73913043478261
2500875,3780,390,303,70,72,39,259,76,32,59,15,0,19.057234988344263,1.525,France,77.6923076923077,17.94871794871795,66.41025641025641,42.10526315789473
2500876,3776,467,415,50,53,19,317,47,13,47,11,1,16.61872464691157,3.2793228536880292,France,88.86509635974305,10.706638115631693,67.88008565310493,27.659574468085108
2500876,3783,306,238,68,52,28,201,91,27,51,13,0,18.643786385195607,3.1454823889739663,France,77.77777777777779,22.22222222222222,65.68627450980392,29.67032967032967
2500877,3777,434,352,93,85,33,321,86,36,45,12,1,18.464224193874912,4.774971297359357,France,81.10599078341014,21.428571428571427,73.963133640553,41.86046511627907
2500877,3804,400,319,79,50,25,288,69,16,46,11,1,19.321601098724322,4.062962962962963,France,79.75,19.75,72.0,23.18840579710145
2500878,3766,648,572,105,102,28,445,48,15,56,19,1,20.041281297374788,0.5489236790606654,France,88.27160493827161,16.203703703703702,68.67283950617285,31.25
2500878,3799,221,162,41,33,9,151,99,17,44,7,0,18.318368728318752,2.9445350734094617,France,73.30316742081448,18.552036199095024,68.32579185520362,17.17171717171717
2500879,3787,405,335,84,55,32,308,53,13,46,13,0,19.630514554896017,3.4679399727148703,France,82.71604938271605,20.74074074074074,76.04938271604938,24.528301886792452
2500879,19830,392,330,71,57,18,240,65,18,51,10,0,19.17358570439306,3.9889502762430937,France,84.18367346938776,18.112244897959183,61.224489795918366,27.692307692307693
2500880,3767,645,575,67,70,41,414,58,11,41,16,1,17.023472104157186,3.0994871794871797,France,89.14728682170544,10.387596899224807,64.18604651162791,18.96551724137931
2500880,3770,292,235,44,37,29,212,79,34,44,11,0,17.796726853210853,3.1728971962616823,France,80.47945205479452,15.068493150684931,72.6027397260274,43.037974683544306
2500881,3775,667,601,69,61,34,461,68,20,52,19,1,17.379327947373326,1.5,France,90.10494752623688,10.344827586206897,69.11544227886057,29.411764705882355
2500881,3789,303,260,50,35,18,201,78,15,39,9,0,17.332280131020823,2.459501557632399,France,85.8085808580858,16.5016501650165,66.33663366336634,19.230769230769234
2500882,3771,450,377,88,63,29,328,73,16,43,16,3,19.339344965049666,4.53836784409257,France,83.77777777777777,19.555555555555557,72.88888888888889,21.91780821917808
2500882,3774,358,277,71,56,25,270,73,28,52,10,0,20.16948308147706,3.1246458923512748,France,77.37430167597765,19.832402234636874,75.41899441340783,38.35616438356164
2500883,3780,269,205,62,43,24,170,50,26,45,16,0,19.48757831365034,4.599041533546326,France,76.2081784386617,23.04832713754647,63.19702602230484,52.0
2500883,3782,329,266,36,49,25,226,87,23,53,6,1,18.97733077711459,3.1181434599156117,France,80.85106382978722,10.94224924012158,68.69300911854104,26.436781609195403
2500884,3779,389,299,88,61,33,275,70,23,59,14,0,19.58132763676252,3.035248041775457,France,76.86375321336762,22.62210796915167,70.69408740359897,32.857142857142854
2500884,3785,347,275,49,52,26,248,79,23,60,8,2,17.418294154544935,4.055625790139064,France,79.2507204610951,14.121037463976945,71.46974063400576,29.11392405063291
2500885,3772,294,217,62,49,19,218,65,17,56,10,1,18.185843577496243,5.323262839879154,France,73.80952380952381,21.08843537414966,74.14965986394559,26.153846153846157
2500885,3795,508,427,92,75,24,376,77,20,54,6,0,17.237558407831827,3.4756380510440836,France,84.05511811023622,18.11023622047244,74.01574803149606,25.97402597402597
2500886,3787,455,367,90,80,23,362,61,15,51,14,1,19.292846199699238,5.1246684350132625,France,80.65934065934066,19.78021978021978,79.56043956043956,24.59016393442623
2500886,3789,514,427,65,65,21,328,59,20,49,11,1,18.660244994548503,3.6031175059952036,France,83.0739299610895,12.645914396887159,63.81322957198443,33.89830508474576
2500887,3795,407,323,68,65,16,260,53,16,48,7,1,17.7274105946692,4.346256684491979,France,79.36117936117935,16.707616707616708,63.882063882063875,30.18867924528302
2500887,3799,339,267,74,48,20,239,57,17,69,10,3,19.651143970267114,3.0339943342776206,France,78.76106194690266,21.828908554572273,70.50147492625368,29.82456140350877
2500888,3772,395,318,67,49,29,301,56,14,55,10,0,18.143225367350993,2.8394904458598726,France,80.50632911392405,16.962025316455694,76.20253164556962,25.0
2500888,3783,447,364,63,53,17,272,88,20,35,8,1,18.291778560797027,4.100371747211896,France,81.4317673378076,14.093959731543624,60.85011185682326,22.727272727272727
2500889,3766,515,447,78,77,37,340,44,21,53,17,2,18.613948144564624,3.726525821596244,France,86.79611650485437,15.145631067961165,66.01941747572816,47.72727272727273
2500889,3785,347,290,40,42,17,228,85,27,39,8,0,18.23341798794115,2.7544378698224854,France,83.5734870317003,11.527377521613833,65.70605187319885,31.76470588235294
2500890,3774,518,443,84,66,27,376,62,19,47,19,2,18.75007339290336,3.436233611442193,France,85.52123552123551,16.216216216216218,72.58687258687259,30.64516129032258
2500890,3776,384,331,48,48,16,269,67,10,43,10,1,18.31117292233816,3.12992125984252,France,86.19791666666666,12.5,70.05208333333334,14.925373134328357
2500891,3771,477,403,54,57,41,369,61,14,46,13,2,17.276947332561466,1.8532338308457712,France,84.48637316561845,11.320754716981133,77.35849056603774,22.950819672131146
2500891,3779,252,194,37,35,13,170,82,19,47,3,0,18.283567570798326,2.9543230016313213,France,76.98412698412699,14.682539682539684,67.46031746031747,23.170731707317074
2500892,3777,371,283,73,67,33,251,68,18,44,17,2,18.924404712583517,2.2176870748299318,France,76.28032345013477,19.67654986522911,67.65498652291106,26.47058823529412
2500892,3782,528,413,80,67,17,367,55,15,70,7,0,17.746923152895835,2.6460481099656357,France,78.21969696969697,15.151515151515152,69.50757575757575,27.27272727272727
2500893,3775,522,445,73,50,18,360,58,9,41,8,2,18.59574168360439,3.454656862745098,France,85.24904214559386,13.984674329501914,68.96551724137932,15.517241379310345
2500893,19830,425,351,97,75,28,307,52,18,42,5,2,20.512919155381752,2.7752808988764044,France,82.58823529411765,22.823529411764707,72.23529411764706,34.61538461538461
2500894,3767,636,570,55,78,47,370,60,26,48,19,6,17.56586130647961,0.8888888888888888,France,89.62264150943396,8.647798742138365,58.17610062893082,43.333333333333336
2500894,3804,263,203,52,29,7,149,86,10,32,6,0,19.998167432407076,1.5121107266435987,France,77.18631178707224,19.771863117870723,56.65399239543726,11.627906976744185
2500895,3770,311,220,50,46,18,235,109,11,50,10,1,16.81106353927043,4.905635648754915,France,70.7395498392283,16.077170418006432,75.56270096463022,10.091743119266056
2500895,3780,491,404,93,78,42,353,63,30,59,12,0,17.791960143719695,3.23454157782516,France,82.28105906313645,18.94093686354379,71.89409368635438,47.61904761904761
2500896,3785,423,347,44,52,22,349,69,11,56,5,1,14.990210015906543,3.038208168642951,France,82.03309692671394,10.401891252955082,82.50591016548464,15.942028985507244
2500896,3789,398,322,55,55,22,287,58,13,51,9,2,17.45942727294017,2.8125874125874124,France,80.90452261306532,13.819095477386934,72.11055276381909,22.413793103448278
2500897,3771,549,458,71,84,28,425,69,24,52,10,1,17.07035801931318,3.893433799784715,France,83.42440801457195,12.932604735883423,77.41347905282332,34.78260869565217
2500897,3783,339,258,61,47,13,236,91,17,44,4,0,17.595992051916134,4.095238095238095,France,76.10619469026548,17.99410029498525,69.6165191740413,18.681318681318682
2500898,3766,353,284,53,44,14,250,63,28,36,8,1,17.688195391970257,2.756923076923077,France,80.45325779036827,15.01416430594901,70.82152974504248,44.44444444444444
2500898,3767,582,516,66,62,31,424,74,24,44,9,1,16.246489819257686,2.9816414686825055,France,88.65979381443299,11.34020618556701,72.85223367697594,32.432432432432435
2500899,3777,290,220,71,42,16,226,82,22,48,4,1,18.33555003858581,6.157051282051282,France,75.86206896551724,24.482758620689655,77.93103448275862,26.82926829268293
2500899,19830,508,431,88,67,41,349,49,13,40,12,3,20.13838581723018,2.4074534161490684,France,84.84251968503938,17.322834645669293,68.7007874015748,26.53061224489796
2500900,3780,254,201,38,33,11,189,75,16,60,9,1,19.23423245512197,3.5501618122977345,France,79.13385826771653,14.960629921259844,74.40944881889764,21.333333333333336
2500900,3787,501,425,105,74,39,393,81,30,42,18,1,20.307697177088066,1.3560864618885096,France,84.83033932135729,20.958083832335326,78.44311377245509,37.03703703703704
2500901,3770,444,379,49,56,22,317,98,24,45,11,0,16.481817254105582,1.556701030927835,France,85.36036036036036,11.036036036036036,71.3963963963964,24.489795918367346
2500901,3772,332,270,52,53,11,240,64,12,58,8,1,17.803552114555572,3.6575716234652114,France,81.32530120481928,15.66265060240964,72.28915662650603,18.75
2500902,3775,540,498,55,33,11,348,60,17,40,7,0,16.922998207941976,2.150110375275938,France,92.22222222222223,10.185185185185185,64.44444444444444,28.333333333333332
2500902,3782,427,368,63,58,21,312,82,36,40,8,0,16.505660558326536,3.2157123834886816,France,86.18266978922716,14.754098360655737,73.06791569086651,43.90243902439025
2500903,3774,643,558,98,109,32,428,48,25,34,9,0,19.658889139255713,2.4913419913419914,France,86.78071539657853,15.241057542768274,66.56298600311042,52.083333333333336
2500903,3799,250,199,39,33,3,182,53,10,45,8,0,18.364576307902972,5.200750469043152,France,79.60000000000001,15.6,72.8,18.867924528301888
2500904,3779,379,309,80,62,15,281,59,34,56,10,1,19.118461147337747,3.6396866840731072,France,81.53034300791556,21.108179419525065,74.14248021108179,57.6271186440678
2500904,3804,305,236,66,62,23,230,57,12,53,10,2,18.646221215023655,4.1932153392330385,France,77.37704918032787,21.639344262295083,75.40983606557377,21.052631578947366
2500905,3776,617,542,71,68,21,445,55,18,49,6,0,16.884657811949204,3.6132930513595167,France,87.84440842787681,11.507293354943274,72.12317666126418,32.72727272727273
2500905,3795,375,303,51,62,17,297,95,31,50,6,1,16.892057124676835,4.269754768392371,France,80.80000000000001,13.600000000000001,79.2,32.631578947368425
2500906,3789,442,365,73,63,12,276,72,22,45,2,0,17.718909884588854,3.4481927710843374,France,82.57918552036199,16.515837104072396,62.44343891402715,30.555555555555557
2500906,3799,322,244,69,67,20,229,53,19,55,14,1,20.0186500475201,2.841628959276018,France,75.77639751552795,21.428571428571427,71.11801242236024,35.84905660377358
2500907,3766,609,549,71,73,18,380,66,15,44,6,1,16.14626849890835,3.1106471816283925,France,90.14778325123153,11.658456486042693,62.39737274220033,22.727272727272727
2500907,3772,306,258,58,32,10,209,97,22,39,6,1,17.899500770624137,3.568421052631579,France,84.31372549019608,18.954248366013072,68.30065359477125,22.68041237113402
2500908,3774,415,343,72,56,32,282,74,28,42,9,1,18.378546272151592,4.070785070785071,France,82.65060240963855,17.349397590361445,67.95180722891565,37.83783783783784
2500908,3804,453,389,80,45,30,311,71,19,54,12,2,18.75067534250207,2.8343483556638245,France,85.8719646799117,17.660044150110377,68.65342163355407,26.76056338028169
2500909,3770,318,254,61,42,29,210,81,23,51,9,2,17.481467980727988,5.356940509915014,France,79.87421383647799,19.18238993710692,66.0377358490566,28.39506172839506
2500909,3785,398,322,78,68,14,293,53,10,61,4,0,19.643296377025237,3.8663028649386084,France,80.90452261306532,19.597989949748744,73.61809045226131,18.867924528301888
2500910,3776,502,424,75,80,34,359,72,26,44,8,2,18.41245189088714,2.6189349112426035,France,84.4621513944223,14.940239043824702,71.51394422310757,36.11111111111111
2500910,3779,351,290,74,40,18,278,67,14,51,11,1,19.037864279513904,4.813153961136024,France,82.62108262108262,21.082621082621085,79.2022792022792,20.8955223880597
2500911,3771,445,373,72,48,24,302,97,25,43,14,2,19.12110738783759,2.1256038647342996,France,83.82022471910112,16.179775280898877,67.86516853932584,25.773195876288657
2500911,19830,332,261,66,58,27,257,61,21,56,8,2,18.486610246593944,2.9404255319148938,France,78.6144578313253,19.879518072289155,77.40963855421687,34.42622950819672
2500912,3775,332,275,44,28,14,193,52,15,45,8,1,16.807030867267272,3.291793313069909,France,82.83132530120481,13.253012048192772,58.13253012048193,28.846153846153843
2500912,3777,483,411,89,85,30,319,65,39,35,14,2,19.477685557563117,1.6916243654822336,France,85.09316770186336,18.426501035196686,66.0455486542443,60.0
2500913,3767,619,554,126,61,29,457,65,18,37,10,3,20.386345919981615,1.8471204188481676,France,89.49919224555735,20.35541195476575,73.82875605815832,27.692307692307693
2500913,3787,256,197,62,30,21,177,59,16,40,12,0,20.10683363736097,3.9395604395604398,France,76.953125,24.21875,69.140625,27.11864406779661
2500914,3782,532,456,88,76,17,393,60,30,55,12,2,18.5497584601687,2.3333333333333335,France,85.71428571428571,16.541353383458645,73.87218045112782,50.0
2500914,3783,328,262,67,54,16,243,75,27,49,13,1,17.631004266580725,5.016011644832606,France,79.8780487804878,20.426829268292682,74.08536585365853,36.0
2500915,3780,521,450,115,77,33,387,46,15,37,19,1,22.04442719382385,2.4145758661887693,France,86.37236084452975,22.072936660268713,74.28023032629558,32.608695652173914
2500915,3795,347,278,69,57,13,260,43,11,55,1,0,19.36803754706885,3.3287037037037037,France,80.11527377521614,19.88472622478386,74.92795389048992,25.581395348837212
2500916,3782,562,476,76,72,39,389,72,36,47,14,2,16.49490587473344,4.240976645435244,France,84.69750889679716,13.523131672597867,69.21708185053382,50.0
2500916,3789,320,232,58,45,18,227,47,9,53,6,0,17.759453763298175,4.433234421364985,France,72.5,18.125,70.9375,19.148936170212767
2500917,3770,413,311,73,63,28,270,61,19,36,14,2,18.032084327429924,4.127249357326479,France,75.30266343825666,17.675544794188863,65.37530266343826,31.147540983606557
2500917,3783,403,314,83,59,29,256,66,20,44,15,2,19.56878623764539,2.9846547314578005,France,77.91563275434244,20.595533498759306,63.52357320099256,30.303030303030305
2500918,3767,670,607,76,90,55,447,52,21,43,16,2,18.715197333986143,3.4455026455026454,France,90.59701492537313,11.343283582089553,66.71641791044776,40.38461538461539
2500918,3776,295,240,53,38,11,208,74,13,37,9,0,20.739934878915246,3.541176470588235,France,81.35593220338984,17.966101694915253,70.50847457627118,17.56756756756757
2500919,3771,534,463,81,62,33,319,54,15,50,13,6,19.655213564500947,2.262019230769231,France,86.70411985018727,15.168539325842698,59.737827715355806,27.77777777777778
2500919,3777,298,220,57,57,27,205,63,31,36,17,3,20.430642911222197,4.6160409556314,France,73.8255033557047,19.12751677852349,68.79194630872483,49.2063492063492
2500920,3766,581,499,88,77,38,422,52,25,38,11,2,17.847836872847434,3.766884531590414,France,85.88640275387263,15.146299483648882,72.63339070567987,48.07692307692308
2500920,19830,232,170,53,40,17,150,78,34,55,11,3,20.309633446541262,3.5367521367521366,France,73.27586206896551,22.844827586206897,64.65517241379311,43.58974358974359
2500921,3787,690,612,95,93,22,460,40,10,41,7,2,19.441957771289516,2.1112224448897794,France,88.69565217391305,13.768115942028986,66.66666666666666,25.0
2500921,3799,429,357,74,52,12,308,55,16,32,7,0,17.739238498852302,4.01,France,83.21678321678321,17.24941724941725,71.7948717948718,29.09090909090909
2500922,3775,760,673,81,94,42,505,61,24,56,11,0,17.252839417391904,1.3836477987421383,France,88.55263157894737,10.657894736842104,66.44736842105263,39.34426229508197
2500922,3780,231,186,46,44,12,176,94,25,39,6,1,17.766455677470127,4.154098360655738,France,80.51948051948052,19.913419913419915,76.19047619047619,26.595744680851062
2500923,3774,382,323,74,45,17,285,65,28,35,12,0,19.262664835664435,1.2351274787535411,France,84.55497382198953,19.3717277486911,74.60732984293193,43.07692307692308
2500923,3785,431,373,47,44,19,328,71,20,50,9,1,16.42762531889671,1.9086294416243654,France,86.5429234338747,10.904872389791183,76.10208816705337,28.169014084507044
2500924,3772,317,238,63,55,18,242,73,29,57,7,2,18.043997201549082,4.428772919605078,France,75.0788643533123,19.873817034700316,76.34069400630915,39.726027397260275
2500924,3779,395,313,89,69,29,282,73,30,60,6,0,19.529910984132535,2.54320987654321,France,79.24050632911393,22.531645569620252,71.39240506329114,41.0958904109589
2500925,3795,360,291,84,52,21,266,59,20,58,8,0,19.717341801876362,3.8553888130968623,France,80.83333333333333,23.333333333333332,73.88888888888889,33.89830508474576
2500925,3804,334,259,91,68,17,254,56,20,57,8,0,20.242658315150162,4.773167358229599,France,77.54491017964071,27.245508982035926,76.04790419161677,35.714285714285715
2500926,3799,433,341,67,54,22,274,48,13,43,10,0,18.214004372274356,2.947813822284908,France,78.75288683602771,15.473441108545035,63.279445727482674,27.083333333333332
2500926,19830,581,488,85,68,21,366,49,5,44,10,3,17.970310084671148,3.429384965831435,France,83.99311531841653,14.629948364888124,62.99483648881239,10.204081632653061
2500927,3772,436,371,69,44,17,312,48,19,49,11,3,18.55764132173236,2.2462311557788945,France,85.09174311926606,15.825688073394495,71.55963302752293,39.58333333333333
2500927,3789,333,257,53,47,23,229,78,14,59,17,2,17.920993218193843,4.1109530583214795,France,77.17717717717719,15.915915915915916,68.76876876876878,17.94871794871795
2500928,3775,489,432,70,68,40,340,45,24,42,13,2,17.568794669740093,3.1488833746898264,France,88.34355828220859,14.314928425357873,69.52965235173824,53.333333333333336
2500928,3804,345,280,63,45,21,220,83,20,38,9,2,18.52726482765036,2.880466472303207,France,81.15942028985508,18.26086956521739,63.76811594202898,24.096385542168676
2500929,3783,341,265,81,58,24,241,64,20,58,10,0,18.745206331511262,5.500732064421669,France,77.71260997067448,23.75366568914956,70.67448680351906,31.25
2500929,3785,614,520,71,64,31,468,41,13,55,6,0,16.904573580621513,3.1285425101214575,France,84.69055374592834,11.563517915309445,76.2214983713355,31.70731707317073
2500930,3766,577,498,90,97,41,395,54,31,46,18,0,20.298346596198506,1.4094319399785638,France,86.30849220103987,15.597920277296359,68.4575389948007,57.407407407407405
2500930,3774,272,209,55,33,10,191,56,14,48,7,2,20.34381557756574,5.1061643835616435,France,76.83823529411765,20.22058823529412,70.22058823529412,25.0
2500931,3777,454,369,80,86,30,324,68,25,59,10,0,18.598745677932527,3.43905325443787,France,81.27753303964758,17.62114537444934,71.36563876651982,36.76470588235294
2500931,3787,310,234,58,49,22,213,46,10,58,15,1,18.502609443285372,5.168758716875872,France,75.48387096774194,18.70967741935484,68.70967741935485,21.73913043478261
2500932,3770,350,270,73,61,27,273,86,16,35,17,2,19.5332402846989,1.5124087591240876,France,77.14285714285715,20.857142857142858,78.0,18.6046511627907
2500932,3776,544,459,71,74,21,354,45,19,53,6,2,18.73882342807322,2.193287037037037,France,84.375,13.051470588235295,65.07352941176471,42.22222222222222
2500933,3771,466,365,71,57,24,331,56,24,53,12,2,17.30587880146908,4.079746835443038,France,78.32618025751073,15.236051502145923,71.03004291845494,42.857142857142854
2500933,3782,508,417,102,77,19,371,60,23,43,8,2,18.82538484370834,3.4454865181711605,France,82.08661417322834,20.078740157480315,73.03149606299213,38.333333333333336
2500934,3779,322,241,97,65,19,258,75,27,65,13,2,21.968677508846106,3.173049645390071,France,74.84472049689441,30.124223602484474,80.12422360248446,36.0
2500934,3795,334,248,71,57,25,230,64,29,44,12,1,18.658926685942,4.714285714285714,France,74.25149700598801,21.25748502994012,68.8622754491018,45.3125
2500935,3767,705,618,74,89,57,514,73,24,59,17,1,15.332668622047473,3.5237226277372264,France,87.65957446808511,10.49645390070922,72.90780141843972,32.87671232876712
2500935,3780,184,134,33,33,11,134,94,28,41,3,0,17.080891203381604,4.992753623188406,France,72.82608695652173,17.934782608695652,72.82608695652173,29.78723404255319
2500936,3780,316,221,87,67,27,230,81,25,56,9,0,18.573413294846233,5.960755813953488,France,69.9367088607595,27.531645569620256,72.78481012658227,30.864197530864196
2500936,3789,351,267,74,67,20,239,62,12,48,7,0,19.031990060497012,4.616492146596858,France,76.06837606837607,21.082621082621085,68.09116809116809,19.35483870967742
2500937,3782,532,449,89,71,24,363,55,14,57,9,1,19.974802308777775,3.2071269487750556,France,84.3984962406015,16.729323308270676,68.23308270676691,25.454545454545453
2500937,3799,312,240,71,64,19,214,50,13,60,17,0,21.511450443819616,1.7762762762762763,France,76.92307692307693,22.756410256410255,68.58974358974359,26.0
2500938,3774,327,247,74,57,26,231,28,9,40,10,2,20.760411295780344,5.009661835748792,France,75.53516819571865,22.629969418960243,70.64220183486239,32.142857142857146
2500938,3783,523,423,119,77,38,399,47,9,49,13,2,22.21647667779134,1.895784543325527,France,80.87954110898661,22.753346080305928,76.2906309751434,19.148936170212767
2500939,3766,532,473,84,61,25,398,69,24,35,12,2,18.99278658627987,3.7637426900584794,France,88.90977443609023,15.789473684210526,74.81203007518798,34.78260869565217
2500939,3776,452,397,83,64,19,285,73,15,50,11,2,20.713231344396576,2.6944444444444446,France,87.83185840707965,18.36283185840708,63.05309734513275,20.54794520547945
2500940,3771,573,486,82,79,23,439,86,35,45,10,1,17.112429460861286,2.5850267379679144,France,84.81675392670157,14.31064572425829,76.61431064572426,40.69767441860465
2500940,3772,330,263,58,32,11,255,65,24,49,4,0,16.748521148452507,3.998618784530387,France,79.6969696969697,17.575757575757574,77.27272727272727,36.92307692307693
2500941,3804,438,366,72,69,22,290,52,18,40,5,0,18.056686201173708,2.9725848563968666,France,83.56164383561644,16.43835616438356,66.21004566210046,34.61538461538461
2500941,19830,392,325,75,51,17,288,62,16,49,12,3,20.27517767269375,1.6333333333333333,France,82.90816326530613,19.132653061224488,73.46938775510205,25.806451612903224
2500942,3785,432,341,63,68,17,320,53,15,45,2,0,19.279200500484766,4.7507082152974505,France,78.93518518518519,14.583333333333334,74.07407407407408,28.30188679245283
2500942,3787,598,493,118,92,42,415,39,10,42,16,1,20.7829183390165,2.088235294117647,France,82.44147157190636,19.732441471571907,69.39799331103679,25.64102564102564
2500943,3770,289,231,48,43,15,204,74,19,44,7,0,17.592367130716855,2.5709728867623602,France,79.93079584775087,16.608996539792386,70.58823529411765,25.675675675675674
2500943,3775,585,508,77,65,25,406,53,15,49,12,1,19.221542639443978,1.0247578040904197,France,86.83760683760684,13.162393162393164,69.4017094017094,28.30188679245283
2500944,3767,616,557,77,86,50,397,47,25,45,18,5,18.944802908722888,2.049145299145299,France,90.42207792207793,12.5,64.44805194805194,53.191489361702125
2500944,3779,372,316,55,50,26,257,70,23,34,9,2,19.005930901281,3.9156976744186047,France,84.94623655913979,14.78494623655914,69.08602150537635,32.857142857142854
2500945,3777,346,265,72,58,33,240,57,13,55,10,0,19.20820505900023,4.3188010899182565,France,76.58959537572254,20.809248554913296,69.36416184971098,22.807017543859647
2500945,3795,361,281,84,62,25,259,45,16,51,18,1,21.58019360119109,2.5602649006622515,France,77.8393351800554,23.26869806094183,71.74515235457064,35.55555555555556
2500946,3772,402,348,71,52,33,308,86,41,40,21,0,19.01317007311093,0.7160804020100503,France,86.56716417910447,17.66169154228856,76.61691542288557,47.674418604651166
2500946,3775,505,449,74,55,5,348,73,20,48,3,0,19.016709609681023,2.204225352112676,France,88.91089108910892,14.653465346534652,68.9108910891089,27.397260273972602
2500947,3783,396,297,94,75,31,291,66,30,53,12,0,19.124892906425828,4.058080808080808,France,75.0,23.737373737373737,73.48484848484848,45.45454545454545
2500947,3804,355,273,79,55,21,269,55,11,55,10,0,20.390375755901026,3.824438202247191,France,76.90140845070422,22.253521126760564,75.77464788732394,20.0
2500948,3777,255,191,52,49,19,193,72,19,59,6,1,19.124493490020136,4.355450236966824,France,74.90196078431373,20.392156862745097,75.68627450980392,26.38888888888889
2500948,3785,406,324,71,65,25,282,49,13,51,15,2,21.157734232988744,1.948051948051948,France,79.80295566502463,17.48768472906404,69.45812807881774,26.53061224489796
2500949,3776,647,558,81,104,29,427,54,16,43,13,1,17.971263476886293,2.680238331678252,France,86.24420401854714,12.5193199381762,65.9969088098918,29.629629629629626
2500949,3799,281,222,50,47,20,211,91,15,44,12,2,17.883125379419212,5.199044585987261,France,79.00355871886121,17.793594306049823,75.08896797153025,16.483516483516482
2500950,3766,397,327,78,49,10,310,42,6,46,8,1,18.530849091349946,3.5543766578249336,France,82.36775818639799,19.64735516372796,78.08564231738035,14.285714285714285
2500950,3782,488,410,87,61,28,346,75,27,57,8,1,17.351443914139747,3.4055619930475087,France,84.01639344262296,17.827868852459016,70.90163934426229,36.0
2500951,3770,488,392,77,78,44,360,64,20,74,23,0,19.587319824318975,0.7448648648648649,France,80.32786885245902,15.778688524590164,73.77049180327869,31.25
2500951,3789,237,165,53,44,11,154,80,17,53,6,1,18.879034036341288,4.588414634146342,France,69.62025316455697,22.362869198312236,64.9789029535865,21.25
2500952,3767,442,397,52,42,22,316,72,24,46,9,2,17.928668292131064,1.475,France,89.81900452488688,11.76470588235294,71.49321266968326,33.33333333333333
2500952,3771,340,290,53,39,21,246,75,26,42,15,0,18.44088890455389,3.2893939393939395,France,85.29411764705883,15.588235294117647,72.35294117647058,34.66666666666667
2500953,3774,551,476,93,72,28,359,66,17,44,8,1,20.36688663909515,2.542099192618224,France,86.38838475499092,16.878402903811253,65.15426497277676,25.757575757575758
2500953,3795,344,277,56,55,22,272,51,21,52,7,0,19.230499451264013,5.105035971223022,France,80.52325581395348,16.27906976744186,79.06976744186046,41.17647058823529
2500954,3779,468,399,98,62,23,339,77,38,52,10,0,18.907237486322753,3.0082449941107186,France,85.25641025641025,20.94017094017094,72.43589743589743,49.35064935064935
2500954,3787,309,215,82,56,24,243,54,12,63,7,0,19.34978871606594,6.0458015267175576,France,69.57928802588997,26.537216828478964,78.64077669902912,22.22222222222222
2500955,3780,352,279,78,62,26,240,53,23,56,8,2,20.204408392346934,3.078125,France,79.26136363636364,22.15909090909091,68.18181818181817,43.39622641509434
2500955,19830,436,359,71,69,30,316,65,23,48,7,3,18.793501320254258,4.410738255033557,France,82.33944954128441,16.28440366972477,72.47706422018348,35.38461538461539
2500956,3774,314,237,72,62,21,229,48,24,58,14,2,19.359333372665745,4.900149031296572,France,75.47770700636943,22.929936305732486,72.92993630573248,50.0
2500956,3789,283,208,69,48,24,188,67,16,54,12,0,20.1314781323592,3.3779761904761907,France,73.4982332155477,24.381625441696116,66.43109540636041,23.88059701492537
2500957,3785,540,473,59,81,25,351,55,25,41,10,0,17.738102807598196,3.519509476031215,France,87.5925925925926,10.925925925925926,65.0,45.45454545454545
2500957,3799,289,223,55,48,24,213,60,13,49,13,3,21.178021511067715,3.641815235008104,France,77.16262975778547,19.031141868512112,73.70242214532871,21.666666666666668
2500958,3779,533,459,94,70,29,386,38,14,40,9,0,19.195301267572496,3.885478158205431,France,86.11632270168855,17.636022514071296,72.42026266416511,36.84210526315789
2500958,3783,262,190,49,37,18,186,59,17,49,5,2,19.39207671013075,4.448,France,72.51908396946564,18.702290076335878,70.99236641221374,28.8135593220339
2500959,3770,144,102,33,22,13,90,86,12,42,9,1,19.903872072592645,4.217142857142857,France,70.83333333333334,22.916666666666664,62.5,13.953488372093023
2500959,3771,661,594,89,89,41,481,38,13,63,20,1,19.604098393698735,0.4734811957569913,France,89.86384266263238,13.464447806354011,72.76853252647504,34.21052631578947
2500960,3777,379,308,77,55,22,288,71,11,51,10,1,20.598856322353406,4.403394255874674,France,81.26649076517151,20.316622691292878,75.98944591029023,15.492957746478872
2500960,3780,448,355,80,95,44,301,57,18,49,17,1,19.015700460903886,4.802919708029197,France,79.24107142857143,17.857142857142858,67.1875,31.57894736842105
2500961,3772,397,319,68,56,12,278,50,15,57,6,1,17.65826448714946,2.950064020486556,France,80.35264483627203,17.12846347607053,70.02518891687657,30.0
2500961,19830,394,311,79,68,28,281,76,18,58,17,2,19.028245967749378,2.89391979301423,France,78.93401015228426,20.050761421319795,71.31979695431471,23.684210526315788
2500962,3766,564,491,76,71,35,408,57,26,48,16,1,17.214564474974384,3.7354497354497354,France,87.05673758865248,13.47517730496454,72.3404255319149,45.614035087719294
2500962,3787,293,224,57,33,17,221,94,7,45,10,1,18.55132233995759,4.644478063540091,France,76.45051194539249,19.453924914675767,75.42662116040955,7.446808510638298
2500963,3775,556,495,51,57,33,328,65,16,37,18,2,17.985174160337806,1.7071269487750558,France,89.02877697841727,9.172661870503598,58.992805755395686,24.615384615384617
2500963,3776,447,394,58,55,28,318,67,26,35,11,1,17.553867498452302,3.4086845466155813,France,88.14317673378076,12.97539149888143,71.14093959731544,38.80597014925373
2500964,3782,624,530,88,66,31,416,33,11,53,11,2,19.165082841304937,1.7467532467532467,France,84.93589743589743,14.102564102564102,66.66666666666666,33.33333333333333
2500964,3804,280,224,60,39,17,184,61,11,45,10,2,20.698214973391263,4.828200972447326,France,80.0,21.428571428571427,65.71428571428571,18.0327868852459
2500965,3767,754,686,83,85,46,496,56,19,44,18,2,16.6471628865587,3.446395563770795,France,90.98143236074272,11.007957559681698,65.78249336870027,33.92857142857143
2500965,3795,270,213,59,39,20,193,78,23,43,9,0,19.206647761574793,4.913851351351352,France,78.88888888888889,21.85185185185185,71.48148148148148,29.48717948717949
2500966,3772,581,503,101,112,44,401,68,24,37,11,0,19.093443458576868,1.74375,France,86.57487091222032,17.38382099827883,69.01893287435456,35.294117647058826
2500966,3799,303,235,44,34,11,200,91,18,53,8,0,17.348020130343766,4.9301972685887705,France,77.55775577557755,14.521452145214523,66.006600660066,19.78021978021978
2500967,3789,268,200,70,41,22,174,70,17,46,9,1,19.451113817223735,5.694581280788177,France,74.6268656716418,26.119402985074625,64.92537313432835,24.285714285714285
2500967,3804,454,377,93,73,38,299,45,24,49,12,1,19.540436217343984,3.473621103117506,France,83.03964757709251,20.484581497797357,65.85903083700441,53.333333333333336
2500968,3775,493,433,58,41,18,286,39,10,44,17,5,18.050072229592715,3.574051407588739,France,87.82961460446246,11.76470588235294,58.012170385395535,25.64102564102564
2500968,3785,300,223,63,59,34,221,77,41,42,10,0,20.069141382340092,2.0691318327974275,France,74.33333333333333,21.0,73.66666666666667,53.246753246753244
2500969,3776,391,329,67,55,13,276,53,17,41,5,1,19.461661712467432,4.6875,France,84.14322250639387,17.135549872122763,70.58823529411765,32.075471698113205
2500969,3787,461,388,83,64,21,294,61,15,51,12,1,19.15608037652395,4.900252525252525,France,84.1648590021692,18.004338394793926,63.77440347071583,24.59016393442623
2500970,3766,664,591,101,81,30,502,49,16,51,19,1,19.28827081725923,1.0961165048543688,France,89.00602409638554,15.210843373493976,75.6024096385542,32.6530612244898
2500970,3783,312,239,63,43,14,214,76,8,45,5,0,19.541272789649316,3.5751211631663975,France,76.6025641025641,20.192307692307693,68.58974358974359,10.526315789473683
2500971,3770,580,488,105,70,28,438,44,9,45,19,1,20.277262829272036,1.5138297872340425,France,84.13793103448276,18.103448275862068,75.51724137931033,20.454545454545457
2500971,3795,400,331,74,69,23,286,62,14,51,7,0,18.72453921478832,4.07912687585266,France,82.75,18.5,71.5,22.58064516129032
2500972,3767,552,497,65,72,39,390,35,12,42,17,5,19.90561547186181,0.962874251497006,France,90.03623188405797,11.77536231884058,70.65217391304348,34.285714285714285
2500972,3777,393,342,58,49,17,268,59,15,44,5,0,18.836057678038074,2.7125193199381763,France,87.02290076335878,14.75826972010178,68.19338422391857,25.423728813559322
2500973,3774,508,440,118,78,35,370,46,23,50,16,1,22.276901695816335,1.9440993788819876,France,86.61417322834646,23.228346456692915,72.83464566929135,50.0
2500973,3782,395,333,55,42,18,309,51,12,34,7,1,18.48540615137546,4.442528735632184,France,84.30379746835443,13.924050632911392,78.22784810126582,23.52941176470588
2500974,3779,498,415,92,70,42,328,51,17,39,30,1,20.90650042608804,1.303370786516854,France,83.33333333333334,18.473895582329316,65.86345381526104,33.33333333333333
2500974,19830,353,289,69,56,19,236,52,15,53,9,3,19.49089787540146,2.976435935198822,France,81.86968838526913,19.54674220963173,66.85552407932012,28.846153846153843
2500975,3771,477,396,52,53,31,377,94,31,68,21,2,16.094980567864184,3.334763948497854,France,83.01886792452831,10.90146750524109,79.03563941299791,32.97872340425532
2500975,3780,264,196,49,39,14,192,75,15,58,11,1,18.36900217039229,3.3803863298662704,France,74.24242424242425,18.560606060606062,72.72727272727273,20.0
2500976,3789,386,297,83,74,30,259,64,22,55,7,0,18.820617411514384,3.502493765586035,France,76.94300518134715,21.502590673575128,67.09844559585493,34.375
2500976,3795,341,253,71,60,13,266,70,18,46,7,0,16.944439322424707,4.129801324503311,France,74.19354838709677,20.821114369501466,78.00586510263929,25.71428571428571
2500977,3783,460,378,73,69,25,320,60,14,38,8,0,18.637200991341643,3.9518855656697007,France,82.17391304347827,15.869565217391305,69.56521739130434,23.333333333333332
2500977,3799,307,248,52,42,22,228,52,15,55,12,3,18.26186024061929,4.4546875,France,80.78175895765473,16.938110749185668,74.2671009771987,28.846153846153843
2500978,3772,475,396,81,69,42,348,46,22,41,9,0,19.597548305594447,3.318234610917538,France,83.36842105263158,17.05263157894737,73.26315789473684,47.82608695652174
2500978,3774,409,334,87,66,22,303,89,27,45,5,2,19.232120315076347,4.681638044914135,France,81.66259168704157,21.271393643031786,74.08312958435208,30.337078651685395
2500979,3766,324,264,62,47,14,242,62,23,45,12,2,17.750894994285527,4.102831594634873,France,81.48148148148148,19.1358024691358,74.69135802469135,37.096774193548384
2500979,3771,457,393,63,60,21,321,86,21,40,9,2,18.318217762000465,2.4918851435705367,France,85.99562363238512,13.785557986870897,70.24070021881839,24.418604651162788
2500980,3770,553,452,102,78,33,431,55,19,43,15,1,19.891103314648166,5.116438356164384,France,81.73598553345388,18.44484629294756,77.9385171790235,34.54545454545455
2500980,3777,447,357,87,57,18,336,58,10,58,8,1,19.651037291432807,4.854140914709518,France,79.86577181208054,19.463087248322147,75.16778523489933,17.24137931034483
2500981,3776,522,431,76,67,30,406,65,7,52,11,1,17.165250078218605,4.2342342342342345,France,82.56704980842912,14.559386973180077,77.77777777777779,10.76923076923077
2500981,19830,438,368,67,65,26,284,97,29,55,9,2,18.163229858226725,3.4792176039119806,France,84.01826484018264,15.296803652968036,64.84018264840182,29.896907216494846
2500982,3787,406,322,104,61,27,289,65,23,48,16,2,21.946353319799336,1.9987080103359174,France,79.3103448275862,25.615763546798032,71.18226600985221,35.38461538461539
2500982,3804,336,271,74,55,19,225,72,20,56,9,2,20.706518675156282,4.833576642335767,France,80.65476190476191,22.023809523809522,66.96428571428571,27.77777777777778
2500983,3767,584,528,56,82,42,345,61,26,35,19,2,18.139952355578465,3.5062571103526734,France,90.41095890410958,9.58904109589041,59.07534246575342,42.62295081967213
2500983,3775,369,306,51,32,28,234,60,19,33,13,1,19.47997762948116,3.139605462822458,France,82.92682926829268,13.821138211382115,63.41463414634146,31.666666666666664
2500984,3782,555,479,81,64,34,375,48,11,49,16,2,19.842011228666735,1.243816254416961,France,86.3063063063063,14.594594594594595,67.56756756756756,22.916666666666664
2500984,3785,340,284,53,43,15,235,64,20,50,8,0,19.017922712510313,3.3718518518518517,France,83.52941176470588,15.588235294117647,69.11764705882352,31.25
2500985,3779,360,280,68,46,32,254,76,16,48,10,1,19.060602093098748,3.5591098748261474,France,77.77777777777779,18.88888888888889,70.55555555555556,21.052631578947366
2500985,3780,391,309,85,60,32,251,48,12,51,11,2,20.310177310787676,3.154471544715447,France,79.02813299232737,21.73913043478261,64.19437340153452,25.0
2500986,3783,456,369,82,69,31,341,81,37,44,9,1,18.22036644550268,3.3365617433414045,France,80.92105263157895,17.982456140350877,74.78070175438597,45.67901234567901
2500986,3787,467,401,74,58,27,342,40,15,59,7,3,17.763719507156974,3.827710843373494,France,85.86723768736617,15.845824411134904,73.23340471092077,37.5
2500987,3771,416,352,66,52,27,285,50,24,53,7,2,16.91781216106042,3.4514066496163682,France,84.61538461538461,15.865384615384615,68.50961538461539,48.0
2500987,3804,306,240,72,44,22,218,79,18,63,11,1,19.23960488909233,2.286775631500743,France,78.43137254901961,23.52941176470588,71.24183006535948,22.78481012658228
2500988,3772,443,354,82,51,30,314,74,17,57,11,1,17.490443619483724,4.410071942446043,France,79.90970654627539,18.510158013544018,70.8803611738149,22.972972972972975
2500988,3785,383,307,65,56,21,270,63,15,46,11,1,18.296196700301902,2.6653696498054473,France,80.15665796344648,16.971279373368144,70.49608355091384,23.809523809523807
2500989,3776,604,523,66,61,28,412,88,12,52,15,0,15.222618118885876,2.103244837758112,France,86.58940397350993,10.927152317880795,68.21192052980133,13.636363636363635
2500989,3789,375,306,57,51,10,254,99,19,41,10,1,15.579043273225489,4.364473684210527,France,81.6,15.2,67.73333333333333,19.19191919191919
2500990,3766,559,503,79,78,37,398,82,30,44,20,1,19.336692304595207,1.5264797507788161,France,89.98211091234347,14.132379248658319,71.19856887298748,36.58536585365854
2500990,3780,351,281,65,58,21,220,94,16,39,10,0,18.81553950723712,4.171673819742489,France,80.05698005698005,18.51851851851852,62.67806267806267,17.02127659574468
2500991,3770,488,402,90,80,33,333,64,24,43,19,0,20.39807514218218,2.299765807962529,France,82.37704918032787,18.442622950819672,68.23770491803278,37.5
2500991,3782,456,394,82,54,23,348,84,13,51,15,3,18.563479904142334,3.2897526501766783,France,86.40350877192982,17.982456140350877,76.31578947368422,15.476190476190476
2500992,3767,687,628,100,67,33,538,39,11,45,14,2,18.822717446567314,1.7104208416833668,France,91.41193595342067,14.556040756914118,78.31149927219796,28.205128205128204
2500992,3799,366,303,59,53,31,258,78,24,37,18,1,19.180648100470574,3.3312788906009243,France,82.78688524590164,16.120218579234972,70.49180327868852,30.76923076923077
2500993,3774,473,397,88,75,35,358,60,34,65,18,1,22.51434542112657,0.9184652278177458,France,83.93234672304439,18.6046511627907,75.68710359408034,56.666666666666664
2500993,19830,388,327,72,50,14,292,66,21,59,8,1,21.57252244232271,3.4200542005420056,France,84.27835051546391,18.556701030927837,75.25773195876289,31.818181818181817
2500994,3777,275,209,49,35,14,212,67,33,67,8,1,17.634038104887058,4.6908563134978225,France,76.0,17.81818181818182,77.0909090909091,49.25373134328358
2500994,3779,286,223,74,68,18,206,56,21,53,18,2,20.936895181082193,2.3042813455657494,France,77.97202797202797,25.874125874125873,72.02797202797203,37.5
2500995,3775,694,630,51,56,26,415,49,13,33,14,2,17.781462765855476,2.6445544554455447,France,90.77809798270894,7.348703170028818,59.798270893371765,26.53061224489796
2500995,3795,388,329,62,64,29,275,75,32,36,9,0,19.257838143302028,2.2271386430678466,France,84.79381443298969,15.979381443298967,70.87628865979381,42.66666666666667
2500996,3783,384,301,83,73,32,284,73,30,44,12,0,18.865131733319096,5.190604026845637,France,78.38541666666666,21.614583333333336,73.95833333333334,41.0958904109589
2500996,3789,320,248,67,50,16,212,69,11,55,10,3,18.487121193191136,4.394736842105263,France,77.5,20.9375,66.25,15.942028985507244
2500997,3779,502,431,57,60,21,333,65,25,46,8,0,17.89565322554549,3.766217870257038,France,85.85657370517929,11.354581673306772,66.33466135458167,38.46153846153847
2500997,3799,355,309,59,46,15,258,41,14,52,3,1,18.55074730450753,3.0754147812971344,France,87.04225352112675,16.619718309859156,72.67605633802818,34.146341463414636
2500998,3772,569,496,81,57,36,410,60,22,56,13,2,18.38957193314048,1.3917634635691658,France,87.17047451669596,14.235500878734623,72.05623901581723,36.666666666666664
2500998,3776,293,233,52,43,14,192,78,16,45,6,1,17.677750250888153,3.5687789799072642,France,79.5221843003413,17.747440273037544,65.52901023890784,20.51282051282051
2500999,3785,393,312,73,65,24,293,38,11,46,15,4,21.77869326052165,2.5426573426573427,France,79.38931297709924,18.575063613231553,74.55470737913485,28.947368421052634
2500999,3795,373,293,70,64,26,272,44,18,53,8,0,20.1243133478786,3.602836879432624,France,78.55227882037534,18.766756032171582,72.92225201072387,40.909090909090914
2501000,3771,645,576,89,73,28,497,72,28,46,11,0,18.516987121379035,2.1969111969111967,France,89.30232558139535,13.798449612403102,77.05426356589146,38.88888888888889
2501000,3787,327,262,61,52,19,228,77,19,57,6,0,18.92407766281294,4.957227138643068,France,80.1223241590214,18.654434250764528,69.72477064220183,24.675324675324674
2501001,3766,566,499,60,53,25,323,54,13,34,13,5,17.499131775883317,3.5940366972477062,France,88.16254416961131,10.60070671378092,57.06713780918727,24.074074074074073
2501001,3777,436,368,88,78,32,357,75,35,32,9,0,19.042718835915085,3.0215633423180592,France,84.40366972477065,20.18348623853211,81.88073394495413,46.666666666666664
2501002,3770,301,222,69,57,18,230,73,23,49,6,1,18.102451708739622,5.435036496350365,France,73.75415282392026,22.92358803986711,76.41196013289037,31.506849315068493
2501002,19830,526,433,108,61,38,377,48,14,51,5,2,19.352399826442852,3.7655172413793103,France,82.31939163498099,20.53231939163498,71.67300380228137,29.166666666666668
2501003,3774,373,307,48,50,19,256,77,36,41,8,1,18.092413370979656,4.097777777777778,France,82.30563002680965,12.868632707774799,68.63270777479893,46.75324675324675
2501003,3775,544,478,56,53,25,300,53,6,49,11,1,18.692675647817833,2.391048292108363,France,87.86764705882352,10.294117647058822,55.14705882352941,11.320754716981133
2501004,3767,460,406,65,62,25,284,58,21,35,7,0,19.343231381346616,2.8440251572327044,France,88.26086956521739,14.130434782608695,61.73913043478261,36.206896551724135
2501004,3782,399,344,54,31,32,273,53,14,55,13,1,20.35641645121715,2.164051355206847,France,86.21553884711778,13.533834586466165,68.42105263157895,26.41509433962264
2501005,3780,364,258,92,87,40,248,66,26,71,17,0,21.599011808245468,2.2375979112271542,France,70.87912087912088,25.274725274725274,68.13186813186813,39.39393939393939
2501005,3804,372,278,74,43,15,267,88,9,52,7,1,19.164431819433556,3.7090012330456226,France,74.73118279569893,19.892473118279568,71.7741935483871,10.227272727272728
2501006,3775,698,638,58,80,33,357,50,15,41,14,1,18.320826935386094,3.0722772277227723,France,91.40401146131805,8.30945558739255,51.146131805157594,30.0
2501006,3799,397,342,60,53,17,298,59,25,44,8,1,20.55695526747567,2.794729542302358,France,86.14609571788414,15.113350125944585,75.06297229219143,42.3728813559322
2501007,3780,279,215,63,58,12,192,62,17,64,4,0,19.226643029327988,4.536585365853658,France,77.06093189964157,22.58064516129032,68.81720430107528,27.419354838709676
2501007,3783,561,483,88,85,26,386,64,21,50,8,0,18.945646560602174,2.912416851441242,France,86.09625668449198,15.686274509803921,68.80570409982175,32.8125
2501008,3776,435,353,81,51,18,286,76,12,48,9,2,18.067309055430876,3.435049019607843,France,81.14942528735632,18.620689655172416,65.74712643678161,15.789473684210526
2501008,3785,436,352,64,53,27,332,79,27,55,4,1,16.017286571363467,4.462686567164179,France,80.73394495412845,14.678899082568808,76.14678899082568,34.177215189873415
2501009,3766,624,557,87,84,40,449,54,23,41,24,3,19.197405746246634,0.6424116424116424,France,89.26282051282051,13.942307692307693,71.9551282051282,42.592592592592595
2501009,3789,284,225,52,25,17,197,70,16,47,5,0,18.736515028576118,2.534201954397394,France,79.22535211267606,18.30985915492958,69.36619718309859,22.857142857142858
2501010,3772,428,359,64,29,11,269,76,13,31,7,3,17.923459117800455,3.6318607764390896,France,83.8785046728972,14.953271028037381,62.850467289719624,17.105263157894736
2501010,3787,446,352,93,58,54,343,48,22,47,18,1,19.858920891937736,1.7054263565891472,France,78.9237668161435,20.85201793721973,76.90582959641256,45.83333333333333
2501011,3770,328,262,68,56,31,233,73,29,50,12,1,20.366052013005728,3.105654761904762,France,79.8780487804878,20.73170731707317,71.03658536585365,39.726027397260275
2501011,3804,498,426,103,70,31,362,40,11,48,13,1,20.838364179908808,3.7541966426858515,France,85.54216867469879,20.682730923694777,72.69076305220884,27.500000000000004
2501012,3767,516,464,94,53,31,401,61,10,30,12,6,20.75737769846406,1.6774193548387097,France,89.92248062015504,18.217054263565892,77.71317829457365,16.39344262295082
2501012,19830,349,301,54,47,19,227,57,28,33,10,1,19.87573126741721,3.1264367816091956,France,86.24641833810888,15.472779369627506,65.0429799426934,49.122807017543856
2501013,3774,597,527,110,91,27,388,39,18,50,11,1,20.586322971455086,1.418859649122807,France,88.2747068676717,18.425460636515915,64.99162479061977,46.15384615384615
2501013,3777,283,220,44,34,14,209,65,7,51,6,2,18.708042502409523,4.954697986577181,France,77.73851590106007,15.547703180212014,73.85159010600707,10.76923076923077
2501014,3779,410,341,87,57,29,314,42,17,49,15,0,20.782352919590032,1.5208913649025069,France,83.17073170731707,21.21951219512195,76.58536585365854,40.476190476190474
2501014,3782,528,457,68,68,22,334,47,17,43,5,1,18.420689786774332,2.7669082125603865,France,86.5530303030303,12.878787878787879,63.25757575757576,36.17021276595745
2501015,3771,532,465,94,72,18,395,54,23,61,18,3,27.292444563338123,3.391353811149033,France,87.40601503759399,17.669172932330827,74.24812030075188,42.592592592592595
2501015,3795,280,204,60,42,20,215,68,20,49,12,2,28.842295133101533,5.207070707070707,France,72.85714285714285,21.428571428571427,76.78571428571429,29.411764705882355
2501016,3779,359,293,74,50,24,231,69,21,55,15,1,18.47322119940569,4.140625,France,81.61559888579387,20.61281337047354,64.34540389972145,30.434782608695656
2501016,3789,259,180,53,49,21,180,57,27,46,7,3,18.818436707985274,4.3448844884488445,France,69.4980694980695,20.463320463320464,69.4980694980695,47.368421052631575
2501017,3767,576,523,68,64,24,396,63,16,38,10,1,18.880410986273223,1.6201814058956916,France,90.79861111111111,11.805555555555555,68.75,25.396825396825395
2501017,3772,322,276,51,51,32,227,60,32,42,21,0,20.97858505212509,0.7868098159509203,France,85.71428571428571,15.838509316770185,70.4968944099379,53.333333333333336
2501018,3766,552,498,81,60,26,374,52,16,36,19,4,18.045851945082237,2.9363425925925926,France,90.21739130434783,14.673913043478262,67.7536231884058,30.76923076923077
2501018,3804,343,281,66,41,26,243,70,17,42,14,2,19.866579718890375,1.838855421686747,France,81.92419825072886,19.24198250728863,70.8454810495627,24.285714285714285
2501019,3785,554,474,83,76,40,423,54,17,49,21,2,19.42734056488966,0.5621562156215621,France,85.5595667870036,14.981949458483754,76.3537906137184,31.48148148148148
2501019,19830,283,212,58,40,16,184,68,21,46,3,1,19.37692468782652,2.4400630914826498,France,74.91166077738515,20.49469964664311,65.01766784452296,30.88235294117647
2501020,3771,635,574,72,53,45,463,72,22,32,18,4,18.306996535967084,1.3637316561844863,France,90.39370078740157,11.338582677165354,72.91338582677164,30.555555555555557
2501020,3776,353,303,51,56,30,218,71,18,37,13,1,18.38271029602629,3.111271676300578,France,85.8356940509915,14.44759206798867,61.756373937677054,25.352112676056336
2501021,3777,543,446,108,76,29,424,45,17,57,16,0,19.98853064593249,2.676437429537768,France,82.13627992633518,19.88950276243094,78.08471454880295,37.77777777777778
2501021,3783,362,281,92,52,17,254,62,19,49,5,1,20.008804713007162,5.116598079561043,France,77.62430939226519,25.41436464088398,70.1657458563536,30.64516129032258
2501022,3770,290,232,67,50,28,214,51,21,55,11,1,23.427991934252383,3.818936877076412,France,80.0,23.103448275862068,73.79310344827587,41.17647058823529
2501022,3774,434,368,102,74,32,328,50,19,53,14,1,22.669705776919194,3.0695876288659796,France,84.7926267281106,23.502304147465438,75.57603686635944,38.0
2501023,3775,567,494,70,63,29,379,59,13,39,15,1,18.53711015817119,1.4675767918088738,France,87.12522045855378,12.345679012345679,66.84303350970018,22.033898305084744
2501023,3787,399,334,75,53,17,282,75,24,42,4,0,20.0201161497266,3.6526019690576654,France,83.70927318295739,18.796992481203006,70.67669172932331,32.0
2501024,3782,577,510,109,75,38,451,65,18,63,15,2,18.448785734703186,1.6110552763819095,France,88.38821490467937,18.890814558058924,78.16291161178509,27.692307692307693
2501024,3795,282,220,42,34,20,223,67,16,40,6,1,17.46620093093176,3.7752808988764044,France,78.01418439716312,14.893617021276595,79.07801418439716,23.88059701492537
2501025,3780,337,262,75,67,24,226,60,24,52,12,1,21.182804764250406,3.014450867052023,France,77.74480712166172,22.255192878338278,67.06231454005935,40.0
2501025,3799,516,430,90,72,14,390,70,16,53,7,0,17.943241760485694,3.4873853211009176,France,83.33333333333334,17.441860465116278,75.5813953488372,22.857142857142858
2501026,3771,505,431,67,54,21,355,67,20,51,11,0,18.00516109743778,3.545964125560538,France,85.34653465346534,13.267326732673268,70.29702970297029,29.850746268656714
2501026,3799,371,289,53,47,30,277,75,19,55,11,1,18.054704833661965,2.485753052917232,France,77.89757412398922,14.285714285714285,74.66307277628033,25.333333333333336
2501027,3772,352,292,52,39,18,233,71,21,49,9,1,17.650180428217652,2.344380403458213,France,82.95454545454545,14.772727272727273,66.19318181818183,29.577464788732392
2501027,3804,409,340,94,48,13,266,66,16,53,6,0,19.079801140784046,2.8909825033647376,France,83.12958435207824,22.982885085574573,65.03667481662592,24.242424242424242
2501028,3776,453,383,106,64,22,317,64,25,39,16,3,20.81832943588076,3.1298076923076925,France,84.54746136865342,23.399558498896248,69.97792494481236,39.0625
2501028,3777,429,347,79,73,19,297,71,22,49,12,1,19.085072571297406,3.734955185659411,France,80.88578088578089,18.414918414918414,69.23076923076923,30.985915492957744
2501029,3766,575,499,75,65,35,403,49,19,58,22,2,19.837450863048296,1.3573667711598747,France,86.78260869565217,13.043478260869565,70.08695652173913,38.775510204081634
2501029,3770,355,281,65,52,26,287,86,29,50,12,0,18.866485101487477,3.1171770972037285,France,79.15492957746478,18.30985915492958,80.84507042253522,33.72093023255814
2501030,3789,293,208,45,40,16,184,54,14,54,8,0,18.317511798359455,4.840667678300456,France,70.98976109215018,15.358361774744028,62.79863481228669,25.925925925925924
2501030,19830,519,422,89,75,41,373,63,27,56,14,0,19.152335652706515,1.8359030837004404,France,81.31021194605009,17.148362235067438,71.86897880539499,42.857142857142854
2501031,3782,368,295,73,51,8,270,59,6,59,7,1,19.862639444015077,4.184387617765815,France,80.16304347826086,19.83695652173913,73.36956521739131,10.16949152542373
2501031,3787,536,451,133,115,55,402,43,19,45,22,0,22.063775998552575,1.9830890642615557,France,84.14179104477611,24.813432835820894,75.0,44.18604651162791
2501032,3767,576,499,85,52,41,381,65,14,57,11,1,18.752213493514617,1.8917793964620186,France,86.63194444444444,14.756944444444445,66.14583333333334,21.53846153846154
2501032,3785,299,245,35,38,24,217,74,26,43,19,2,17.08843113645386,4.593796159527327,France,81.93979933110369,11.705685618729097,72.5752508361204,35.13513513513514
2501033,3774,419,334,77,68,24,300,65,14,50,5,2,19.925478674126627,3.5235602094240837,France,79.71360381861575,18.377088305489263,71.59904534606206,21.53846153846154
2501033,3780,344,262,72,54,38,218,54,18,69,11,0,19.81256656785927,4.721098265895954,France,76.16279069767442,20.930232558139537,63.372093023255815,33.33333333333333
2501034,3775,518,447,74,45,23,355,58,20,57,8,0,17.176998254996033,3.1879271070615034,France,86.2934362934363,14.285714285714285,68.53281853281852,34.48275862068966
2501034,3779,332,268,67,46,20,249,74,26,37,8,1,18.270512643760405,3.4545454545454546,France,80.72289156626506,20.180722891566266,75.0,35.13513513513514
2501035,3783,492,403,84,76,18,352,65,22,41,12,1,17.97574462939616,4.907925407925408,France,81.91056910569105,17.073170731707318,71.54471544715447,33.84615384615385
2501035,3795,361,278,66,50,26,280,45,24,71,5,2,18.769360830849596,4.788005578800558,France,77.00831024930747,18.282548476454295,77.5623268698061,53.333333333333336
2501036,3767,604,525,73,63,69,345,71,23,44,23,2,17.39573058388693,3.5153374233128836,France,86.9205298013245,12.08609271523179,57.11920529801324,32.3943661971831
2501036,3789,286,231,46,39,21,174,83,26,41,12,2,19.266458634831313,4.1010558069381595,France,80.76923076923077,16.083916083916083,60.83916083916085,31.32530120481928
2501037,3783,321,259,95,40,25,235,66,16,50,12,1,19.883405899394642,3.1664275466284075,France,80.68535825545172,29.595015576323984,73.20872274143302,24.242424242424242
2501037,19830,383,318,62,61,16,278,67,25,53,13,2,16.96382881754498,3.666240409207161,France,83.02872062663185,16.187989556135772,72.58485639686684,37.3134328358209
2501038,3785,392,303,78,68,15,284,93,25,53,3,1,18.33494717655836,3.663115845539281,France,77.29591836734694,19.897959183673468,72.44897959183673,26.881720430107524
2501038,3804,384,304,84,50,27,274,80,19,56,18,3,20.62494990813605,2.5915841584158414,France,79.16666666666666,21.875,71.35416666666666,23.75
2501039,3766,517,469,56,56,30,357,63,22,36,14,3,19.511891914917918,1.7614035087719297,France,90.71566731141199,10.831721470019342,69.0522243713733,34.92063492063492
2501039,3795,419,367,72,43,25,318,62,27,52,10,0,21.50009421528979,2.727027027027027,France,87.58949880668257,17.18377088305489,75.89498806682577,43.54838709677419
2501040,3771,429,379,57,60,31,333,69,25,43,16,2,18.28443411166814,0.976063829787234,France,88.34498834498834,13.286713286713287,77.62237762237763,36.231884057971016
2501040,3775,506,446,68,47,13,366,72,15,47,9,1,17.87659936543572,1.9638118214716527,France,88.14229249011858,13.438735177865613,72.33201581027669,20.833333333333336
2501041,3777,337,267,52,46,13,211,83,12,36,7,1,17.599403854002126,4.31811697574893,France,79.22848664688428,15.43026706231454,62.61127596439169,14.457831325301203
2501041,3799,567,480,78,79,27,380,60,15,56,16,2,17.62341027797747,4.1002178649237475,France,84.65608465608466,13.756613756613756,67.01940035273368,25.0
2501042,3770,468,396,104,80,26,337,62,27,54,8,0,19.778482354275255,3.456575682382134,France,84.61538461538461,22.22222222222222,72.00854700854701,43.54838709677419
2501042,3787,345,278,79,49,14,241,62,10,51,9,2,19.668897903655658,4.53314121037464,France,80.57971014492755,22.89855072463768,69.85507246376812,16.129032258064516
2501043,3774,345,291,65,58,12,269,39,20,48,13,1,20.5634629794386,3.766412213740458,France,84.34782608695653,18.84057971014493,77.97101449275362,51.28205128205128
2501043,3779,403,335,88,65,28,254,53,7,53,7,1,21.066888584263406,4.164723032069971,France,83.12655086848635,21.83622828784119,63.0272952853598,13.20754716981132
2501044,3772,367,318,81,52,27,269,63,13,43,11,3,18.972174767466,4.124098124098124,France,86.64850136239782,22.070844686648503,73.29700272479565,20.634920634920633
2501044,3782,461,397,78,57,39,273,70,27,50,13,0,19.9562413754048,1.948952879581152,France,86.11713665943601,16.919739696312362,59.219088937093275,38.57142857142858
2501045,3776,549,476,65,88,27,295,55,9,46,15,2,17.34650508651695,4.294691224268689,France,86.70309653916212,11.839708561020036,53.73406193078324,16.363636363636363
2501045,3780,207,134,57,47,13,146,94,29,56,6,2,19.398958782255196,6.213286713286713,France,64.73429951690821,27.536231884057973,70.53140096618358,30.851063829787233
2501046,3777,433,378,82,63,26,312,57,31,53,14,0,28.94861958055752,-1.125810635538262,France,87.29792147806005,18.937644341801384,72.05542725173211,54.385964912280706
2501046,3789,424,351,72,45,15,294,72,41,43,7,0,33.14213477852987,-1.3888888888888888,France,82.78301886792453,16.9811320754717,69.33962264150944,56.94444444444444
2501047,3770,417,344,72,61,21,289,54,17,40,10,1,18.25795683053688,4.2100396301188905,France,82.49400479616307,17.26618705035971,69.30455635491607,31.48148148148148
2501047,3799,384,303,83,53,26,301,81,13,60,13,0,19.653832173123504,2.642765685019206,France,78.90625,21.614583333333336,78.38541666666666,16.049382716049383
2501048,3772,425,354,50,53,33,307,64,11,53,11,4,18.690968819550186,2.37125,France,83.29411764705881,11.76470588235294,72.23529411764706,17.1875
2501048,3780,302,222,76,44,19,222,74,27,39,9,2,20.46513663613348,4.790046656298601,France,73.50993377483444,25.165562913907287,73.50993377483444,36.486486486486484
2501049,3771,299,234,50,36,19,212,62,19,72,15,3,23.204279250981294,2.3827493261455523,France,78.26086956521739,16.722408026755854,70.90301003344482,30.64516129032258
2501049,3785,268,201,53,51,30,205,68,32,61,15,1,22.609551850172434,0.33045977011494254,France,75.0,19.776119402985074,76.49253731343283,47.05882352941176
2501050,3776,422,360,51,42,23,306,56,13,39,13,2,17.845371873803444,2.985842985842986,France,85.30805687203792,12.085308056872037,72.51184834123224,23.214285714285715
2501050,3804,443,370,67,70,24,322,91,31,41,12,1,18.089782404748274,3.334975369458128,France,83.52144469525959,15.124153498871332,72.686230248307,34.065934065934066
2501051,3782,418,349,64,48,15,259,56,11,52,11,0,18.13067152236655,3.865284974093264,France,83.49282296650718,15.311004784688995,61.961722488038276,19.642857142857142
2501051,19830,422,354,64,67,41,300,46,20,43,16,0,19.5841904076341,2.257936507936508,France,83.88625592417061,15.165876777251185,71.09004739336493,43.47826086956522
2501052,3787,553,465,147,87,44,408,74,23,46,19,1,22.008511238059693,1.510880829015544,France,84.08679927667269,26.582278481012654,73.77938517179024,31.08108108108108
2501052,3795,334,273,51,44,25,269,68,17,60,9,1,17.312781960853428,3.972938144329897,France,81.73652694610777,15.269461077844312,80.53892215568862,25.0
2501053,3775,610,559,63,68,26,369,56,11,37,17,3,18.191561433605084,1.48068669527897,France,91.63934426229508,10.327868852459018,60.49180327868853,19.642857142857142
2501053,3783,342,285,61,53,26,223,66,19,48,9,1,18.945393074643217,3.6682464454976302,France,83.33333333333334,17.83625730994152,65.2046783625731,28.78787878787879
2501054,3767,528,460,59,76,33,345,28,12,45,14,0,18.77002379627949,1.6007509386733416,France,87.12121212121212,11.174242424242424,65.3409090909091,42.857142857142854
2501054,3774,292,234,59,35,17,240,71,19,48,9,1,20.035387978043552,3.833898305084746,France,80.13698630136986,20.205479452054796,82.1917808219178,26.76056338028169
2501055,3766,397,338,46,47,21,271,46,21,54,6,1,15.98717374078007,3.1525215252152523,France,85.13853904282117,11.586901763224182,68.26196473551637,45.65217391304348
2501055,3779,228,175,54,36,12,156,101,32,55,7,2,18.931376124027857,3.0925925925925926,France,76.75438596491229,23.684210526315788,68.42105263157895,31.683168316831683
2501056,3767,755,694,68,82,23,481,55,29,31,7,0,17.36161623760703,2.4941176470588236,France,91.9205298013245,9.006622516556291,63.70860927152317,52.72727272727272
2501056,3783,214,161,42,28,16,172,83,23,50,11,0,19.918204338072606,3.038732394366197,France,75.23364485981308,19.626168224299064,80.37383177570094,27.710843373493976
2501057,3799,417,351,69,50,27,299,61,18,61,16,1,17.928904940063585,4.728590250329381,France,84.17266187050359,16.546762589928058,71.70263788968825,29.508196721311474
2501057,3804,456,385,76,50,28,246,71,23,35,5,1,18.204161844517827,3.7846153846153845,France,84.4298245614035,16.666666666666664,53.94736842105263,32.3943661971831
2501058,3766,454,402,67,82,40,316,55,27,38,20,2,19.29269428445871,1.341055341055341,France,88.54625550660793,14.757709251101323,69.60352422907489,49.09090909090909
2501058,3775,537,484,55,39,14,325,60,8,49,11,2,16.7258890805663,2.5854503464203233,France,90.13035381750466,10.242085661080075,60.52141527001862,13.333333333333334
2501059,3771,584,527,79,69,48,411,68,34,38,26,2,21.214436430710762,1.4478723404255318,France,90.23972602739725,13.527397260273974,70.37671232876713,50.0
2501059,3789,329,259,53,45,18,227,67,13,48,5,1,20.904341461718293,3.8021638330757344,France,78.72340425531915,16.109422492401215,68.9969604863222,19.402985074626866
2501060,3772,528,472,108,74,21,385,57,32,45,15,4,23.880998882017153,2.491916859122402,France,89.39393939393939,20.454545454545457,72.91666666666666,56.14035087719298
2501060,3777,338,281,76,52,16,260,57,23,55,7,0,25.644429969759646,2.723926380368098,France,83.13609467455622,22.485207100591715,76.92307692307693,40.35087719298245
2501061,3770,381,317,73,46,22,280,41,20,55,7,1,19.59273341884379,3.4582132564841497,France,83.2020997375328,19.160104986876643,73.49081364829397,48.78048780487805
2501061,3779,493,407,82,45,39,378,68,11,46,10,0,18.42976001238846,4.065375302663438,France,82.55578093306288,16.63286004056795,76.67342799188641,16.176470588235293
2501062,3774,440,368,94,52,22,344,56,18,58,7,1,19.039200242422833,2.4099616858237547,France,83.63636363636363,21.363636363636363,78.18181818181819,32.142857142857146
2501062,3787,328,259,80,53,23,221,60,14,47,9,1,19.225826572728234,3.7732732732732734,France,78.96341463414635,24.390243902439025,67.3780487804878,23.333333333333332
2501063,3776,500,441,59,66,17,342,70,19,28,10,0,16.624793338290562,2.948849104859335,France,88.2,11.799999999999999,68.4,27.142857142857142
2501063,3782,548,492,78,54,27,394,75,20,44,12,4,18.374476155566025,2.353009259259259,France,89.78102189781022,14.233576642335766,71.8978102189781,26.666666666666668
2501064,3780,358,283,79,56,37,235,68,18,60,16,2,20.357458348635724,1.9479843953185956,France,79.05027932960894,22.067039106145252,65.64245810055866,26.47058823529412
2501064,3785,316,237,55,53,16,238,84,26,46,10,0,18.80959199816597,3.492711370262391,France,75.0,17.405063291139243,75.31645569620254,30.952380952380953
2501065,3795,352,281,60,54,39,255,43,14,48,13,0,19.566213729905915,3.587719298245614,France,79.82954545454545,17.045454545454543,72.44318181818183,32.55813953488372
2501065,19830,501,423,62,61,39,350,63,21,55,19,2,18.255613238926824,3.816901408450704,France,84.4311377245509,12.375249500998004,69.86027944111777,33.33333333333333
2516739,2444,482,412,79,44,33,330,45,13,50,12,2,20.710111286214165,1.96484375,Germany,85.47717842323651,16.390041493775932,68.46473029045643,28.888888888888886
2516739,2446,459,404,67,58,36,317,51,23,35,19,1,19.632529103366963,2.463157894736842,Germany,88.01742919389977,14.596949891067537,69.06318082788671,45.09803921568628
2516740,2443,330,249,60,40,13,245,93,33,47,9,0,21.41555173002106,2.1692745376955904,Germany,75.45454545454545,18.181818181818183,74.24242424242425,35.483870967741936
2516740,2482,611,527,94,90,32,369,49,31,48,13,1,20.08118514220603,0.4327233584499462,Germany,86.2520458265139,15.384615384615385,60.392798690671036,63.26530612244898
2516741,2445,430,360,68,51,17,311,67,17,47,7,0,19.734662988229143,4.490691489361702,Germany,83.72093023255815,15.813953488372093,72.32558139534883,25.37313432835821
2516741,2457,482,419,89,53,14,361,69,18,44,9,2,19.835357472047598,2.4859926918392206,Germany,86.92946058091286,18.464730290456433,74.89626556016597,26.08695652173913
2516742,2453,444,374,90,66,12,307,64,14,50,5,0,21.500507640294042,3.9245982694684796,Germany,84.23423423423422,20.27027027027027,69.14414414414415,21.875
2516742,2462,350,283,93,62,31,256,67,31,46,15,0,23.320818626607878,5.638386648122392,Germany,80.85714285714286,26.571428571428573,73.14285714285714,46.26865671641791
2516743,2454,546,484,73,66,34,353,51,16,44,20,1,20.948927917742324,1.256235827664399,Germany,88.64468864468864,13.36996336996337,64.65201465201466,31.372549019607842
2516743,2463,480,415,82,78,25,327,81,20,45,11,0,21.58679756649333,3.1660649819494586,Germany,86.45833333333334,17.083333333333332,68.125,24.691358024691358
2516744,2449,314,240,83,36,19,214,111,25,46,10,1,21.697217219314464,3.7869986168741354,Germany,76.43312101910828,26.43312101910828,68.15286624203821,22.52252252252252
2516744,2975,553,443,80,102,33,361,61,33,53,10,0,19.180046195049815,4.710554951033732,Germany,80.10849909584087,14.466546112115733,65.28028933092224,54.09836065573771
2516745,2450,238,172,60,52,15,161,59,16,51,12,1,21.150613065358307,5.5374800637958534,Germany,72.26890756302521,25.210084033613445,67.64705882352942,27.11864406779661
2516745,2481,471,378,107,73,46,320,54,20,60,11,0,19.938990397156623,4.746987951807229,Germany,80.2547770700637,22.717622080679405,67.94055201698514,37.03703703703704
2516746,2455,273,212,53,38,9,202,87,35,69,5,1,22.51248015436231,2.9516358463726884,Germany,77.65567765567766,19.413919413919416,73.992673992674,40.229885057471265
2516746,2460,500,423,119,66,25,310,68,29,56,13,0,23.19497858749627,0.5,Germany,84.6,23.799999999999997,62.0,42.64705882352941
2516747,2447,599,523,89,95,32,408,49,27,54,13,3,19.751682905023383,4.213995943204869,Germany,87.31218697829716,14.858096828046744,68.11352253756262,55.10204081632652
2516747,2451,228,150,75,52,10,145,68,10,51,7,0,23.80706890988213,3.765993265993266,Germany,65.78947368421053,32.89473684210527,63.59649122807017,14.705882352941178
2516748,2447,626,536,108,104,30,431,49,25,44,14,2,22.0506978574902,1.9423076923076923,Germany,85.62300319488818,17.252396166134183,68.84984025559106,51.02040816326531
2516748,2457,299,219,61,53,22,209,59,27,52,7,0,22.1156621298302,3.663677130044843,Germany,73.24414715719062,20.401337792642142,69.89966555183946,45.76271186440678
2516749,2453,263,200,63,62,18,173,67,29,49,6,1,24.37433771106349,2.0535405872193437,Germany,76.04562737642586,23.954372623574145,65.77946768060836,43.28358208955223
2516749,2975,463,384,102,82,37,303,25,8,50,23,4,23.06825783726627,1.3742937853107344,Germany,82.93736501079914,22.03023758099352,65.44276457883369,32.0
2516750,2450,189,125,35,36,9,126,59,23,60,11,3,21.029849746455845,5.642468239564428,Germany,66.13756613756614,18.51851851851852,66.66666666666666,38.983050847457626
2516750,2463,548,466,95,76,36,362,59,13,43,18,1,21.63336868717315,1.5647948164146868,Germany,85.03649635036497,17.335766423357665,66.05839416058394,22.033898305084744
2516751,2443,255,193,69,43,8,178,65,18,39,4,0,23.39675081590705,4.4936247723132965,Germany,75.68627450980392,27.058823529411764,69.80392156862744,27.692307692307693
2516751,2444,713,635,133,107,52,486,49,25,47,19,2,20.941415564662375,3.649854510184287,Germany,89.06030855539971,18.653576437587656,68.16269284712483,51.02040816326531
2516752,2451,374,321,94,67,11,267,67,24,54,6,1,22.82097773797047,3.867021276595745,Germany,85.8288770053476,25.13368983957219,71.3903743315508,35.82089552238806
2516752,2462,343,276,81,58,37,224,39,23,60,11,0,22.547956292638077,3.222707423580786,Germany,80.466472303207,23.61516034985423,65.3061224489796,58.97435897435898
2516753,2446,514,419,102,71,40,322,55,22,40,15,1,22.08215401414206,1.3283236994219654,Germany,81.51750972762646,19.844357976653697,62.64591439688716,40.0
2516753,2482,320,239,91,59,22,186,73,38,50,6,2,22.680689672991555,3.5594202898550726,Germany,74.6875,28.4375,58.12500000000001,52.054794520547944
2516754,2454,400,342,75,50,24,249,64,22,48,13,2,21.04373047316525,3.683930942895086,Germany,85.5,18.75,62.25000000000001,34.375
2516754,2481,410,329,111,81,38,299,65,24,45,24,2,23.994733997344802,1.3284574468085106,Germany,80.2439024390244,27.073170731707318,72.92682926829268,36.92307692307693
2516755,2449,469,382,98,62,38,305,52,23,53,7,0,20.632405061318817,3.7675,Germany,81.4498933901919,20.8955223880597,65.0319829424307,44.230769230769226
2516755,2455,421,333,69,65,19,271,69,21,45,11,1,19.46756349889732,3.0305555555555554,Germany,79.09738717339667,16.389548693586697,64.37054631828978,30.434782608695656
2516756,2445,416,356,76,55,25,280,64,26,49,17,1,20.857209862810485,1.9395532194480947,Germany,85.57692307692307,18.269230769230766,67.3076923076923,40.625
2516756,2460,362,291,74,59,25,244,66,16,53,13,0,19.84564302465638,2.9142053445850915,Germany,80.38674033149171,20.441988950276244,67.40331491712708,24.242424242424242
2516757,2444,667,568,137,98,62,504,41,22,49,20,0,20.467604992196627,4.211167512690356,Germany,85.15742128935531,20.539730134932537,75.56221889055472,53.65853658536586
2516757,2482,251,173,52,41,10,161,74,14,44,5,2,22.520114167492917,5.612068965517241,Germany,68.92430278884463,20.717131474103585,64.14342629482071,18.91891891891892
2516758,2443,399,327,96,75,30,279,61,15,49,10,1,22.35103706591676,3.304461942257218,Germany,81.95488721804512,24.06015037593985,69.92481203007519,24.59016393442623
2516758,2457,473,397,88,75,20,335,61,19,51,7,1,21.481082700874847,1.770631067961165,Germany,83.93234672304439,18.6046511627907,70.82452431289641,31.147540983606557
2516759,2447,879,798,95,143,60,452,40,23,43,25,0,18.70207718232511,3.937014667817084,Germany,90.78498293515358,10.80773606370876,51.42207053469852,57.49999999999999
2516759,2453,162,100,36,24,5,101,44,4,45,5,0,23.068340116301684,8.645514223194748,Germany,61.72839506172839,22.22222222222222,62.34567901234568,9.090909090909092
2516760,2454,546,463,96,75,43,367,54,23,56,15,0,20.616641593764086,1.3610188261351053,Germany,84.7985347985348,17.582417582417584,67.21611721611723,42.592592592592595
2516760,2462,199,141,44,38,22,137,65,13,63,10,1,22.477309979910185,5.260032102728732,Germany,70.85427135678391,22.110552763819097,68.84422110552764,20.0
2516761,2445,654,581,105,84,21,438,75,33,40,10,1,19.261973261143144,2.5850409836065573,Germany,88.83792048929664,16.055045871559635,66.97247706422019,44.0
2516761,2449,388,307,62,41,12,261,73,14,43,9,2,18.452401225163218,2.496532593619972,Germany,79.12371134020619,15.979381443298967,67.26804123711341,19.17808219178082
2516762,2463,508,427,112,107,26,354,47,21,62,11,0,22.87651339675186,3.765486725663717,Germany,84.05511811023622,22.04724409448819,69.68503937007874,44.680851063829785
2516762,2481,234,158,74,54,20,149,69,17,56,9,2,24.09932488251829,4.377419354838709,Germany,67.52136752136752,31.62393162393162,63.67521367521367,24.637681159420293
2516763,2450,207,132,48,39,10,149,73,13,62,5,0,24.130128346230013,3.1728395061728394,Germany,63.76811594202898,23.18840579710145,71.98067632850241,17.80821917808219
2516763,2975,494,401,95,81,43,370,50,25,61,18,2,21.353992571282568,4.160045402951192,Germany,81.17408906882592,19.230769230769234,74.89878542510121,50.0
2516764,2446,522,438,83,73,22,359,72,22,57,10,1,18.812407866177274,3.547645125958379,Germany,83.9080459770115,15.900383141762454,68.77394636015326,30.555555555555557
2516764,2460,278,202,63,37,17,198,89,25,47,13,3,20.717125610165297,3.7954545454545454,Germany,72.66187050359713,22.66187050359712,71.22302158273382,28.08988764044944
2516765,2451,393,317,95,64,23,266,49,14,52,15,0,21.028135243002314,1.6500672947510093,Germany,80.6615776081425,24.173027989821882,67.68447837150127,28.57142857142857
2516765,2455,417,332,90,66,27,291,75,28,46,8,1,20.50139004761822,3.2886723507917175,Germany,79.61630695443645,21.58273381294964,69.7841726618705,37.333333333333336
2516766,2444,716,648,123,87,46,506,54,13,42,25,4,21.626140417684233,0.27110694183864914,Germany,90.5027932960894,17.178770949720672,70.6703910614525,24.074074074074073
2516766,2460,212,161,45,35,8,149,67,19,42,11,0,22.852655067846943,2.349442379182156,Germany,75.94339622641509,21.22641509433962,70.28301886792453,28.35820895522388
2516767,2447,727,641,94,95,32,453,50,20,44,19,4,20.146609679142557,1.0193423597678917,Germany,88.17056396148556,12.929848693259974,62.310866574965615,40.0
2516767,2463,244,180,58,50,10,174,51,20,47,4,0,21.530373081009547,3.9521988527724665,Germany,73.77049180327869,23.770491803278688,71.31147540983606,39.21568627450981
2516768,2454,457,370,79,65,33,325,69,28,48,8,1,19.540586598644786,3.924129353233831,Germany,80.96280087527352,17.286652078774615,71.11597374179432,40.57971014492754
2516768,2975,535,457,76,56,27,371,64,14,43,9,2,18.56939531081736,1.9940758293838863,Germany,85.42056074766356,14.205607476635516,69.34579439252336,21.875
2516769,2457,406,343,91,50,24,278,66,28,45,9,1,21.304234354201427,2.997226074895978,Germany,84.48275862068965,22.413793103448278,68.4729064039409,42.42424242424242
2516769,2482,593,527,85,65,22,394,48,18,41,8,1,19.715877224194593,1.316702819956616,Germany,88.87015177065767,14.333895446880272,66.44182124789208,37.5
2516770,2443,427,346,99,65,30,299,76,24,49,15,1,21.991378449581454,1.8399014778325122,Germany,81.0304449648712,23.185011709601874,70.02341920374707,31.57894736842105
2516770,2449,412,339,61,56,25,265,82,30,48,10,1,18.973451782577083,3.97375,Germany,82.28155339805825,14.805825242718445,64.32038834951457,36.58536585365854
2516771,2462,519,438,110,96,39,325,61,26,41,23,1,21.487456227076144,1.3293991416309012,Germany,84.39306358381504,21.19460500963391,62.6204238921002,42.62295081967213
2516771,2481,251,181,69,48,26,170,70,18,48,8,1,22.01988706914634,5.49144634525661,Germany,72.11155378486056,27.490039840637447,67.72908366533864,25.71428571428571
2516772,2446,611,541,89,70,29,436,40,16,37,21,4,20.906982012124914,0.44468784227820374,Germany,88.54337152209493,14.566284779050736,71.35842880523732,40.0
2516772,2453,298,237,61,40,13,200,48,16,46,4,0,20.347802709065792,2.471760797342193,Germany,79.53020134228188,20.469798657718123,67.11409395973155,33.33333333333333
2516773,2450,284,213,79,62,28,187,62,34,59,11,0,21.124409568906774,4.708454810495627,Germany,75.0,27.816901408450708,65.84507042253522,54.83870967741935
2516773,2455,441,349,96,55,24,288,60,23,61,14,2,21.522930598255325,2.5048899755501224,Germany,79.13832199546485,21.768707482993197,65.3061224489796,38.333333333333336
2516774,2445,411,349,78,45,23,271,69,18,46,8,1,20.01715959108531,2.9972789115646257,Germany,84.91484184914842,18.97810218978102,65.93673965936739,26.08695652173913
2516774,2451,499,431,75,81,24,347,72,30,34,7,0,18.737367750727568,3.9927536231884058,Germany,86.37274549098196,15.030060120240481,69.53907815631263,41.66666666666667
2516775,2462,365,296,88,72,18,225,66,24,59,7,0,19.148278774239596,4.361006289308176,Germany,81.0958904109589,24.10958904109589,61.64383561643836,36.36363636363637
2516775,2463,437,351,78,76,32,302,79,22,47,13,0,19.29713389329535,3.657861635220126,Germany,80.32036613272311,17.84897025171625,69.10755148741418,27.848101265822784
2516776,2446,626,545,67,106,36,452,59,29,46,11,1,16.80370645519725,3.910840932117528,Germany,87.06070287539937,10.702875399361023,72.20447284345049,49.152542372881356
2516776,2457,333,266,71,43,14,230,62,14,51,5,2,18.9915800417734,4.510263929618769,Germany,79.87987987987988,21.32132132132132,69.06906906906907,22.58064516129032
2516777,2453,369,305,78,52,29,244,61,33,57,17,1,19.733009121011232,2.4930747922437675,Germany,82.65582655826557,21.138211382113823,66.12466124661248,54.09836065573771
2516777,2455,361,296,74,42,19,251,60,17,55,13,1,18.556739338363403,4.331967213114754,Germany,81.99445983379502,20.498614958448755,69.52908587257618,28.333333333333332
2516778,2445,446,392,76,65,17,308,55,18,40,10,0,19.919470198490597,3.739251040221914,Germany,87.89237668161435,17.040358744394617,69.05829596412556,32.72727272727273
2516778,2454,564,505,100,71,22,376,62,19,38,7,1,19.71544268440895,2.6845238095238093,Germany,89.53900709219859,17.73049645390071,66.66666666666666,30.64516129032258
2516779,2444,715,631,126,94,43,476,74,28,38,11,2,18.970920009598544,2.8798076923076925,Germany,88.25174825174825,17.622377622377623,66.57342657342657,37.83783783783784
2516779,2449,353,273,68,44,21,241,58,23,27,11,0,18.790802790591524,3.491679273827534,Germany,77.33711048158641,19.263456090651555,68.27195467422096,39.6551724137931
2516780,2481,292,204,59,49,17,192,68,16,53,11,1,19.801311415660027,4.8923766816143495,Germany,69.86301369863014,20.205479452054796,65.75342465753424,23.52941176470588
2516780,2975,634,533,92,96,39,438,42,19,51,13,0,17.934774066149327,4.0541368743615935,Germany,84.06940063091483,14.511041009463725,69.08517350157729,45.23809523809524
2516781,2447,364,283,64,66,28,239,58,27,58,14,3,18.322866262569082,4.923836389280677,Germany,77.74725274725274,17.582417582417584,65.65934065934066,46.55172413793103
2516781,2450,322,224,92,66,24,245,50,19,58,6,0,20.649868273462914,3.665151515151515,Germany,69.56521739130434,28.57142857142857,76.08695652173914,38.0
2516782,2460,328,259,70,49,26,200,65,26,54,18,2,20.410688838341304,1.0041608876560333,Germany,78.96341463414635,21.341463414634145,60.97560975609756,40.0
2516782,2482,464,398,51,47,16,281,78,15,52,15,3,19.14437773847101,2.9054373522458627,Germany,85.77586206896551,10.991379310344827,60.560344827586206,19.230769230769234
2516783,2443,344,266,82,52,25,259,64,20,53,10,1,18.957390334489002,5.126436781609195,Germany,77.32558139534885,23.837209302325583,75.29069767441861,31.25
2516783,2451,618,527,93,94,28,439,63,12,51,12,1,18.519425571526167,2.989043824701195,Germany,85.27508090614887,15.048543689320388,71.03559870550163,19.047619047619047
2516784,2444,575,506,110,86,35,416,47,13,37,14,1,20.93094742467077,1.3953216374269006,Germany,88.0,19.130434782608695,72.34782608695653,27.659574468085108
2516784,2451,404,342,59,41,9,260,44,8,39,7,1,18.801724323869998,2.9546142208774584,Germany,84.65346534653465,14.603960396039604,64.35643564356435,18.181818181818183
2516785,2447,913,839,119,96,44,626,42,15,36,16,6,19.264230676403145,0.5301102629346904,Germany,91.894852135816,13.03395399780942,68.56516976998904,35.714285714285715
2516785,2454,222,171,39,38,8,171,56,6,38,8,1,19.246540858078937,2.5176715176715176,Germany,77.02702702702703,17.56756756756757,77.02702702702703,10.714285714285714
2516786,2462,296,221,76,53,23,195,85,25,45,7,1,19.00005485599667,5.7682215743440235,Germany,74.66216216216216,25.675675675675674,65.87837837837837,29.411764705882355
2516786,2975,550,467,104,102,37,425,48,21,51,12,2,20.21584475712957,2.8530655391120505,Germany,84.9090909090909,18.90909090909091,77.27272727272727,43.75
2516787,2449,519,459,81,52,30,368,63,26,56,15,0,18.480637101421348,3.4478935698447892,Germany,88.4393063583815,15.606936416184972,70.90558766859345,41.269841269841265
2516787,2482,407,348,64,49,13,249,107,27,51,11,2,18.560557950070475,2.9375796178343947,Germany,85.5036855036855,15.724815724815725,61.17936117936118,25.233644859813083
2516788,2443,450,368,102,82,31,318,76,27,44,15,0,20.35538564761304,2.4440476190476192,Germany,81.77777777777779,22.666666666666664,70.66666666666667,35.526315789473685
2516788,2453,361,295,55,64,12,253,65,17,59,12,0,17.795216339319207,4.506793478260869,Germany,81.7174515235457,15.23545706371191,70.08310249307479,26.153846153846157
2516789,2446,378,301,62,48,26,274,63,19,57,14,3,19.3659650125132,2.408847184986595,Germany,79.62962962962963,16.402116402116402,72.4867724867725,30.158730158730158
2516789,2450,334,256,55,58,18,208,62,24,58,11,0,17.897057120013876,3.932107496463932,Germany,76.64670658682635,16.46706586826347,62.27544910179641,38.70967741935484
2516790,2457,467,391,92,70,17,261,63,33,56,4,0,17.80724137643733,3.6802325581395348,Germany,83.72591006423983,19.700214132762312,55.88865096359743,52.38095238095239
2516790,2460,337,252,58,47,15,252,72,20,53,6,0,16.992597569300045,4.173793103448276,Germany,74.77744807121661,17.210682492581604,74.77744807121661,27.77777777777778
2516791,2455,453,383,80,71,22,319,47,20,66,12,0,19.113034220021742,2.1745049504950495,Germany,84.54746136865342,17.660044150110377,70.41942604856513,42.5531914893617
2516791,2463,220,167,56,39,12,154,69,17,51,6,0,19.39525399738046,5.4628975265017665,Germany,75.9090909090909,25.454545454545453,70.0,24.637681159420293
2516792,2445,565,487,113,71,28,388,55,15,52,12,0,19.172746479033552,2.769815418023887,Germany,86.19469026548673,20.0,68.67256637168143,27.27272727272727
2516792,2481,289,211,65,50,20,179,72,17,45,8,0,17.61974066853323,4.730486008836524,Germany,73.01038062283737,22.491349480968857,61.93771626297578,23.61111111111111
2516793,2463,378,298,94,57,25,269,90,10,62,15,1,22.04690754703183,2.147814910025707,Germany,78.83597883597884,24.867724867724867,71.16402116402116,11.11111111111111
2516793,2975,407,339,71,69,36,291,67,22,54,22,2,19.1718708152044,4.029585798816568,Germany,83.29238329238329,17.444717444717444,71.49877149877149,32.83582089552239
2516794,2444,599,527,108,86,47,430,51,23,53,15,2,18.82915790405636,3.754832146490336,Germany,87.97996661101837,18.030050083472453,71.78631051752922,45.09803921568628
2516794,2457,283,222,53,51,17,185,73,16,40,9,2,20.569501672257083,4.79672131147541,Germany,78.4452296819788,18.727915194346288,65.37102473498233,21.91780821917808
2516795,2453,306,258,63,43,22,182,66,20,55,15,3,20.68585415024234,2.910029498525074,Germany,84.31372549019608,20.588235294117645,59.47712418300654,30.303030303030305
2516795,2482,441,384,93,68,33,255,72,18,45,14,1,19.443837352326717,3.5679314565483478,Germany,87.07482993197279,21.08843537414966,57.82312925170068,25.0
2516796,2454,446,370,84,67,28,319,51,22,58,20,1,21.08973534086755,1.1959858323494688,Germany,82.95964125560538,18.83408071748879,71.52466367713004,43.13725490196079
2516796,2455,329,248,53,44,20,243,54,8,65,14,1,18.96396105022905,3.212338593974175,Germany,75.37993920972644,16.109422492401215,73.86018237082067,14.814814814814813
2516797,2446,497,422,81,62,19,346,59,14,47,8,1,18.47183225667786,2.746268656716418,Germany,84.90945674044266,16.297786720321934,69.61770623742454,23.728813559322035
2516797,2449,361,293,51,42,18,236,63,23,38,12,0,18.935079340858543,2.5438335809806834,Germany,81.16343490304709,14.127423822714682,65.37396121883657,36.507936507936506
2516798,2445,502,430,90,70,24,324,65,22,45,11,1,17.983638172914517,3.3813953488372093,Germany,85.65737051792829,17.928286852589643,64.5418326693227,33.84615384615385
2516798,2462,348,286,72,59,20,241,63,25,49,9,2,18.930876878454832,2.5069832402234637,Germany,82.18390804597702,20.689655172413794,69.25287356321839,39.682539682539684
2516799,2447,431,352,67,60,28,290,53,25,61,12,2,18.977144184826944,3.9672727272727273,Germany,81.67053364269141,15.54524361948956,67.28538283062645,47.16981132075472
2516799,2481,286,195,90,59,29,208,72,24,55,10,1,20.183636723108773,4.148201438848921,Germany,68.18181818181817,31.46853146853147,72.72727272727273,33.33333333333333
2516800,2443,300,224,57,60,20,211,71,18,56,6,0,17.5547445929758,4.72768532526475,Germany,74.66666666666667,19.0,70.33333333333334,25.352112676056336
2516800,2450,359,277,60,56,24,235,50,11,59,14,0,18.27046748200391,3.120967741935484,Germany,77.15877437325905,16.71309192200557,65.45961002785515,22.0
2516801,2451,456,369,87,64,21,305,76,21,55,5,1,18.910045625138796,2.83587786259542,Germany,80.92105263157895,19.078947368421055,66.8859649122807,27.631578947368425
2516801,2460,403,328,66,52,21,223,66,19,44,9,1,17.83905132334099,4.089095744680851,Germany,81.38957816377172,16.377171215880892,55.33498759305211,28.78787878787879
2516802,2444,730,655,111,81,63,516,32,15,36,19,4,19.83020425222996,0.9685349065880039,Germany,89.72602739726028,15.205479452054796,70.68493150684931,46.875
2516802,2453,310,249,75,34,7,230,64,6,39,6,0,23.077859024992826,1.57439446366782,Germany,80.3225806451613,24.193548387096776,74.19354838709677,9.375
2516803,2447,576,487,107,82,25,394,65,23,52,14,1,19.11566626594207,1.8018769551616267,Germany,84.54861111111111,18.57638888888889,68.40277777777779,35.38461538461539
2516803,2975,275,203,47,52,17,201,85,29,45,5,2,17.178653923858782,4.364041604754829,Germany,73.81818181818181,17.09090909090909,73.0909090909091,34.11764705882353
2516804,2481,327,261,74,50,22,229,45,11,50,10,1,21.788614908569578,3.9586523736600308,Germany,79.81651376146789,22.629969418960243,70.03058103975535,24.444444444444443
2516804,2482,423,371,96,55,35,258,51,19,45,22,2,23.39273423150563,1.8927152317880795,Germany,87.70685579196218,22.69503546099291,60.99290780141844,37.254901960784316
2516805,2449,584,523,69,78,34,416,71,20,40,8,1,17.12930912569144,3.5486631016042782,Germany,89.55479452054794,11.815068493150685,71.23287671232876,28.169014084507044
2516805,2457,350,298,69,37,7,260,87,18,41,2,0,17.01290472026168,3.1442577030812324,Germany,85.14285714285714,19.714285714285715,74.28571428571429,20.689655172413794
2516806,2443,445,366,70,58,32,309,53,13,45,15,0,20.215298534074137,1.6626344086021505,Germany,82.24719101123596,15.730337078651685,69.43820224719101,24.528301886792452
2516806,2454,525,457,65,46,25,339,50,15,43,13,2,18.3482635527809,3.140715109573241,Germany,87.04761904761905,12.380952380952381,64.57142857142857,30.0
2516807,2446,395,324,67,49,35,286,60,23,56,14,2,19.20655177678027,2.3278688524590163,Germany,82.02531645569621,16.962025316455694,72.40506329113924,38.333333333333336
2516807,2451,358,280,66,60,22,247,60,18,49,11,2,19.40771926473269,3.4767441860465116,Germany,78.2122905027933,18.435754189944134,68.99441340782123,30.0
2516808,2450,336,276,62,39,22,248,76,18,64,7,1,18.064763896132465,3.7306226175349426,Germany,82.14285714285714,18.452380952380953,73.80952380952381,23.684210526315788
2516808,2460,307,235,65,54,18,222,74,17,54,13,3,20.284582840990645,3.0278184480234263,Germany,76.54723127035831,21.172638436482085,72.31270358306189,22.972972972972975
2516809,2455,332,257,53,41,17,197,90,29,58,10,1,18.17021132406191,3.243572395128552,Germany,77.40963855421687,15.963855421686745,59.337349397590366,32.22222222222222
2516809,2462,299,239,67,63,21,189,65,24,55,11,2,18.66316168387691,4.573294629898403,Germany,79.93311036789298,22.40802675585284,63.21070234113713,36.92307692307693
2516810,2445,341,271,68,54,26,223,67,23,51,19,2,20.710782424749247,2.818306010928962,Germany,79.47214076246334,19.941348973607038,65.39589442815249,34.32835820895522
2516810,2463,434,354,84,79,29,313,83,21,48,18,1,18.863938376870554,3.7201405152224822,Germany,81.5668202764977,19.35483870967742,72.11981566820278,25.301204819277107
2516811,2445,373,276,86,59,20,273,97,26,55,8,0,17.737199330815432,4.367875647668394,Germany,73.9946380697051,23.056300268096514,73.19034852546918,26.804123711340207
2516811,2975,523,440,74,88,29,373,71,20,58,14,1,16.91028870818206,2.5145530145530146,Germany,84.13001912045888,14.149139579349903,71.31931166347992,28.169014084507044
2516812,2443,428,343,92,63,33,315,59,18,44,12,0,17.96263326627142,4.5678704856787045,Germany,80.14018691588785,21.49532710280374,73.5981308411215,30.508474576271187
2516812,2463,346,260,70,55,36,245,73,22,57,16,0,18.742028464180382,3.553664921465969,Germany,75.14450867052022,20.23121387283237,70.8092485549133,30.136986301369863
2516813,2453,460,413,91,67,23,321,42,19,43,15,0,21.058295716765002,1.3423180592991915,Germany,89.78260869565217,19.782608695652172,69.78260869565217,45.23809523809524
2516813,2457,329,278,56,46,23,213,50,16,45,8,0,20.577735730592128,2.5434083601286175,Germany,84.49848024316108,17.02127659574468,64.74164133738601,32.0
2516814,2446,377,315,54,57,21,268,72,17,40,12,5,17.423440682320777,3.2762589928057553,Germany,83.55437665782493,14.323607427055704,71.08753315649867,23.61111111111111
2516814,2454,522,459,64,57,36,332,47,19,47,14,1,18.45676755434531,1.2897310513447433,Germany,87.93103448275862,12.260536398467432,63.601532567049816,40.42553191489361
2516815,2449,490,409,68,44,28,341,74,28,50,11,2,18.917884557317816,1.803357314148681,Germany,83.46938775510205,13.877551020408163,69.59183673469389,37.83783783783784
2516815,2460,319,259,68,54,11,222,78,22,49,4,0,18.06067107993897,3.7062937062937062,Germany,81.19122257053291,21.316614420062695,69.59247648902821,28.205128205128204
2516816,2447,469,377,94,80,40,359,68,11,47,18,2,19.9261389896044,4.571092831962397,Germany,80.38379530916845,20.042643923240938,76.54584221748401,16.176470588235293
2516816,2462,268,188,77,63,36,185,62,23,53,12,1,22.61844893544662,4.7296875,Germany,70.1492537313433,28.73134328358209,69.02985074626866,37.096774193548384
2516817,2455,318,239,71,59,18,216,52,22,60,8,2,20.12074055155269,5.392441860465116,Germany,75.15723270440252,22.32704402515723,67.9245283018868,42.30769230769231
2516817,2481,329,251,106,71,31,244,58,30,57,14,1,21.020551572648756,4.3580246913580245,Germany,76.29179331306992,32.21884498480243,74.16413373860182,51.724137931034484
2516818,2444,706,623,73,95,51,429,47,12,45,20,1,17.866223625093653,3.838888888888889,Germany,88.24362606232295,10.339943342776204,60.76487252124646,25.53191489361702
2516818,2450,211,157,50,31,16,159,69,7,40,5,0,20.062980519320373,5.700952380952381,Germany,74.40758293838863,23.696682464454977,75.35545023696683,10.144927536231885
2516819,2451,454,394,57,61,26,294,46,13,54,12,1,18.957691486217396,1.6614645858343338,Germany,86.78414096916299,12.555066079295155,64.75770925110133,28.26086956521739
2516819,2482,398,334,67,48,24,229,81,20,43,12,0,18.057534598842114,3.2304635761589404,Germany,83.91959798994975,16.834170854271356,57.537688442211056,24.691358024691358
2516820,2444,753,684,99,92,42,546,65,36,31,20,2,18.463002936169804,0.5141187925998053,Germany,90.83665338645417,13.147410358565736,72.50996015936255,55.38461538461539
2516820,2975,255,196,35,22,6,188,51,4,46,3,0,16.807791975239144,1.987295825771325,Germany,76.86274509803923,13.725490196078432,73.72549019607844,7.8431372549019605
2516821,2454,373,289,61,47,34,243,76,27,57,14,3,19.021834462370027,3.257142857142857,Germany,77.4798927613941,16.353887399463808,65.14745308310992,35.526315789473685
2516821,2482,481,407,82,57,42,268,80,20,36,17,1,19.188211873852254,1.8633257403189065,Germany,84.61538461538461,17.04781704781705,55.71725571725572,25.0
2516822,2450,403,304,66,61,29,299,63,22,59,9,1,16.92182686221726,4.567807351077313,Germany,75.43424317617865,16.377171215880892,74.19354838709677,34.92063492063492
2516822,2457,340,260,87,35,13,260,62,14,53,8,2,19.282407827215348,3.1590296495956873,Germany,76.47058823529412,25.588235294117645,76.47058823529412,22.58064516129032
2516823,2443,507,436,93,86,25,373,52,17,51,12,0,19.162997231021993,2.665911664779162,Germany,85.99605522682445,18.34319526627219,73.57001972386587,32.69230769230769
2516823,2481,316,257,64,39,27,211,61,15,42,15,2,19.286447326631414,4.649253731343284,Germany,81.32911392405063,20.253164556962027,66.77215189873418,24.59016393442623
2516824,2449,420,350,75,60,25,311,55,30,44,10,0,19.095467832874956,2.806201550387597,Germany,83.33333333333334,17.857142857142858,74.04761904761905,54.54545454545454
2516824,2451,475,394,84,49,21,331,76,7,39,6,1,17.87967289369538,4.092055485498109,Germany,82.94736842105263,17.684210526315788,69.6842105263158,9.210526315789473
2516825,2446,585,516,85,89,32,430,53,21,58,13,2,18.58693810712613,1.7057673509286413,Germany,88.2051282051282,14.529914529914532,73.50427350427351,39.62264150943396
2516825,2463,236,168,53,47,21,152,68,20,47,7,1,18.67528641010381,4.972222222222222,Germany,71.1864406779661,22.45762711864407,64.40677966101694,29.411764705882355
2516826,2460,349,245,97,62,25,242,50,25,62,6,1,21.55659360320875,3.9774964838255977,Germany,70.20057306590259,27.793696275071632,69.34097421203438,50.0
2516826,2462,326,232,83,61,24,208,57,22,54,7,0,18.64665023591318,5.530812324929972,Germany,71.16564417177914,25.4601226993865,63.80368098159509,38.59649122807017
2516827,2447,444,357,91,66,31,312,69,18,62,9,2,19.303552968850973,4.348027842227379,Germany,80.4054054054054,20.495495495495494,70.27027027027027,26.08695652173913
2516827,2455,229,148,56,59,26,144,84,28,46,11,2,20.747403753468646,3.885579937304075,Germany,64.62882096069869,24.45414847161572,62.882096069869,33.33333333333333
2516828,2445,673,608,94,103,30,425,43,24,36,16,3,19.82630037300293,0.3004115226337449,Germany,90.34175334323923,13.967310549777118,63.15007429420505,55.81395348837209
2516828,2453,258,220,44,31,6,166,61,11,39,5,0,17.88921515366894,3.2367972742759794,Germany,85.27131782945736,17.05426356589147,64.34108527131784,18.0327868852459
2516829,2444,485,424,104,57,20,353,59,12,40,10,3,18.36878035248349,3.6141439205955335,Germany,87.42268041237114,21.443298969072163,72.78350515463917,20.33898305084746
2516829,2447,465,407,69,68,41,321,61,22,43,14,1,18.75441401274423,2.395465994962217,Germany,87.52688172043011,14.838709677419354,69.03225806451613,36.0655737704918
2516830,2455,340,249,69,50,26,239,65,17,46,9,1,18.69533373391243,5.313807531380753,Germany,73.23529411764706,20.294117647058822,70.29411764705881,26.153846153846157
2516830,2975,536,435,69,87,30,340,63,30,61,17,2,17.382949999883184,2.716880341880342,Germany,81.15671641791045,12.87313432835821,63.43283582089553,47.61904761904761
2516831,2463,304,246,56,46,24,196,65,27,47,12,0,20.36684877404656,2.687888198757764,Germany,80.92105263157895,18.421052631578945,64.47368421052632,41.53846153846154
2516831,2482,558,501,72,64,31,335,56,18,42,18,2,19.563828084120885,3.0284775465498357,Germany,89.78494623655914,12.903225806451612,60.0358422939068,32.142857142857146
2516832,2449,425,366,84,51,20,281,47,14,48,9,1,19.977415255110678,3.2240300375469335,Germany,86.11764705882354,19.76470588235294,66.11764705882352,29.78723404255319
2516832,2453,455,382,93,59,14,297,67,18,51,13,0,20.88587183834351,1.9336670838548184,Germany,83.95604395604396,20.439560439560438,65.27472527472527,26.865671641791046
2516833,2454,570,481,82,74,36,392,58,16,55,9,1,18.973301327344444,2.304112554112554,Germany,84.3859649122807,14.385964912280702,68.77192982456141,27.586206896551722
2516833,2460,338,279,78,48,19,252,61,16,42,19,1,20.62062762584879,3.8091042584434653,Germany,82.54437869822485,23.076923076923077,74.55621301775149,26.229508196721312
2516834,2443,425,326,91,67,25,315,68,23,59,10,1,18.034395125233196,3.9157769869513643,Germany,76.70588235294117,21.41176470588235,74.11764705882354,33.82352941176471
2516834,2462,395,315,95,59,29,272,49,17,56,10,2,19.96615244377748,3.094928478543563,Germany,79.74683544303798,24.050632911392405,68.86075949367088,34.69387755102041
2516835,2446,481,411,87,63,19,333,42,13,40,9,1,17.804588691182914,3.6324786324786325,Germany,85.44698544698545,18.08731808731809,69.23076923076923,30.952380952380953
2516835,2481,321,243,73,48,26,235,46,22,45,14,1,20.48453897803453,2.6055194805194803,Germany,75.70093457943925,22.741433021806852,73.20872274143302,47.82608695652174
2516836,2445,193,137,51,37,7,126,62,12,48,2,0,19.526919309615383,2.8263473053892216,Germany,70.98445595854922,26.42487046632124,65.28497409326425,19.35483870967742
2516836,2450,623,546,107,80,38,423,63,25,44,17,2,19.729519795323014,1.0665301944728762,Germany,87.64044943820225,17.174959871589085,67.89727126805778,39.682539682539684
2516837,2451,508,439,80,65,27,358,55,22,48,18,3,19.204943632317125,1.912280701754386,Germany,86.41732283464567,15.748031496062993,70.47244094488188,40.0
2516837,2457,337,277,62,49,14,217,82,16,41,10,3,18.42667758813473,3.5623145400593472,Germany,82.19584569732937,18.397626112759642,64.39169139465875,19.51219512195122
2516838,2444,707,637,85,93,33,423,46,27,35,15,3,18.02985281780617,2.134207870837538,Germany,90.0990099009901,12.022630834512023,59.830268741159834,58.69565217391305
2516838,2481,227,158,49,35,15,146,56,14,46,6,0,19.517950013920803,3.978217821782178,Germany,69.60352422907489,21.58590308370044,64.31718061674009,25.0
2516839,2462,272,189,65,58,24,179,99,35,49,5,1,19.111254932276463,5.203488372093023,Germany,69.48529411764706,23.897058823529413,65.80882352941177,35.35353535353536
2516839,2482,632,533,81,83,30,410,94,37,38,13,1,18.386919168471742,2.212121212121212,Germany,84.33544303797468,12.81645569620253,64.87341772151899,39.361702127659576
2516840,2454,406,346,41,28,14,278,65,10,54,7,3,16.333301783584954,2.6135458167330676,Germany,85.22167487684729,10.098522167487685,68.4729064039409,15.384615384615385
2516840,2457,594,521,115,73,32,480,64,28,39,15,2,20.038967916157798,0.6465422612513722,Germany,87.7104377104377,19.36026936026936,80.8080808080808,43.75
2516841,2443,466,397,77,56,32,351,45,21,49,15,4,18.781439301221887,2.3825417201540438,Germany,85.1931330472103,16.523605150214593,75.32188841201717,46.666666666666664
2516841,2455,447,378,59,55,18,324,65,18,44,10,0,17.32580197570973,3.52734375,Germany,84.56375838926175,13.19910514541387,72.48322147651007,27.692307692307693
2516842,2449,411,336,77,53,21,279,81,22,51,11,1,20.16990722334208,2.628140703517588,Germany,81.75182481751825,18.734793187347933,67.88321167883211,27.160493827160494
2516842,2450,418,328,77,70,18,263,90,37,46,7,0,18.69047966367423,4.213032581453634,Germany,78.4688995215311,18.421052631578945,62.91866028708134,41.11111111111111
2516843,2446,405,326,77,56,32,299,64,22,56,12,2,19.94578534979053,2.9295958279009127,Germany,80.49382716049382,19.012345679012345,73.82716049382717,34.375
2516843,2975,385,313,64,58,17,280,77,26,48,8,0,18.272568067706025,4.477428180574555,Germany,81.2987012987013,16.623376623376622,72.72727272727273,33.76623376623377
2516844,2460,438,364,81,64,27,299,61,11,50,10,0,19.270241666965415,4.52991452991453,Germany,83.10502283105022,18.493150684931507,68.2648401826484,18.0327868852459
2516844,2463,442,355,80,71,25,296,71,21,62,9,0,18.028762626784946,4.5843520782396086,Germany,80.31674208144797,18.099547511312217,66.9683257918552,29.577464788732392
2516845,2451,471,390,96,56,33,320,37,13,30,14,3,20.298328637288073,3.0226063829787235,Germany,82.80254777070064,20.382165605095544,67.94055201698514,35.13513513513514
2516845,2453,511,426,72,63,25,334,70,21,37,10,1,18.168940137135632,3.9938875305623474,Germany,83.36594911937377,14.090019569471623,65.36203522504891,30.0
2516846,2445,289,197,73,50,29,186,91,25,50,7,2,18.012798882650657,4.137370753323486,Germany,68.16608996539793,25.259515570934255,64.3598615916955,27.472527472527474
2516846,2447,451,386,66,72,37,330,88,21,62,10,1,16.893784941446643,3.8130434782608695,Germany,85.58758314855875,14.634146341463413,73.17073170731707,23.863636363636363
2516847,2447,333,268,75,45,20,239,68,19,53,11,3,19.27606144600071,3.2037845705967976,Germany,80.48048048048048,22.52252252252252,71.77177177177178,27.941176470588236
2516847,2449,402,326,63,63,22,285,74,35,49,12,4,17.355189220740254,3.8955414012738854,Germany,81.09452736318407,15.671641791044777,70.8955223880597,47.2972972972973
2516848,2443,449,346,101,58,28,306,72,20,54,9,0,18.726338332681525,3.9792176039119806,Germany,77.06013363028953,22.494432071269486,68.15144766146993,27.77777777777778
2516848,2975,526,426,79,76,29,362,75,14,40,14,2,18.4789210972073,2.648168701442841,Germany,80.98859315589354,15.019011406844108,68.8212927756654,18.666666666666668
2516849,2457,428,360,89,54,22,316,51,6,50,9,1,18.47460353300513,3.926509186351706,Germany,84.11214953271028,20.794392523364486,73.83177570093457,11.76470588235294
2516849,2463,531,457,92,78,25,329,61,15,38,15,0,19.842833596332074,1.9942196531791907,Germany,86.06403013182674,17.325800376647834,61.95856873822976,24.59016393442623
2516850,2453,385,304,74,69,16,232,72,24,47,13,2,20.14649863298369,2.7573333333333334,Germany,78.96103896103897,19.22077922077922,60.259740259740255,33.33333333333333
2516850,2460,427,338,78,55,26,290,62,22,58,16,1,19.95871884920699,3.5,Germany,79.15690866510539,18.26697892271663,67.91569086651053,35.483870967741936
2516851,2444,705,622,114,101,59,470,49,16,53,21,1,19.83042482026258,3.5231788079470197,Germany,88.22695035460994,16.170212765957448,66.66666666666666,32.6530612244898
2516851,2454,277,204,43,31,10,174,70,10,43,6,1,18.922022230204124,4.958204334365325,Germany,73.6462093862816,15.523465703971121,62.8158844765343,14.285714285714285
2516852,2446,437,375,69,41,20,310,73,17,44,11,1,18.697478762707217,3.2314250913520097,Germany,85.81235697940504,15.789473684210526,70.93821510297484,23.28767123287671
2516852,2462,417,339,74,59,20,261,67,33,59,11,0,19.832322177803707,1.8505747126436782,Germany,81.29496402877699,17.74580335731415,62.589928057553955,49.25373134328358
2516853,2451,315,261,60,48,12,204,38,11,43,4,1,19.938497551792118,2.4782608695652173,Germany,82.85714285714286,19.047619047619047,64.76190476190476,28.947368421052634
2516853,2481,445,375,77,69,55,286,70,21,47,20,2,21.878827630108344,1.509283819628647,Germany,84.26966292134831,17.303370786516854,64.26966292134831,30.0
2516854,2450,263,187,61,59,19,182,72,30,63,12,1,20.996473480876023,2.3690658499234303,Germany,71.10266159695817,23.193916349809886,69.20152091254754,41.66666666666667
2516854,2482,379,308,70,45,22,223,82,21,57,11,0,19.05498120394659,3.43375,Germany,81.26649076517151,18.46965699208443,58.839050131926115,25.609756097560975
2516855,2445,424,329,95,88,29,311,63,24,56,13,1,18.19720514871428,4.42150803461063,Germany,77.59433962264151,22.40566037735849,73.34905660377359,38.095238095238095
2516855,2455,379,290,67,46,17,255,68,11,52,11,0,17.474801912113506,3.306122448979592,Germany,76.51715039577837,17.678100263852244,67.28232189973615,16.176470588235293
2516856,2444,691,622,104,105,51,467,59,36,41,29,2,20.273116150955488,-0.10037174721189591,Germany,90.01447178002894,15.050651230101304,67.58321273516643,61.016949152542374
2516856,2455,274,203,55,31,12,175,76,13,53,7,1,19.80503296665711,2.8466557911908645,Germany,74.08759124087592,20.072992700729927,63.868613138686136,17.105263157894736
2516857,2482,335,250,62,49,19,248,111,21,40,10,4,18.27846322740995,3.73433242506812,Germany,74.6268656716418,18.507462686567163,74.02985074626865,18.91891891891892
2516857,2975,607,506,101,89,26,433,40,21,47,9,0,17.672314019177737,3.9583333333333335,Germany,83.36079077429983,16.639209225700164,71.33443163097199,52.5
2516858,2457,446,371,79,59,13,327,71,25,41,15,1,18.35421735114614,2.2903981264637,Germany,83.18385650224215,17.713004484304935,73.31838565022422,35.2112676056338
2516858,2462,372,305,74,55,21,229,80,22,47,6,2,18.15029944174066,3.9974747474747474,Germany,81.98924731182797,19.892473118279568,61.55913978494624,27.500000000000004
2516859,2450,286,198,83,56,16,168,49,26,50,9,0,19.497123440583913,4.755847953216374,Germany,69.23076923076923,29.02097902097902,58.74125874125874,53.06122448979592
2516859,2453,413,319,88,61,32,274,57,22,53,21,0,21.97778247166131,2.616455696202532,Germany,77.23970944309927,21.307506053268767,66.34382566585957,38.59649122807017
2516860,2443,395,298,74,59,19,275,76,22,50,13,1,18.725903292718392,3.5159151193633953,Germany,75.44303797468355,18.734177215189874,69.62025316455697,28.947368421052634
2516860,2445,549,453,138,104,22,411,54,20,39,11,0,20.381330000926837,4.076749435665914,Germany,82.5136612021858,25.136612021857925,74.86338797814209,37.03703703703704
2516861,2449,478,410,57,51,32,352,66,24,61,22,2,17.68122691464871,0.9474260679079957,Germany,85.77405857740585,11.92468619246862,73.64016736401673,36.36363636363637
2516861,2463,246,182,51,41,16,169,85,12,48,5,1,17.691704303436946,3.3531300160513644,Germany,73.98373983739837,20.73170731707317,68.69918699186992,14.117647058823529
2516862,2446,250,192,45,29,16,179,45,7,42,12,1,19.992547893773335,2.3567567567567567,Germany,76.8,18.0,71.6,15.555555555555555
2516862,2447,732,659,74,98,38,470,68,35,42,9,1,17.049778550129705,2.5762711864406778,Germany,90.02732240437157,10.10928961748634,64.20765027322405,51.470588235294116
2516863,2460,403,318,91,95,21,238,67,28,50,14,1,19.80464788145961,3.62,Germany,78.90818858560795,22.58064516129032,59.05707196029777,41.7910447761194
2516863,2481,271,197,75,49,18,185,80,24,59,8,2,20.006327473776985,5.493233082706767,Germany,72.69372693726937,27.67527675276753,68.26568265682657,30.0
2516864,2451,397,345,79,56,21,278,50,12,37,14,3,21.530458302153967,2.3903818953323905,Germany,86.90176322418137,19.899244332493705,70.02518891687657,24.0
2516864,2454,547,487,80,68,39,407,68,24,33,16,0,18.97622372395586,3.1137387387387387,Germany,89.03107861060329,14.625228519195613,74.40585009140767,35.294117647058826
2516865,2443,324,248,69,58,16,231,55,14,44,9,2,19.342288103636367,4.611801242236025,Germany,76.5432098765432,21.296296296296298,71.29629629629629,25.454545454545453
2516865,2447,716,612,81,78,46,465,52,14,58,12,1,17.55185255716228,2.425330812854442,Germany,85.47486033519553,11.312849162011174,64.94413407821229,26.923076923076923
2516866,2460,317,221,74,63,15,201,74,21,50,12,2,18.415072242384877,5.678518518518518,Germany,69.71608832807571,23.34384858044164,63.40694006309149,28.37837837837838
2516866,2975,523,427,90,84,26,396,69,20,55,10,1,17.614410697628767,3.507608695652174,Germany,81.64435946462714,17.208413001912046,75.71701720841301,28.985507246376812
2516867,2453,421,334,71,61,45,284,62,24,64,22,2,19.899335353213914,4.936046511627907,Germany,79.33491686460808,16.864608076009503,67.45843230403801,38.70967741935484
2516867,2463,201,117,78,47,13,150,79,29,45,4,1,22.360604048279026,5.383275261324042,Germany,58.2089552238806,38.80597014925373,74.6268656716418,36.708860759493675
2516868,2449,448,392,66,59,24,320,74,19,39,11,0,17.555529820785566,3.1503105590062113,Germany,87.5,14.732142857142858,71.42857142857143,25.675675675675674
2516868,2454,507,444,55,55,25,356,87,28,39,12,1,17.294610423420387,1.3063063063063063,Germany,87.57396449704143,10.848126232741617,70.21696252465483,32.18390804597701
2516869,2444,442,360,74,44,18,292,44,13,51,7,1,17.09398027664729,3.9623655913978495,Germany,81.44796380090497,16.7420814479638,66.06334841628959,29.545454545454547
2516869,2462,482,410,71,69,27,298,57,25,42,9,0,17.530371177469114,2.4278787878787877,Germany,85.06224066390041,14.730290456431536,61.82572614107884,43.859649122807014
2516870,2457,328,253,72,46,11,227,51,11,50,8,1,18.565615170663275,4.0187590187590185,Germany,77.13414634146342,21.951219512195124,69.20731707317073,21.568627450980394
2516870,2481,457,348,88,80,28,310,49,24,55,14,1,20.011837376911423,1.8863636363636365,Germany,76.14879649890591,19.25601750547046,67.83369803063457,48.97959183673469
2516871,2450,412,336,96,52,21,296,74,25,50,10,0,18.170718307852788,2.7252475247524752,Germany,81.55339805825243,23.300970873786408,71.84466019417476,33.78378378378378
2516871,2451,356,280,72,45,21,234,64,12,50,2,0,17.65707388614237,4.771186440677966,Germany,78.65168539325843,20.224719101123593,65.73033707865169,18.75
2516872,2455,330,243,52,48,16,244,71,23,52,12,2,17.46751189316507,3.965564738292011,Germany,73.63636363636363,15.757575757575756,73.93939393939394,32.3943661971831
2516872,2482,564,462,98,78,43,352,65,22,47,10,0,18.27979811815391,3.692553191489362,Germany,81.91489361702128,17.375886524822697,62.4113475177305,33.84615384615385
2516873,2445,553,464,104,72,33,382,64,30,57,9,0,20.658246140649602,2.064410480349345,Germany,83.90596745027125,18.806509945750452,69.07775768535262,46.875
2516873,2446,368,315,53,42,21,253,67,20,53,17,2,19.74727075202175,3.877852348993289,Germany,85.59782608695652,14.402173913043478,68.75,29.850746268656714
2516874,2444,848,763,103,146,62,576,43,26,43,23,1,19.80659780049827,0.7918118466898955,Germany,89.97641509433963,12.14622641509434,67.9245283018868,60.46511627906976
2516874,2463,152,94,26,15,6,78,78,5,38,7,0,18.94947468763361,3.703319502074689,Germany,61.8421052631579,17.105263157894736,51.31578947368421,6.41025641025641
2516875,2445,429,330,106,74,18,297,66,21,44,7,0,19.08405032362078,5.556978233034571,Germany,76.92307692307693,24.708624708624708,69.23076923076923,31.818181818181817
2516875,2482,613,501,92,77,23,364,75,26,46,11,1,19.07824000148338,2.9010416666666665,Germany,81.72920065252855,15.00815660685155,59.380097879282225,34.66666666666667
2516876,2455,441,348,90,70,29,299,42,12,44,18,1,18.448319273435924,4.243781094527363,Germany,78.91156462585033,20.408163265306122,67.80045351473923,28.57142857142857
2516876,2457,333,257,62,53,15,216,64,19,45,15,3,19.817077364827913,3.15,Germany,77.17717717717719,18.61861861861862,64.86486486486487,29.6875
2516877,2453,401,322,88,65,33,271,66,18,54,19,0,21.87920618538008,3.0901960784313727,Germany,80.29925187032418,21.94513715710723,67.58104738154613,27.27272727272727
2516877,2454,544,453,124,79,24,406,61,16,45,6,0,21.17911246780164,3.9572072072072073,Germany,83.27205882352942,22.794117647058822,74.63235294117648,26.229508196721312
2516878,2449,424,363,50,49,12,286,62,21,50,6,2,17.020375179584395,2.9133858267716537,Germany,85.61320754716981,11.79245283018868,67.45283018867924,33.87096774193548
2516878,2481,379,307,74,59,25,249,69,20,38,12,1,18.287776221253516,4.108665749656121,Germany,81.00263852242745,19.525065963060687,65.69920844327177,28.985507246376812
2516879,2443,420,342,100,73,23,309,111,48,61,5,0,18.14866707742187,2.8718562874251496,Germany,81.42857142857143,23.809523809523807,73.57142857142858,43.24324324324324
2516879,2446,384,305,80,47,23,296,43,16,62,15,1,18.409408538343353,2.9595300261096606,Germany,79.42708333333334,20.833333333333336,77.08333333333334,37.2093023255814
2516880,2450,435,346,103,90,39,289,36,15,66,15,1,21.685091364068967,3.0365853658536586,Germany,79.54022988505747,23.678160919540232,66.4367816091954,41.66666666666667
2516880,2462,245,162,61,54,18,157,93,35,48,10,2,20.78446695582843,5.387755102040816,Germany,66.12244897959184,24.897959183673468,64.08163265306122,37.634408602150536
2516881,2447,597,532,82,69,29,436,45,13,53,15,2,18.099881846388065,2.783606557377049,Germany,89.11222780569514,13.735343383584588,73.03182579564489,28.888888888888886
2516881,2460,423,367,89,54,25,278,54,12,28,13,0,19.520642248510352,3.0068870523415976,Germany,86.7612293144208,21.04018912529551,65.72104018912529,22.22222222222222
2516882,2451,388,306,74,48,20,263,71,5,47,13,0,20.30856480614126,3.7230359520639147,Germany,78.8659793814433,19.072164948453608,67.78350515463917,7.042253521126761
2516882,2975,428,336,85,75,39,315,74,38,43,14,1,18.693342283435733,5.35012285012285,Germany,78.50467289719626,19.859813084112147,73.5981308411215,51.35135135135135
2516883,2447,478,408,72,59,27,369,51,19,47,11,1,18.731095914614276,2.428214731585518,Germany,85.35564853556485,15.062761506276152,77.19665271966527,37.254901960784316
2516883,2482,581,512,105,80,25,402,74,22,43,12,1,18.721144438298033,3.0143805309734515,Germany,88.12392426850259,18.072289156626507,69.19104991394148,29.72972972972973
2516884,2457,180,121,49,23,9,131,86,20,56,6,3,20.11994588572379,4.486111111111111,Germany,67.22222222222223,27.22222222222222,72.77777777777777,23.25581395348837
2516884,2975,652,543,61,120,79,447,43,31,41,19,2,17.95913435209143,1.719758064516129,Germany,83.28220858895705,9.355828220858896,68.55828220858896,72.09302325581395
2516885,2451,603,528,149,81,34,434,60,29,44,8,0,20.679332557019617,2.95010395010395,Germany,87.56218905472637,24.70978441127695,71.97346600331676,48.333333333333336
2516885,2463,379,315,77,62,17,261,67,25,35,17,1,21.290179809406172,2.8995695839311333,Germany,83.11345646437994,20.316622691292878,68.86543535620054,37.3134328358209
2516886,2443,223,154,46,42,17,142,63,25,62,10,2,19.387837325730708,3.7793650793650793,Germany,69.05829596412556,20.62780269058296,63.67713004484305,39.682539682539684
2516886,2460,414,339,96,64,20,266,63,20,50,9,2,19.837796321602045,4.983709273182957,Germany,81.88405797101449,23.18840579710145,64.25120772946859,31.746031746031743
2516887,2450,374,300,78,60,25,245,73,17,46,8,1,18.990296415111136,3.6194444444444445,Germany,80.21390374331551,20.855614973262032,65.50802139037432,23.28767123287671
2516887,2454,467,394,92,49,22,313,57,9,49,12,3,20.23762994009048,2.1095717884130982,Germany,84.36830835117773,19.700214132762312,67.02355460385438,15.789473684210526
2516888,2449,435,346,81,79,36,284,51,26,62,12,2,17.72535042255901,5.611922141119221,Germany,79.54022988505747,18.620689655172416,65.28735632183908,50.98039215686274
2516888,2462,228,156,66,47,11,153,86,26,54,6,2,19.426131085426228,5.751188589540412,Germany,68.42105263157895,28.947368421052634,67.10526315789474,30.23255813953488
2516889,2453,291,210,60,42,11,199,58,16,41,8,3,17.71750485433312,4.8346333853354135,Germany,72.16494845360825,20.618556701030926,68.38487972508591,27.586206896551722
2516889,2481,480,376,122,78,43,332,42,20,60,18,3,21.04085601782108,2.2836363636363637,Germany,78.33333333333333,25.416666666666664,69.16666666666667,47.61904761904761
2516890,2446,353,281,71,59,24,242,53,23,54,18,4,18.576504385530175,3.6497829232995658,Germany,79.60339943342775,20.113314447592067,68.55524079320114,43.39622641509434
2516890,2455,351,288,72,49,21,225,70,17,52,14,3,19.8186686568585,3.2125874125874128,Germany,82.05128205128204,20.51282051282051,64.1025641025641,24.285714285714285
2516891,2444,504,413,82,72,30,327,43,16,50,12,1,18.3588839861079,4.259507829977629,Germany,81.94444444444444,16.26984126984127,64.88095238095238,37.2093023255814
2516891,2445,369,299,70,66,19,276,82,22,57,8,0,18.992654105167492,3.2873711340206184,Germany,81.02981029810297,18.97018970189702,74.79674796747967,26.82926829268293
2516892,2447,440,371,63,47,45,269,100,21,47,16,0,18.08349648596114,1.4049295774647887,Germany,84.31818181818181,14.318181818181818,61.13636363636363,21.0
2516892,2451,406,343,51,53,24,295,77,31,56,8,0,16.074283352045214,2.9601542416452444,Germany,84.48275862068965,12.561576354679804,72.66009852216749,40.25974025974026
2516893,2449,391,321,49,43,17,277,86,21,60,8,1,17.998354351741604,2.8916876574307304,Germany,82.09718670076727,12.531969309462914,70.84398976982096,24.418604651162788
2516893,2975,418,349,55,47,22,321,76,23,63,13,3,16.796994672432323,1.368547418967587,Germany,83.49282296650718,13.157894736842104,76.79425837320574,30.263157894736842
2516894,2454,538,460,89,71,31,343,68,19,43,15,1,18.88529662661628,3.6065934065934067,Germany,85.50185873605948,16.54275092936803,63.7546468401487,27.941176470588236
2516894,2463,345,277,90,53,20,229,92,35,48,12,2,20.790007228285642,3.0929264909847434,Germany,80.28985507246377,26.08695652173913,66.3768115942029,38.04347826086957
2516895,2443,405,334,70,53,22,310,74,29,46,13,1,18.760985956699713,2.1315104166666665,Germany,82.46913580246914,17.28395061728395,76.5432098765432,39.189189189189186
2516895,2482,484,419,81,51,41,315,62,21,42,9,1,17.465799359400524,3.5781433607520565,Germany,86.57024793388429,16.735537190082646,65.08264462809917,33.87096774193548
2516896,2453,321,246,68,51,18,222,73,16,55,2,1,18.157309074709783,3.0097357440890127,Germany,76.63551401869158,21.18380062305296,69.1588785046729,21.91780821917808
2516896,2462,525,442,121,69,33,352,39,15,48,12,1,21.006841569759914,1.9529276693455797,Germany,84.19047619047619,23.047619047619047,67.04761904761905,38.46153846153847
2516897,2444,496,395,89,65,34,329,61,20,47,14,2,18.607186403454758,3.731132075471698,Germany,79.63709677419355,17.943548387096776,66.33064516129032,32.78688524590164
2516897,2446,375,292,58,48,21,258,68,11,54,10,1,18.219840957939056,2.453715775749674,Germany,77.86666666666666,15.466666666666667,68.8,16.176470588235293
2516898,2450,375,277,78,84,26,239,59,20,41,9,0,18.28254585402031,5.224409448818897,Germany,73.86666666666667,20.8,63.733333333333334,33.89830508474576
2516898,2481,371,283,85,64,20,267,45,7,62,16,1,20.608904001671252,3.572704081632653,Germany,76.28032345013477,22.911051212938006,71.96765498652292,15.555555555555555
2516899,2455,359,298,72,52,19,234,58,20,45,19,2,18.851122964241256,1.8618857901726427,Germany,83.008356545961,20.055710306406684,65.18105849582173,34.48275862068966
2516899,2460,404,333,82,58,28,228,73,19,52,12,2,18.225925111911515,2.7824474660074165,Germany,82.42574257425743,20.2970297029703,56.43564356435643,26.027397260273972
2516900,2445,420,333,84,64,28,292,66,12,47,8,0,19.47683237665875,4.131061598951507,Germany,79.28571428571428,20.0,69.52380952380952,18.181818181818183
2516900,2457,521,434,87,72,29,345,59,17,39,11,0,18.363264639571312,4.302059496567506,Germany,83.30134357005758,16.698656429942417,66.21880998080614,28.8135593220339
2516901,2443,347,275,63,55,21,237,63,22,42,10,1,19.209375393524653,3.717948717948718,Germany,79.2507204610951,18.155619596541786,68.29971181556196,34.92063492063492
2516901,2444,640,577,129,77,34,488,47,19,44,16,4,21.32229144510454,1.1049382716049383,Germany,90.15625,20.15625,76.25,40.42553191489361
2516902,2446,557,477,74,69,38,393,57,19,44,14,4,16.823122251921387,3.2219850586979724,Germany,85.63734290843806,13.285457809694792,70.55655296229803,33.33333333333333
2516902,2482,443,358,76,63,26,282,97,26,46,13,1,17.621813819456985,2.838973162193699,Germany,80.81264108352144,17.155756207674944,63.6568848758465,26.804123711340207
2516903,2447,592,514,92,94,48,409,42,18,41,10,1,17.773529055409092,3.302375809935205,Germany,86.82432432432432,15.54054054054054,69.08783783783784,42.857142857142854
2516903,2457,370,287,67,44,13,246,79,20,37,6,1,18.60749110414439,3.6685878962536025,Germany,77.56756756756756,18.10810810810811,66.48648648648648,25.31645569620253
2516904,2453,317,228,76,49,15,199,73,22,60,9,2,20.907309626811916,3.8347578347578346,Germany,71.92429022082018,23.974763406940063,62.77602523659306,30.136986301369863
2516904,2975,488,409,82,91,38,315,57,25,52,11,1,17.85206184542069,3.9715585893060297,Germany,83.81147540983606,16.80327868852459,64.54918032786885,43.859649122807014
2516905,2454,356,269,64,55,18,232,71,24,53,14,2,19.317806020820715,2.809917355371901,Germany,75.56179775280899,17.97752808988764,65.1685393258427,33.80281690140845
2516905,2481,431,348,96,74,41,303,66,16,42,16,0,19.51661903439333,4.387547649301143,Germany,80.74245939675174,22.2737819025522,70.30162412993039,24.242424242424242
2516906,2449,433,360,55,50,20,280,80,35,44,5,1,17.39746522303198,3.5305105853051058,Germany,83.14087759815243,12.702078521939955,64.66512702078522,43.75
2516906,2455,519,441,98,56,21,372,96,22,41,10,1,18.31314338135834,3.9750849377123445,Germany,84.97109826589595,18.88246628131021,71.67630057803468,22.916666666666664
2516907,2450,334,225,69,71,32,236,77,29,61,9,0,18.778203232420882,3.631081081081081,Germany,67.36526946107784,20.65868263473054,70.65868263473054,37.66233766233766
2516907,2463,319,241,73,40,18,210,58,15,57,8,2,17.89963354978764,5.471232876712329,Germany,75.54858934169279,22.884012539184955,65.8307210031348,25.862068965517242
2516908,2445,590,508,104,78,29,442,69,20,40,8,2,20.2044554142765,2.6373626373626373,Germany,86.10169491525423,17.627118644067796,74.91525423728814,28.985507246376812
2516908,2460,375,315,77,65,30,258,50,16,38,20,3,20.715953333570475,2.961876832844575,Germany,84.0,20.533333333333335,68.8,32.0
2516909,2451,406,324,87,63,26,301,69,13,57,9,0,19.93094015033422,3.003841229193342,Germany,79.80295566502463,21.428571428571427,74.13793103448276,18.84057971014493
2516909,2462,400,322,82,59,37,268,88,22,43,15,3,18.37511848315993,4.258511979823456,Germany,80.5,20.5,67.0,25.0
2516910,2444,542,464,86,56,43,376,52,10,53,20,5,19.164231080469435,1.8498871331828441,Germany,85.60885608856088,15.867158671586715,69.37269372693727,19.230769230769234
2516910,2482,385,315,67,58,19,233,84,26,38,5,2,18.5924341031476,3.0831062670299727,Germany,81.81818181818183,17.402597402597404,60.51948051948052,30.952380952380953
2516911,2447,720,634,99,106,56,435,46,29,43,10,2,18.21759660466713,1.6505474452554745,Germany,88.05555555555556,13.750000000000002,60.416666666666664,63.04347826086957
2516911,2453,275,212,54,31,13,197,63,12,45,5,2,18.220127282958504,3.4786885245901638,Germany,77.0909090909091,19.636363636363637,71.63636363636363,19.047619047619047
2516912,2450,304,212,43,42,14,196,72,26,65,7,1,15.063662281554809,4.116797900262467,Germany,69.73684210526315,14.144736842105262,64.47368421052632,36.11111111111111
2516912,2975,469,358,55,77,29,348,102,27,69,14,1,16.350519074315393,2.4513368983957218,Germany,76.33262260127933,11.727078891257996,74.20042643923242,26.47058823529412
2516913,2463,442,375,73,56,27,269,52,16,49,8,0,18.712980937746202,3.1246882793017456,Germany,84.84162895927602,16.515837104072396,60.85972850678733,30.76923076923077
2516913,2481,402,309,92,67,32,284,61,11,38,9,1,19.777309348912212,5.098648648648648,Germany,76.86567164179104,22.885572139303484,70.64676616915423,18.0327868852459
2516914,2443,544,448,92,76,28,398,55,17,60,17,0,18.936629945170466,1.7932843651626442,Germany,82.35294117647058,16.911764705882355,73.16176470588235,30.909090909090907
2516914,2457,373,297,81,44,11,223,70,17,46,5,0,19.764404153947794,4.286284953395473,Germany,79.62466487935657,21.715817694369974,59.78552278820375,24.285714285714285
2516915,2454,447,380,88,65,24,257,70,17,46,12,0,17.77308235310619,3.595031055900621,Germany,85.01118568232661,19.686800894854585,57.494407158836694,24.285714285714285
2516915,2462,406,326,83,52,28,258,69,14,50,5,2,18.604375617628325,3.227034120734908,Germany,80.29556650246306,20.44334975369458,63.54679802955665,20.28985507246377
2516916,2446,643,561,114,78,39,486,43,18,57,8,1,19.04113814539026,2.2615062761506275,Germany,87.24727838258165,17.729393468118197,75.58320373250389,41.86046511627907
2516916,2460,258,196,49,39,14,156,77,25,31,2,0,16.859921133269836,3.9443507588532882,Germany,75.96899224806202,18.992248062015506,60.46511627906976,32.467532467532465
2516917,2451,383,303,83,49,19,292,48,15,55,6,1,18.847963516112177,3.924324324324324,Germany,79.11227154046998,21.671018276762403,76.2402088772846,31.25
2516917,2455,519,428,87,78,36,329,65,30,54,15,0,19.618576962205793,2.168122270742358,Germany,82.46628131021194,16.76300578034682,63.39113680154143,46.15384615384615
2516918,2445,631,553,101,86,29,412,66,18,47,11,0,19.132244603060947,1.8872950819672132,Germany,87.63866877971473,16.00633914421553,65.2931854199683,27.27272727272727
2516918,2449,372,303,65,35,23,289,78,13,50,16,1,19.565627526901512,3.6933158584534733,Germany,81.45161290322581,17.473118279569892,77.68817204301075,16.666666666666664
2516919,2447,498,431,48,53,32,310,51,11,32,16,3,16.97160234216013,3.6260162601626016,Germany,86.54618473895582,9.63855421686747,62.24899598393574,21.568627450980394
2516919,2463,451,380,84,70,43,284,55,19,45,16,2,19.945921616069196,2.723135271807838,Germany,84.25720620842571,18.625277161862527,62.97117516629712,34.54545454545455
2516920,2457,430,355,83,57,19,281,49,21,41,5,1,19.137834364469466,4.091412742382271,Germany,82.55813953488372,19.302325581395348,65.34883720930232,42.857142857142854
2516920,2482,516,432,99,68,53,329,60,23,39,13,0,18.940497980206313,4.25121359223301,Germany,83.72093023255815,19.186046511627907,63.759689922480625,38.333333333333336
2516921,2446,546,467,82,69,40,396,44,18,52,14,0,17.683024250783113,3.4455231930960086,Germany,85.53113553113553,15.018315018315018,72.52747252747253,40.909090909090914
2516921,2453,298,233,62,29,12,183,78,28,53,11,0,18.55995358621726,4.010233918128655,Germany,78.18791946308725,20.80536912751678,61.40939597315436,35.8974358974359
2516922,2454,403,299,79,56,24,261,75,20,51,9,0,20.019799470887577,2.6666666666666665,Germany,74.19354838709677,19.602977667493796,64.76426799007444,26.666666666666668
2516922,2975,472,385,75,76,39,346,65,19,48,14,1,18.387652907062698,4.207434052757794,Germany,81.5677966101695,15.889830508474576,73.30508474576271,29.230769230769234
2516923,2443,535,457,89,88,18,391,75,31,41,7,2,18.806933633716607,3.165137614678899,Germany,85.42056074766356,16.635514018691588,73.08411214953271,41.333333333333336
2516923,2449,429,356,60,49,20,309,53,13,39,14,1,19.120797536981144,2.5489199491740786,Germany,82.98368298368298,13.986013986013987,72.02797202797203,24.528301886792452
2516924,2462,531,454,101,71,20,351,30,7,46,8,0,18.90210416145346,3.609392898052692,Germany,85.49905838041431,19.02071563088512,66.10169491525424,23.333333333333332
2516924,2481,315,230,83,62,23,216,58,15,42,14,3,20.50855332391984,4.227554179566564,Germany,73.01587301587301,26.34920634920635,68.57142857142857,25.862068965517242
2516925,2450,472,409,81,57,18,322,62,23,63,13,1,18.109942753255595,2.746384872080089,Germany,86.65254237288136,17.16101694915254,68.22033898305084,37.096774193548384
2516925,2455,355,283,62,48,14,226,92,18,48,13,1,17.55040820915422,4.353018372703412,Germany,79.71830985915493,17.464788732394364,63.66197183098592,19.565217391304348
2516926,2444,615,533,110,71,29,428,86,22,49,13,2,19.181388319494854,3.6752577319587627,Germany,86.66666666666667,17.88617886178862,69.59349593495935,25.581395348837212
2516926,2460,320,253,56,67,33,191,67,19,42,12,0,18.72880322469479,3.481375358166189,Germany,79.0625,17.5,59.68750000000001,28.35820895522388
2516927,2445,433,350,96,68,20,300,56,25,50,12,1,20.85832187300305,3.962466487935657,Germany,80.83140877598153,22.170900692840647,69.28406466512702,44.642857142857146
2516927,2451,550,471,110,70,19,409,44,18,47,15,1,20.887702359134426,2.561030235162374,Germany,85.63636363636363,20.0,74.36363636363636,40.909090909090914
2516928,2444,556,470,70,54,41,371,77,20,40,12,2,17.93816012471329,2.052690582959641,Germany,84.53237410071942,12.589928057553957,66.72661870503596,25.97402597402597
2516928,2449,393,336,52,52,25,240,84,30,40,7,1,16.750404454001885,2.8776041666666665,Germany,85.49618320610686,13.231552162849871,61.06870229007634,35.714285714285715
2516929,2447,558,460,89,80,29,377,87,27,37,7,2,18.617449603189957,3.205183585313175,Germany,82.43727598566308,15.949820788530467,67.56272401433692,31.03448275862069
2516929,2450,388,322,82,57,33,302,60,15,55,7,0,16.49336938836129,4.169950738916256,Germany,82.9896907216495,21.1340206185567,77.83505154639175,25.0
2516930,2481,416,327,75,54,22,252,67,19,46,11,0,17.37024577948166,3.8425692695214106,Germany,78.60576923076923,18.028846153846153,60.57692307692307,28.35820895522388
2516930,2975,408,342,56,54,32,276,59,23,46,18,1,18.853993328352452,2.244171779141104,Germany,83.82352941176471,13.725490196078432,67.64705882352942,38.983050847457626
2516931,2460,244,184,43,40,14,157,83,30,47,6,2,17.302857476933877,3.368740515933232,Germany,75.40983606557377,17.62295081967213,64.34426229508196,36.144578313253014
2516931,2482,486,399,76,70,35,303,66,18,44,23,3,19.813866253656453,1.1380552220888356,Germany,82.09876543209876,15.637860082304528,62.34567901234568,27.27272727272727
2516932,2443,324,263,78,43,18,235,69,24,49,13,3,20.780508464971383,3.0,Germany,81.17283950617285,24.074074074074073,72.53086419753086,34.78260869565217
2516932,2451,499,432,106,76,28,358,49,16,50,10,1,20.192927219952082,3.308132875143184,Germany,86.57314629258516,21.24248496993988,71.7434869739479,32.6530612244898
2516933,2462,501,413,104,78,36,342,45,21,52,12,4,19.932201530794188,3.802867383512545,Germany,82.43512974051896,20.758483033932134,68.26347305389223,46.666666666666664
2516933,2463,357,277,77,61,20,240,56,16,39,7,1,19.191829577061753,5.965217391304348,Germany,77.59103641456583,21.568627450980394,67.22689075630252,28.57142857142857
2516934,2446,515,436,66,58,30,354,46,20,61,15,0,17.959698586422864,2.0183387270765913,Germany,84.66019417475728,12.815533980582524,68.73786407766991,43.47826086956522
2516934,2457,307,226,56,57,15,197,82,29,44,8,2,17.94535323861783,4.223227752639517,Germany,73.61563517915309,18.241042345276874,64.16938110749186,35.36585365853659
2516935,2453,561,465,85,79,24,325,60,23,51,12,1,17.149135041556818,3.3140243902439024,Germany,82.88770053475936,15.151515151515152,57.93226381461676,38.333333333333336
2516935,2455,365,285,73,47,20,241,79,10,39,13,2,17.2840554205919,3.5614702154626108,Germany,78.08219178082192,20.0,66.02739726027397,12.658227848101266
2516936,2445,276,216,68,41,16,193,74,19,45,7,1,19.13965917411956,3.9025974025974026,Germany,78.26086956521739,24.637681159420293,69.92753623188406,25.675675675675674
2516936,2454,594,522,122,83,27,411,31,14,68,12,0,19.482445670817167,3.0233297985153764,Germany,87.87878787878788,20.53872053872054,69.1919191919192,45.16129032258064
2516937,2455,334,257,64,67,27,232,75,18,54,12,1,17.490475401295303,5.675745784695201,Germany,76.94610778443113,19.16167664670659,69.46107784431138,24.0
2516937,2463,372,285,80,56,24,269,68,24,60,5,1,19.655459451368888,3.905055487053021,Germany,76.61290322580645,21.50537634408602,72.31182795698925,35.294117647058826
2516938,2457,540,434,115,70,19,384,72,27,60,8,0,18.85721842861775,2.7381974248927037,Germany,80.37037037037037,21.296296296296298,71.11111111111111,37.5
2516938,2460,243,169,50,46,16,156,66,21,49,11,2,18.111060989081444,5.356143079315707,Germany,69.54732510288066,20.5761316872428,64.19753086419753,31.818181818181817
2516939,2443,603,514,135,95,30,417,55,19,54,9,0,19.839055974633066,3.141271442986882,Germany,85.24046434494196,22.388059701492537,69.15422885572139,34.54545454545455
2516939,2453,342,289,65,38,9,227,75,21,38,4,0,17.618400899240317,4.639044943820225,Germany,84.50292397660819,19.005847953216374,66.37426900584795,28.000000000000004
2516940,2447,364,277,53,54,26,231,96,20,52,8,1,17.01478179392893,3.313775510204082,Germany,76.0989010989011,14.560439560439562,63.46153846153846,20.833333333333336
2516940,2454,437,348,75,65,36,256,64,30,53,25,0,18.566913945232443,1.4414831981460023,Germany,79.63386727688787,17.162471395881006,58.58123569794051,46.875
2516941,2449,239,174,56,45,11,178,94,35,50,9,2,19.746946199458364,4.488372093023256,Germany,72.80334728033473,23.430962343096233,74.47698744769873,37.234042553191486
2516941,2482,473,390,91,56,31,350,94,33,54,11,1,17.587381825718545,3.6487341772151898,Germany,82.4524312896406,19.23890063424947,73.99577167019028,35.1063829787234
2516942,2462,333,248,71,54,24,238,69,23,51,13,2,19.165539023299385,2.4993197278911565,Germany,74.47447447447448,21.32132132132132,71.47147147147147,33.33333333333333
2516942,2975,406,309,67,50,28,291,69,13,58,9,1,16.63579230496822,3.566919191919192,Germany,76.10837438423646,16.502463054187192,71.67487684729063,18.84057971014493
2516943,2445,285,216,70,50,23,189,62,23,57,10,1,18.938335915725027,5.365963855421687,Germany,75.78947368421053,24.561403508771928,66.3157894736842,37.096774193548384
2516943,2481,453,351,102,74,27,299,64,22,57,7,0,20.076896043572802,3.0975323149236194,Germany,77.48344370860927,22.516556291390728,66.00441501103754,34.375
2516944,2446,426,352,70,47,24,306,82,15,57,14,2,17.158829817105794,4.429752066115703,Germany,82.62910798122066,16.431924882629108,71.83098591549296,18.29268292682927
2516944,2450,410,318,79,67,32,283,87,37,67,8,1,17.095180775072127,3.6067285382830625,Germany,77.5609756097561,19.26829268292683,69.02439024390243,42.5287356321839
2516945,2444,693,621,135,127,46,509,53,26,39,15,1,20.34844938877994,3.610671936758893,Germany,89.6103896103896,19.480519480519483,73.44877344877345,49.056603773584904
2516945,2451,201,149,48,21,11,147,80,15,44,2,1,19.512514660605945,6.061776061776062,Germany,74.12935323383084,23.88059701492537,73.13432835820896,18.75
2516946,2444,731,648,140,113,51,545,28,19,53,16,0,20.531054120677073,1.6766917293233083,Germany,88.64569083447333,19.151846785225718,74.55540355677155,67.85714285714286
2516946,2457,231,164,58,45,10,164,76,16,39,5,0,20.800753300922672,4.127468581687612,Germany,70.995670995671,25.108225108225106,70.995670995671,21.052631578947366
2516947,2447,647,551,73,104,42,448,54,29,43,9,1,17.09322225646387,2.7028112449799195,Germany,85.16228748068006,11.282843894899536,69.24265842349304,53.70370370370371
2516947,2481,358,276,81,62,20,230,82,25,37,11,1,17.370155531683302,4.983695652173913,Germany,77.09497206703911,22.62569832402235,64.24581005586593,30.48780487804878
2516948,2463,449,346,74,56,36,316,84,19,46,11,2,17.98803358621466,4.593516209476309,Germany,77.06013363028953,16.481069042316257,70.37861915367483,22.61904761904762
2516948,2975,565,475,78,65,25,385,47,13,47,16,1,17.700445096118806,2.682952182952183,Germany,84.070796460177,13.805309734513274,68.14159292035397,27.659574468085108
2516949,2453,363,296,84,40,13,262,82,29,49,5,0,20.166656038637218,3.0841514726507713,Germany,81.5426997245179,23.140495867768596,72.1763085399449,35.36585365853659
2516949,2482,555,484,97,76,29,354,54,15,45,10,0,19.73655039103008,1.7118451025056947,Germany,87.2072072072072,17.47747747747748,63.78378378378379,27.77777777777778
2516950,2443,520,439,111,75,32,391,60,20,60,12,0,19.524011130646848,2.8660907127429804,Germany,84.42307692307692,21.346153846153847,75.1923076923077,33.33333333333333
2516950,2450,275,187,68,45,17,208,77,21,50,5,0,18.789654603842607,5.274741506646972,Germany,68.0,24.727272727272727,75.63636363636364,27.27272727272727
2516951,2446,430,359,66,44,23,330,46,13,49,8,0,17.82607714138254,2.764473684210526,Germany,83.48837209302326,15.348837209302326,76.74418604651163,28.26086956521739
2516951,2449,398,325,68,49,8,237,69,25,39,7,1,18.33804774050398,3.894385026737968,Germany,81.65829145728644,17.08542713567839,59.54773869346733,36.231884057971016
2516952,2451,509,420,106,68,23,345,58,19,45,8,1,19.315521090344504,3.3714609286523216,Germany,82.5147347740668,20.825147347740668,67.77996070726915,32.758620689655174
2516952,2460,337,269,70,58,28,197,87,29,39,14,1,20.01839424042775,2.419753086419753,Germany,79.82195845697329,20.77151335311573,58.45697329376854,33.33333333333333
2516953,2454,393,301,74,64,22,253,66,18,44,14,1,17.26357400389427,3.8643031784841075,Germany,76.59033078880407,18.829516539440203,64.3765903307888,27.27272727272727
2516953,2455,398,304,64,59,45,277,85,35,51,21,0,18.051077044715132,1.3715651135005973,Germany,76.38190954773869,16.08040201005025,69.59798994974874,41.17647058823529
2516954,2445,330,245,72,46,14,252,70,27,54,12,1,20.210094334608208,5.098674521354933,Germany,74.24242424242425,21.818181818181817,76.36363636363637,38.57142857142858
2516954,2462,547,445,135,101,36,404,71,29,40,6,0,21.06558168432578,4.787541713014461,Germany,81.35283363802559,24.680073126142595,73.85740402193784,40.845070422535215
2516955,2447,448,348,70,59,29,325,85,28,49,4,1,17.11864398173001,4.625882352941177,Germany,77.67857142857143,15.625,72.54464285714286,32.94117647058823
2516955,2975,447,332,66,68,37,330,82,18,61,9,1,17.816657707132023,3.111242603550296,Germany,74.27293064876957,14.76510067114094,73.8255033557047,21.951219512195124
2516956,2445,351,275,56,39,19,257,82,18,51,7,3,17.503303683669916,4.451388888888889,Germany,78.34757834757835,15.954415954415953,73.21937321937322,21.951219512195124
2516956,2463,540,443,84,86,52,366,51,22,43,10,1,18.82040260836737,2.796420581655481,Germany,82.03703703703704,15.555555555555555,67.77777777777779,43.13725490196079
2516957,2444,625,557,89,76,45,376,45,15,33,16,3,18.080524547359246,3.720682302771855,Germany,89.12,14.24,60.160000000000004,33.33333333333333
2516957,2453,387,331,71,56,17,222,56,14,39,4,0,18.59633424704636,4.1322901849217635,Germany,85.52971576227391,18.34625322997416,57.36434108527132,25.0
2516958,2443,436,351,90,54,35,314,88,17,47,15,2,18.226972324766386,3.7110036275695286,Germany,80.5045871559633,20.642201834862387,72.01834862385321,19.318181818181817
2516958,2454,446,371,60,58,31,310,63,24,54,9,1,18.56772508045524,3.2012422360248447,Germany,83.18385650224215,13.452914798206278,69.50672645739911,38.095238095238095
2516959,2449,449,391,62,61,17,257,66,19,45,6,1,18.72079207665969,2.8326745718050064,Germany,87.08240534521158,13.808463251670378,57.23830734966593,28.78787878787879
2516959,2457,417,348,64,42,24,297,62,17,46,10,0,17.796902413039753,2.8154681139755766,Germany,83.45323741007195,15.347721822541965,71.22302158273382,27.419354838709676
2516960,2455,394,297,85,65,20,276,71,22,59,6,0,18.1349341191039,4.403965303593556,Germany,75.38071065989847,21.573604060913706,70.05076142131979,30.985915492957744
2516960,2462,381,292,88,67,33,272,62,28,45,12,1,19.111948475971268,4.456436931079324,Germany,76.64041994750657,23.097112860892388,71.39107611548556,45.16129032258064
2516961,2481,435,327,121,73,23,307,75,22,56,7,0,21.676407264751607,3.5036496350364965,Germany,75.17241379310344,27.816091954022987,70.57471264367817,29.333333333333332
2516961,2482,338,246,74,53,36,238,72,29,53,15,2,18.25433587007453,6.525,Germany,72.7810650887574,21.893491124260358,70.41420118343196,40.27777777777778
2516962,2450,443,345,98,68,30,347,73,36,70,15,0,18.048411304694,1.76017130620985,Germany,77.87810383747178,22.121896162528216,78.3295711060948,49.31506849315068
2516962,2460,234,147,59,38,12,136,99,19,52,3,0,17.818906069285617,4.3125,Germany,62.82051282051282,25.213675213675213,58.119658119658126,19.19191919191919
2516963,2446,492,417,69,72,37,367,53,11,57,12,1,16.492100767552504,3.51237890204521,Germany,84.7560975609756,14.02439024390244,74.59349593495935,20.754716981132077
2516963,2451,478,405,89,52,14,319,99,22,36,7,1,17.58811281718747,3.582943925233645,Germany,84.72803347280335,18.619246861924683,66.73640167364016,22.22222222222222
2516964,2444,676,603,93,67,44,460,39,14,48,14,5,19.38788524776089,1.4139728884254432,Germany,89.20118343195266,13.757396449704142,68.04733727810651,35.8974358974359
2516964,2450,197,132,35,27,12,133,65,11,30,1,0,18.653014223194305,2.5562632696390657,Germany,67.00507614213198,17.766497461928935,67.51269035532995,16.923076923076923
2516965,2447,330,245,59,50,20,234,81,22,55,13,2,19.623701118171542,2.9374149659863944,Germany,74.24242424242425,17.87878787878788,70.9090909090909,27.160493827160494
2516965,2462,387,297,82,57,22,286,61,16,61,9,2,18.90493999561016,4.621052631578947,Germany,76.74418604651163,21.188630490956072,73.90180878552972,26.229508196721312
2516966,2451,513,427,73,68,25,332,47,12,35,4,0,20.128555200638345,3.295774647887324,Germany,83.23586744639377,14.230019493177387,64.71734892787524,25.53191489361702
2516966,2482,440,366,94,60,37,266,46,10,41,15,2,21.78786414394706,2.0889526542324246,Germany,83.18181818181817,21.363636363636363,60.45454545454545,21.73913043478261
2516967,2453,485,403,82,43,16,330,57,9,35,5,0,18.07472209405902,2.97625,Germany,83.09278350515464,16.90721649484536,68.04123711340206,15.789473684210526
2516967,2457,574,496,91,61,27,351,40,18,44,12,0,19.01456380854645,2.04804469273743,Germany,86.41114982578398,15.853658536585366,61.14982578397212,45.0
2516968,2443,384,310,78,65,25,231,89,25,42,9,3,19.047469495299556,3.327720207253886,Germany,80.72916666666666,20.3125,60.15625,28.08988764044944
2516968,2463,545,462,78,64,30,360,68,20,53,8,1,17.074869974352005,3.4204909284951976,Germany,84.77064220183486,14.311926605504588,66.05504587155964,29.411764705882355
2516969,2446,525,470,83,60,35,369,74,22,40,16,2,18.143735344707125,1.573404255319149,Germany,89.52380952380953,15.80952380952381,70.28571428571428,29.72972972972973
2516969,2454,448,375,67,53,16,259,74,25,47,8,0,17.5006149429078,2.900990099009901,Germany,83.70535714285714,14.955357142857142,57.8125,33.78378378378378
2516970,2449,364,275,79,54,15,254,89,31,61,5,1,17.398073946643493,4.4225,Germany,75.54945054945054,21.703296703296704,69.78021978021978,34.831460674157306
2516970,2460,405,328,74,63,29,297,69,30,58,16,0,17.44359791213556,2.803738317757009,Germany,80.98765432098766,18.271604938271604,73.33333333333333,43.47826086956522
2516971,2455,462,401,88,62,22,311,67,14,53,17,1,18.319930769176466,2.055681818181818,Germany,86.7965367965368,19.047619047619047,67.31601731601732,20.8955223880597
2516971,2481,285,211,60,41,24,208,75,22,56,16,3,17.61195972190372,3.3538913362701908,Germany,74.03508771929825,21.052631578947366,72.98245614035088,29.333333333333332
2516972,2445,371,286,78,57,25,255,73,27,52,9,0,19.237938994055344,3.9945355191256833,Germany,77.088948787062,21.024258760107816,68.73315363881402,36.986301369863014
2516972,2975,454,358,84,61,31,359,42,11,49,8,0,16.451106617003486,4.632142857142857,Germany,78.8546255506608,18.502202643171806,79.07488986784142,26.190476190476193
2516973,2447,492,402,60,58,48,347,65,34,64,23,1,18.835612451019973,1.2393442622950819,Germany,81.70731707317073,12.195121951219512,70.52845528455285,52.307692307692314
2516973,2455,325,237,57,37,28,216,67,9,50,9,0,18.154476669047003,4.032998565279771,Germany,72.92307692307692,17.53846153846154,66.46153846153847,13.432835820895523
2516974,2444,552,454,111,67,34,388,84,25,55,9,1,18.51838359012157,3.278688524590164,Germany,82.2463768115942,20.108695652173914,70.28985507246377,29.761904761904763
2516974,2975,345,268,55,55,28,223,83,39,49,13,2,17.90944463447472,2.8626666666666667,Germany,77.68115942028986,15.942028985507244,64.6376811594203,46.98795180722892
2516975,2446,513,441,65,60,31,340,55,19,36,9,0,17.281365115182222,3.2394043528064147,Germany,85.96491228070175,12.670565302144249,66.27680311890838,34.54545454545455
2516975,2463,505,410,87,71,31,314,86,31,31,8,2,18.576080859259992,2.9952380952380953,Germany,81.1881188118812,17.227722772277225,62.17821782178218,36.04651162790697
2516976,2445,424,342,93,58,26,274,44,13,38,10,2,19.9844332360953,5.354309165526676,Germany,80.66037735849056,21.933962264150946,64.62264150943396,29.545454545454547
2516976,2453,579,485,123,81,28,381,44,12,31,5,1,20.22227212341965,3.2242152466367715,Germany,83.7651122625216,21.243523316062177,65.80310880829016,27.27272727272727
2516977,2454,585,508,68,81,42,380,57,27,54,21,3,18.566435259527037,1.5053418803418803,Germany,86.83760683760684,11.623931623931623,64.95726495726495,47.368421052631575
2516977,2482,361,291,60,54,23,226,76,12,35,11,2,18.783276382235673,3.5980253878702397,Germany,80.60941828254848,16.62049861495845,62.603878116343495,15.789473684210526
2516978,2460,443,369,61,52,19,297,40,15,46,12,0,17.329889701329954,3.7109375,Germany,83.29571106094808,13.769751693002258,67.04288939051919,37.5
2516978,2462,499,424,82,51,29,337,79,21,44,14,3,18.887620715199212,2.895808383233533,Germany,84.96993987975952,16.432865731462925,67.53507014028057,26.582278481012654
2516979,2443,423,350,78,54,37,301,55,18,48,20,3,18.77072242011675,3.803129074315515,Germany,82.74231678486997,18.439716312056735,71.15839243498819,32.72727272727273
2516979,2481,434,354,76,72,22,314,63,16,42,13,1,18.920835104182462,2.6502463054187193,Germany,81.5668202764977,17.51152073732719,72.35023041474655,25.396825396825395
2516980,2450,524,434,104,63,30,379,62,13,43,9,1,17.7715234425792,3.064340239912759,Germany,82.82442748091603,19.84732824427481,72.32824427480917,20.967741935483872
2516980,2457,404,320,89,61,17,300,75,30,46,12,2,18.395940774941103,4.30859375,Germany,79.20792079207921,22.02970297029703,74.25742574257426,40.0
2516981,2449,404,339,44,37,12,257,72,17,39,8,0,16.916330872397772,3.1660026560424965,Germany,83.9108910891089,10.891089108910892,63.613861386138616,23.61111111111111
2516981,2451,544,470,87,65,18,350,58,18,58,15,0,18.956001305312057,1.388457269700333,Germany,86.39705882352942,15.992647058823529,64.33823529411765,31.03448275862069
2516982,2444,682,610,97,75,34,461,40,14,35,15,6,19.541877992096456,1.7706521739130434,Germany,89.44281524926686,14.222873900293257,67.59530791788856,35.0
2516982,2447,441,378,64,46,22,300,39,7,30,9,0,20.20704946166842,3.0682492581602374,Germany,85.71428571428571,14.512471655328799,68.02721088435374,17.94871794871795
2516983,2463,498,421,86,55,19,337,52,16,46,5,0,18.87367918060307,2.3778054862842892,Germany,84.53815261044177,17.269076305220885,67.67068273092369,30.76923076923077
2516983,2482,368,313,68,49,33,257,50,21,34,17,6,20.623209586509343,1.6133720930232558,Germany,85.05434782608695,18.478260869565215,69.83695652173914,42.0
2516984,2451,429,357,94,72,21,293,53,17,43,6,0,18.999647687163524,5.103929024081116,Germany,83.21678321678321,21.91142191142191,68.29836829836829,32.075471698113205
2516984,2457,474,389,86,55,31,310,74,22,51,8,0,18.576396188405464,3.3501722158438576,Germany,82.0675105485232,18.143459915611814,65.40084388185655,29.72972972972973
2516985,2443,401,317,106,62,24,296,57,14,43,8,1,21.341457839970705,3.495118549511855,Germany,79.05236907730672,26.433915211970078,73.81546134663341,24.561403508771928
2516985,2462,519,441,85,55,27,337,44,19,40,10,1,20.047955279023267,3.4271844660194173,Germany,84.97109826589595,16.377649325626205,64.9325626204239,43.18181818181818
2516986,2449,539,486,80,60,28,325,51,20,40,14,1,19.160060276418182,1.4926553672316385,Germany,90.16697588126159,14.842300556586272,60.29684601113172,39.21568627450981
2516986,2453,390,326,71,32,8,246,70,19,44,6,0,18.912946539571454,3.3567335243553007,Germany,83.58974358974359,18.205128205128204,63.07692307692307,27.142857142857142
2516987,2446,632,536,69,82,44,447,69,12,52,17,0,17.938425875914813,1.3352999016715832,Germany,84.81012658227847,10.917721518987342,70.72784810126582,17.391304347826086
2516987,2481,316,225,68,49,18,205,86,15,52,7,0,18.747493191102933,3.7798295454545454,Germany,71.20253164556962,21.518987341772153,64.87341772151899,17.441860465116278
2516988,2454,475,399,72,54,34,298,70,17,63,10,0,17.89016609743482,3.4653014789533563,Germany,84.0,15.157894736842106,62.73684210526316,24.285714285714285
2516988,2460,392,320,66,60,25,276,71,23,39,14,0,18.678489758659023,2.6064757160647574,Germany,81.63265306122449,16.83673469387755,70.40816326530613,32.3943661971831
2516989,2455,333,246,90,46,24,220,91,28,56,12,2,31.804540216028226,0.06164383561643835,Germany,73.87387387387388,27.027027027027028,66.06606606606607,30.76923076923077
2516989,2975,473,397,104,64,28,343,56,30,48,15,3,27.225197060905955,0.895096921322691,Germany,83.93234672304439,21.987315010570825,72.51585623678648,53.57142857142857
2516990,2445,397,325,92,61,21,272,74,25,48,11,1,18.939193471679257,2.7829457364341086,Germany,81.86397984886649,23.173803526448363,68.51385390428212,33.78378378378378
2516990,2450,534,440,98,57,22,379,47,14,49,8,1,18.863524443852604,3.542825361512792,Germany,82.39700374531836,18.352059925093634,70.97378277153558,29.78723404255319
2516991,2445,352,267,78,59,37,241,63,22,53,7,0,18.61501171912588,5.042432814710042,Germany,75.85227272727273,22.15909090909091,68.4659090909091,34.92063492063492
2516991,2447,327,255,70,59,38,210,50,15,50,14,3,22.027824044598052,3.681885125184094,Germany,77.98165137614679,21.406727828746178,64.22018348623854,30.0
2516992,2446,462,379,59,45,39,347,67,22,52,13,4,18.046115947577,3.4220532319391634,Germany,82.03463203463204,12.770562770562771,75.10822510822511,32.83582089552239
2516992,2975,405,324,61,61,31,248,55,17,48,18,1,18.52091481637653,1.8172323759791122,Germany,80.0,15.06172839506173,61.23456790123457,30.909090909090907
2516993,2460,326,259,75,57,29,220,71,18,61,11,1,18.885564686621983,3.9642401021711366,Germany,79.4478527607362,23.006134969325153,67.48466257668711,25.352112676056336
2516993,2463,346,278,85,69,31,229,71,21,60,15,1,20.95057370415757,3.2161073825503355,Germany,80.34682080924856,24.566473988439306,66.1849710982659,29.577464788732392
2516994,2451,290,213,80,54,10,183,59,12,51,9,2,20.14734492284602,5.075734157650696,Germany,73.44827586206897,27.586206896551722,63.10344827586207,20.33898305084746
2516994,2453,427,343,81,66,30,282,69,17,62,12,0,19.433888584150147,2.5124260355029584,Germany,80.32786885245902,18.969555035128806,66.04215456674473,24.637681159420293
2516995,2454,471,407,80,62,15,313,43,7,47,7,1,19.514166696426464,2.691326530612245,Germany,86.41188959660298,16.985138004246284,66.45435244161358,16.27906976744186
2516995,2457,372,309,62,53,22,262,62,21,53,12,1,18.141415462616354,4.08029197080292,Germany,83.06451612903226,16.666666666666664,70.43010752688173,33.87096774193548
2516996,2462,559,491,88,51,23,407,54,22,46,15,1,20.55264671679176,1.8692660550458715,Germany,87.83542039355993,15.742397137745975,72.80858676207514,40.74074074074074
2516996,2482,294,227,62,53,25,193,63,11,38,10,1,19.60739397344322,5.0201005025125625,Germany,77.21088435374149,21.08843537414966,65.64625850340136,17.46031746031746
2516997,2444,619,539,94,67,34,409,38,6,54,10,4,17.608072343886523,3.199786324786325,Germany,87.07592891760905,15.18578352180937,66.07431340872375,15.789473684210526
2516997,2481,243,184,53,44,15,157,87,33,32,6,0,18.317243131439106,2.783737024221453,Germany,75.7201646090535,21.810699588477366,64.60905349794238,37.93103448275862
2516998,2449,276,194,65,52,15,206,81,20,55,8,2,25.54098996235275,5.042699724517906,Germany,70.28985507246377,23.55072463768116,74.63768115942028,24.691358024691358
2516998,2450,465,363,92,63,38,319,68,30,55,15,3,25.471984148198178,2.095920617420066,Germany,78.06451612903226,19.78494623655914,68.60215053763442,44.11764705882353
2516999,2443,479,380,109,87,34,355,53,25,51,11,1,18.812294247468557,4.657894736842105,Germany,79.33194154488518,22.755741127348646,74.11273486430062,47.16981132075472
2516999,2455,333,251,79,62,17,242,56,12,60,10,2,19.556293264523816,5.326271186440678,Germany,75.37537537537537,23.723723723723726,72.67267267267268,21.428571428571427
2517000,2444,779,730,88,106,41,530,65,21,28,18,5,18.702113106859773,0.1760299625468165,Germany,93.70988446726572,11.296534017971759,68.03594351732991,32.30769230769231
2517000,2454,307,263,59,31,8,188,48,10,29,4,1,20.50740833761601,1.9558303886925794,Germany,85.66775244299674,19.218241042345277,61.23778501628665,20.833333333333336
2517001,2450,482,399,97,70,36,349,74,20,56,12,0,20.2075731178492,3.6057347670250897,Germany,82.78008298755186,20.12448132780083,72.40663900414937,27.027027027027028
2517001,2482,304,227,86,43,26,191,79,20,60,22,2,21.838841544525,2.2639087018544934,Germany,74.67105263157895,28.289473684210524,62.82894736842105,25.31645569620253
2517002,2457,490,418,73,55,27,357,52,18,44,12,2,18.80673415350313,2.3200455580865604,Germany,85.3061224489796,14.897959183673471,72.85714285714285,34.61538461538461
2517002,2463,385,299,76,68,38,247,64,19,51,12,1,19.29433483641845,4.80794701986755,Germany,77.66233766233766,19.74025974025974,64.15584415584415,29.6875
2517003,2443,354,273,92,70,27,243,85,19,55,14,1,20.227988680646497,3.0681520314547837,Germany,77.11864406779661,25.98870056497175,68.64406779661016,22.35294117647059
2517003,2975,478,405,73,66,20,300,62,19,61,7,1,17.55785559720498,3.6065192083818394,Germany,84.72803347280335,15.271966527196653,62.76150627615063,30.64516129032258
2517004,2447,478,391,63,67,32,345,84,23,57,11,0,17.897302800088486,3.3785377358490565,Germany,81.79916317991632,13.179916317991633,72.17573221757321,27.380952380952383
2517004,2449,336,284,57,53,24,240,69,25,51,11,1,18.31972438090628,3.2094972067039107,Germany,84.52380952380952,16.964285714285715,71.42857142857143,36.231884057971016
2517005,2446,505,445,78,58,24,359,79,26,38,11,4,18.385397698143482,1.937799043062201,Germany,88.11881188118812,15.445544554455445,71.08910891089108,32.91139240506329
2517005,2462,420,364,72,49,18,247,44,14,47,7,1,19.86693709470232,3.5201668984700976,Germany,86.66666666666667,17.142857142857142,58.80952380952381,31.818181818181817
2517006,2453,361,280,92,53,25,245,64,17,68,10,0,20.497998682312495,3.7092391304347827,Germany,77.5623268698061,25.48476454293629,67.86703601108033,26.5625
2517006,2460,350,275,75,48,22,232,59,24,44,11,1,21.14245871020456,3.3237311385459534,Germany,78.57142857142857,21.428571428571427,66.28571428571428,40.67796610169492
2517007,2451,481,413,68,54,25,285,55,29,51,14,0,19.078717578099447,1.56993006993007,Germany,85.86278586278586,14.137214137214137,59.25155925155925,52.72727272727272
2517007,2481,266,198,63,37,12,194,69,14,61,8,0,18.271894011000814,3.3212520593080725,Germany,74.43609022556392,23.684210526315788,72.93233082706767,20.28985507246377
2517008,2445,442,376,76,49,24,287,46,21,56,9,1,17.732501782756263,3.2161172161172162,Germany,85.06787330316742,17.194570135746606,64.93212669683258,45.65217391304348
2517008,2455,400,319,80,73,23,291,65,21,51,8,1,18.05010488414707,4.302477183833116,Germany,79.75,20.0,72.75,32.30769230769231
2517009,2446,450,371,54,62,29,283,81,31,45,9,0,18.441808943910683,2.8909313725490198,Germany,82.44444444444444,12.0,62.88888888888889,38.2716049382716
2517009,2447,342,273,61,47,32,228,68,20,48,15,4,19.716710596838325,3.0885714285714285,Germany,79.82456140350878,17.83625730994152,66.66666666666666,29.411764705882355
2517010,2482,430,354,73,62,29,279,71,18,37,13,5,19.363314803350434,3.635743519781719,Germany,82.32558139534883,16.97674418604651,64.88372093023256,25.352112676056336
2517010,2975,508,443,62,74,28,334,50,19,45,13,1,18.298347443811146,2.4398092967818834,Germany,87.20472440944881,12.204724409448819,65.74803149606299,38.0
2517011,2449,354,286,79,49,33,252,65,17,40,18,2,18.664938992404217,4.821106821106821,Germany,80.7909604519774,22.316384180790962,71.1864406779661,26.153846153846157
2517011,2463,508,426,79,68,27,349,84,9,55,8,1,18.7569907644926,3.207331042382589,Germany,83.85826771653542,15.551181102362206,68.7007874015748,10.714285714285714
2517012,2451,355,287,65,45,20,240,70,10,46,7,0,18.182753931639386,3.3085271317829457,Germany,80.84507042253522,18.30985915492958,67.6056338028169,14.285714285714285
2517012,2454,537,474,67,50,15,351,50,24,47,11,2,18.361481465324026,1.6848341232227488,Germany,88.26815642458101,12.476722532588454,65.36312849162012,48.0
2517013,2457,401,311,79,56,15,299,88,22,37,3,2,18.50923989454343,3.789261744966443,Germany,77.55610972568579,19.70074812967581,74.56359102244389,25.0
2517013,2462,449,345,89,70,19,286,44,8,42,11,0,19.335034842195387,2.5836680053547525,Germany,76.83741648106904,19.821826280623608,63.69710467706013,18.181818181818183
2517014,2460,422,351,79,75,22,291,56,42,56,7,0,18.65220286286366,2.54,Germany,83.17535545023696,18.72037914691943,68.95734597156398,75.0
2517014,2481,312,236,75,48,26,217,87,34,54,15,2,20.326637375416116,3.0984743411927878,Germany,75.64102564102564,24.03846153846154,69.55128205128204,39.08045977011494
2517015,2450,400,312,92,68,37,272,44,10,60,11,1,20.042519455009685,2.420047732696897,Germany,78.0,23.0,68.0,22.727272727272727
2517015,2453,265,200,63,57,15,167,73,25,58,11,0,19.14721093061094,4.928571428571429,Germany,75.47169811320755,23.77358490566038,63.0188679245283,34.24657534246575
2517016,2444,783,709,128,82,41,544,55,30,40,13,3,27.273481945751648,2.843362831858407,Germany,90.54916985951469,16.347381864623244,69.47637292464879,54.54545454545454
2517016,2455,239,177,47,33,15,148,65,18,52,6,0,32.56810533444619,10.599264705882353,Germany,74.05857740585773,19.665271966527197,61.92468619246861,27.692307692307693
2517017,2443,436,362,84,55,31,303,51,19,41,9,0,18.63097440561535,3.957972805933251,Germany,83.02752293577981,19.26605504587156,69.4954128440367,37.254901960784316
2517017,2445,328,248,63,47,26,221,51,20,57,8,2,19.57774996876086,4.784732824427481,Germany,75.60975609756098,19.20731707317073,67.3780487804878,39.21568627450981
2517018,2444,573,507,85,49,28,364,55,14,34,11,4,18.35888876802848,2.7053469852104666,Germany,88.48167539267016,14.834205933682373,63.525305410122165,25.454545454545453
2517018,2462,379,315,90,54,21,259,66,24,45,10,1,21.296440620859062,3.5473684210526315,Germany,83.11345646437994,23.7467018469657,68.33773087071239,36.36363636363637
2517019,2455,369,311,54,45,25,276,58,35,65,12,1,18.17245978313112,3.3592233009708736,Germany,84.28184281842819,14.634146341463413,74.79674796747967,60.3448275862069
2517019,2482,481,414,77,57,34,320,63,26,38,15,3,19.390976563163036,1.1738594327990135,Germany,86.07068607068608,16.008316008316008,66.52806652806653,41.269841269841265
2517020,2457,447,378,71,66,28,311,67,25,53,6,1,18.81382952624387,3.3656716417910446,Germany,84.56375838926175,15.883668903803134,69.57494407158836,37.3134328358209
2517020,2481,342,273,84,63,22,244,57,24,32,11,2,19.808499708433754,4.8532526475037825,Germany,79.82456140350878,24.561403508771928,71.34502923976608,42.10526315789473
2517021,2453,349,287,55,53,26,225,58,24,47,13,3,19.58441475630144,3.223901098901099,Germany,82.23495702005731,15.759312320916905,64.46991404011462,41.37931034482759
2517021,2463,520,460,104,68,22,334,54,19,36,12,2,19.20261224533163,3.190744920993228,Germany,88.46153846153845,20.0,64.23076923076924,35.18518518518518
2517022,2443,266,194,56,39,22,182,68,16,51,16,1,20.519295676133307,2.1509740259740258,Germany,72.93233082706767,21.052631578947366,68.42105263157895,23.52941176470588
2517022,2447,583,523,109,69,38,430,43,8,42,17,1,20.397667508238595,2.9430449069003286,Germany,89.70840480274443,18.69639794168096,73.75643224699829,18.6046511627907
2517023,2449,260,205,57,36,17,172,84,11,46,9,0,18.50538000688285,4.486223662884927,Germany,78.84615384615384,21.923076923076923,66.15384615384615,13.095238095238097
2517023,2454,746,682,100,83,28,506,64,16,31,11,1,17.057466206393613,3.086997193638915,Germany,91.42091152815014,13.404825737265416,67.828418230563,25.0
2517024,2445,278,204,59,50,12,195,57,14,52,3,1,21.006479000808117,3.2948275862068965,Germany,73.38129496402878,21.223021582733814,70.14388489208633,24.561403508771928
2517024,2446,553,477,88,86,48,389,54,16,49,20,0,19.485764700700837,1.7376344086021505,Germany,86.25678119349006,15.913200723327305,70.34358047016275,29.629629629629626
2517025,2460,264,187,57,35,25,169,84,39,47,15,2,19.926663180295485,3.821752265861027,Germany,70.83333333333334,21.59090909090909,64.01515151515152,46.42857142857143
2517025,2975,414,339,71,77,31,255,78,25,57,6,0,19.529493577177885,3.4460093896713615,Germany,81.88405797101449,17.14975845410628,61.59420289855072,32.05128205128205
2517026,2450,345,280,73,45,28,240,63,14,51,10,2,19.633166806857425,4.772988505747127,Germany,81.15942028985508,21.15942028985507,69.56521739130434,22.22222222222222
2517026,2451,330,263,72,60,19,204,72,21,47,8,0,19.75253079016203,3.633677991137371,Germany,79.6969696969697,21.818181818181817,61.81818181818181,29.166666666666668
2517027,2447,594,508,71,91,58,397,62,29,50,10,1,18.187163732764606,3.09617373319545,Germany,85.52188552188552,11.952861952861953,66.83501683501683,46.774193548387096
2517027,2460,284,215,73,49,23,194,74,14,46,5,2,20.143277410214374,5.998484848484848,Germany,75.70422535211267,25.704225352112676,68.30985915492957,18.91891891891892
2517028,2451,387,307,78,57,20,275,65,13,41,9,1,19.032526532008095,3.9005681818181817,Germany,79.32816537467701,20.155038759689923,71.0594315245478,20.0
2517028,2975,345,265,61,58,26,243,65,21,52,11,4,19.817414960313734,3.576197387518142,Germany,76.81159420289855,17.681159420289855,70.43478260869566,32.30769230769231
2517029,2444,650,582,85,82,53,454,40,13,39,16,3,18.122773382211562,3.2047670639219934,Germany,89.53846153846153,13.076923076923078,69.84615384615384,32.5
2517029,2463,318,267,50,37,21,191,51,7,30,9,0,20.050909850301018,2.803135888501742,Germany,83.9622641509434,15.723270440251572,60.062893081761004,13.725490196078432
2517030,2443,319,225,61,34,26,223,78,15,56,4,0,17.28962918475457,4.4485981308411215,Germany,70.53291536050156,19.122257053291534,69.90595611285266,19.230769230769234
2517030,2446,511,431,71,65,36,376,46,36,44,7,0,17.27000835417504,4.069090909090909,Germany,84.34442270058709,13.894324853228962,73.5812133072407,78.26086956521739
2517031,2453,429,357,63,51,39,297,74,17,43,18,1,17.907673241150537,3.2251572327044027,Germany,83.21678321678321,14.685314685314685,69.23076923076923,22.972972972972975
2517031,2454,441,374,73,51,18,305,45,20,49,15,3,20.04263926456336,1.875615763546798,Germany,84.80725623582767,16.55328798185941,69.1609977324263,44.44444444444444
2517032,2450,488,402,120,78,22,343,59,28,45,11,0,26.735643386679662,2.448160535117057,Germany,82.37704918032787,24.59016393442623,70.28688524590164,47.45762711864407
2517032,2462,277,200,68,47,22,192,76,18,41,14,3,29.19735188877076,3.775757575757576,Germany,72.20216606498195,24.548736462093864,69.31407942238266,23.684210526315788
2517033,2449,271,207,59,40,16,192,57,14,55,12,1,19.700825622085762,4.415037593984962,Germany,76.38376383763837,21.771217712177123,70.84870848708486,24.561403508771928
2517033,2481,527,441,92,74,37,347,62,19,44,12,1,19.728885711536304,2.774410774410774,Germany,83.68121442125236,17.4573055028463,65.84440227703985,30.64516129032258
2517034,2455,293,218,63,44,15,203,65,15,52,11,3,18.80925548638601,3.606886657101865,Germany,74.40273037542661,21.501706484641637,69.28327645051195,23.076923076923077
2517034,2457,407,330,96,68,30,293,62,30,55,14,1,18.971080726456723,3.9184914841849148,Germany,81.08108108108108,23.587223587223587,71.99017199017199,48.38709677419355
2517035,2445,287,224,68,34,20,194,82,14,42,5,2,18.470909509455996,5.409509202453988,Germany,78.04878048780488,23.693379790940767,67.59581881533101,17.073170731707318
2517035,2482,525,446,101,90,58,344,43,16,42,21,0,18.875220049206433,4.5517633674630265,Germany,84.95238095238096,19.238095238095237,65.52380952380953,37.2093023255814
2517036,2444,765,686,123,103,61,558,64,28,42,15,1,19.562257527335134,1.4192377495462796,Germany,89.6732026143791,16.07843137254902,72.94117647058823,43.75
2517036,2445,174,122,38,26,9,112,52,4,38,7,4,22.57341596907675,5.026859504132231,Germany,70.11494252873564,21.839080459770116,64.36781609195403,7.6923076923076925
2517037,2447,571,519,79,61,27,443,51,19,33,10,1,19.44203767025252,2.357561547479484,Germany,90.89316987740806,13.835376532399298,77.5831873905429,37.254901960784316
2517037,2482,486,439,70,48,19,296,66,14,29,11,3,19.095256217421753,1.6585677749360614,Germany,90.3292181069959,14.40329218106996,60.90534979423868,21.21212121212121
2517038,2457,354,300,78,43,14,246,59,24,36,7,2,19.21221902966016,2.825227963525836,Germany,84.7457627118644,22.033898305084744,69.49152542372882,40.67796610169492
2517038,2975,385,335,44,50,29,279,61,13,47,16,6,15.198630440216121,3.7050938337801607,Germany,87.01298701298701,11.428571428571429,72.46753246753246,21.311475409836063
2517039,2453,348,307,63,39,16,221,52,25,45,11,2,19.11788201627538,2.9483500717360114,Germany,88.2183908045977,18.103448275862068,63.50574712643679,48.07692307692308
2517039,2481,409,332,87,67,23,281,54,15,46,4,0,20.280864255656397,3.356521739130435,Germany,81.17359413202934,21.271393643031786,68.7041564792176,27.77777777777778
2517040,2449,371,295,81,61,25,251,86,33,54,10,1,19.438039691622656,2.5327455919395465,Germany,79.51482479784366,21.83288409703504,67.65498652291106,38.372093023255815
2517040,2462,475,373,90,69,18,294,77,22,42,5,0,18.605046007195984,3.4892601431980905,Germany,78.52631578947368,18.947368421052634,61.89473684210526,28.57142857142857
2517041,2446,494,421,85,66,47,340,45,14,42,24,3,20.00746782126084,2.1098398169336385,Germany,85.22267206477733,17.20647773279352,68.82591093117408,31.11111111111111
2517041,2455,400,327,70,54,26,270,84,16,43,10,2,19.169384553064166,4.5032509752925876,Germany,81.75,17.5,67.5,19.047619047619047
2517042,2450,405,335,72,50,28,254,62,11,44,16,1,19.658582373492155,1.3126760563380282,Germany,82.71604938271605,17.77777777777778,62.71604938271606,17.741935483870968
2517042,2454,453,389,65,54,18,260,75,12,42,8,1,18.56946248936657,2.66025641025641,Germany,85.8719646799117,14.348785871964681,57.395143487858725,16.0
2517043,2443,447,364,96,61,29,341,65,19,59,12,2,18.95782180502719,4.201190476190476,Germany,81.4317673378076,21.476510067114095,76.28635346756153,29.230769230769234
2517043,2460,375,292,68,47,24,246,61,19,46,14,1,20.078949701383163,2.7922437673130194,Germany,77.86666666666666,18.133333333333333,65.60000000000001,31.147540983606557
2517044,2451,314,258,83,51,30,214,51,12,36,17,3,22.102018405839008,2.3685897435897436,Germany,82.16560509554141,26.43312101910828,68.15286624203821,23.52941176470588
2517044,2463,477,418,75,59,23,276,50,17,42,5,1,18.97030333891577,2.8558673469387754,Germany,87.63102725366876,15.723270440251572,57.861635220125784,34.0
2565548,682,439,374,67,63,19,292,76,26,54,7,0,21.025822151950845,2.4522875816993466,Spain,85.19362186788155,15.261958997722095,66.51480637813212,34.21052631578947
2565548,695,313,252,73,54,29,222,37,19,51,14,0,22.896951072304123,1.186335403726708,Spain,80.5111821086262,23.322683706070286,70.92651757188499,51.35135135135135
2565549,687,399,337,86,57,21,252,59,21,39,10,2,21.529177481321156,2.8892005610098175,Spain,84.46115288220551,21.553884711779446,63.1578947368421,35.59322033898305
2565549,692,432,367,85,60,24,297,56,19,46,15,2,21.381144253966372,1.2981770833333333,Spain,84.95370370370371,19.675925925925927,68.75,33.92857142857143
2565550,678,513,420,101,75,26,350,45,16,43,12,0,20.902697545873703,2.4223013048635824,Spain,81.87134502923976,19.68810916179337,68.2261208576998,35.55555555555556
2565550,698,270,198,70,62,18,175,67,25,41,6,0,20.621706109509294,4.097682119205298,Spain,73.33333333333333,25.925925925925924,64.81481481481481,37.3134328358209
2565551,679,383,305,66,66,25,232,58,21,41,8,2,22.042982764672054,4.408587257617729,Spain,79.63446475195822,17.232375979112273,60.574412532637076,36.206896551724135
2565551,756,433,368,102,76,27,313,48,20,41,11,2,24.364839154160283,2.618556701030928,Spain,84.98845265588915,23.556581986143186,72.2863741339492,41.66666666666667
2565552,680,586,496,106,81,29,405,65,15,45,10,1,21.136650024114218,1.411764705882353,Spain,84.64163822525597,18.088737201365188,69.11262798634812,23.076923076923077
2565552,691,344,281,73,54,18,231,59,22,42,9,1,20.201337060854282,3.6086309523809526,Spain,81.68604651162791,21.22093023255814,67.15116279069767,37.28813559322034
2565553,683,435,356,80,47,22,303,75,18,52,8,0,20.720567933827773,3.127684964200477,Spain,81.83908045977012,18.39080459770115,69.6551724137931,24.0
2565553,701,348,263,100,74,34,246,66,30,56,12,1,21.894322648727243,5.183098591549296,Spain,75.57471264367817,28.735632183908045,70.6896551724138,45.45454545454545
2565554,676,635,575,75,77,33,437,59,28,42,12,1,18.57575409474581,0.5046632124352332,Spain,90.5511811023622,11.811023622047244,68.81889763779527,47.45762711864407
2565554,684,404,342,67,41,8,283,80,18,40,3,0,19.628863735252178,2.92090395480226,Spain,84.65346534653465,16.584158415841586,70.04950495049505,22.5
2565555,675,624,561,107,69,44,426,63,22,44,13,3,19.66327718967492,3.5585392051557463,Spain,89.90384615384616,17.147435897435898,68.26923076923077,34.92063492063492
2565555,677,286,237,68,38,21,204,77,21,35,12,0,24.179286665416456,4.2,Spain,82.86713286713287,23.776223776223777,71.32867132867133,27.27272727272727
2565556,674,433,370,84,73,28,263,87,42,24,19,1,22.649567028513136,0.8488830486202366,Spain,85.45034642032333,19.399538106235568,60.739030023094685,48.275862068965516
2565556,714,454,394,80,58,16,276,54,22,46,3,0,19.611720720499605,3.0904255319148937,Spain,86.78414096916299,17.62114537444934,60.792951541850215,40.74074074074074
2565557,696,312,237,75,59,17,183,76,32,47,7,0,21.728741006834127,4.0761494252873565,Spain,75.96153846153845,24.03846153846154,58.65384615384615,42.10526315789473
2565557,712,337,260,87,68,16,237,62,29,54,11,1,21.659021976435266,2.196327683615819,Spain,77.1513353115727,25.816023738872403,70.32640949554896,46.774193548387096
2565558,682,300,246,56,34,17,207,94,30,43,6,0,20.75000785131439,1.2833333333333334,Spain,82.0,18.666666666666668,69.0,31.914893617021278
2565558,687,466,407,84,47,33,355,40,12,51,15,3,20.941438411256403,-0.1397712833545108,Spain,87.33905579399142,18.025751072961373,76.1802575107296,30.0
2565559,676,711,644,81,107,52,500,52,26,48,20,2,18.10225577072462,2.9285714285714284,Spain,90.57665260196906,11.39240506329114,70.32348804500702,50.0
2565559,696,253,192,60,26,12,133,88,14,22,7,0,19.778381842617954,3.3225806451612905,Spain,75.8893280632411,23.715415019762844,52.569169960474305,15.909090909090908
2565560,691,457,362,94,62,26,291,49,13,45,13,0,22.426668311120473,1.948297604035309,Spain,79.21225382932167,20.568927789934357,63.67614879649891,26.53061224489796
2565560,712,327,258,75,60,21,224,55,16,38,12,1,22.62922297898999,4.317629179331307,Spain,78.89908256880734,22.93577981651376,68.50152905198776,29.09090909090909
2565561,677,292,232,58,47,17,181,53,9,47,9,2,23.77782293167172,5.229681978798586,Spain,79.45205479452055,19.863013698630137,61.986301369863014,16.9811320754717
2565561,695,384,325,95,52,36,278,38,17,55,20,0,26.165337608399295,0.773371104815864,Spain,84.63541666666666,24.739583333333336,72.39583333333334,44.73684210526316
2565562,679,335,273,62,47,22,222,83,20,34,8,5,20.359444166667036,3.364179104477612,Spain,81.49253731343283,18.507462686567163,66.26865671641791,24.096385542168676
2565562,714,588,526,91,62,21,383,75,33,38,8,1,19.41196751861412,0.6514657980456026,Spain,89.45578231292517,15.476190476190476,65.1360544217687,44.0
2565563,683,424,354,91,62,18,267,62,23,46,7,0,25.871191748771313,4.10803324099723,Spain,83.49056603773585,21.462264150943398,62.97169811320755,37.096774193548384
2565563,756,333,266,98,59,25,233,51,16,49,15,1,28.687060090494743,2.722049689440994,Spain,79.87987987987988,29.429429429429426,69.96996996996997,31.372549019607842
2565564,674,279,229,64,48,18,180,73,21,41,6,2,21.995027008382863,2.892123287671233,Spain,82.07885304659499,22.939068100358423,64.51612903225806,28.767123287671232
2565564,675,559,500,91,79,38,376,42,9,44,20,1,21.817987594891445,0.4867358708189158,Spain,89.44543828264759,16.27906976744186,67.26296958855099,21.428571428571427
2565565,680,445,359,82,79,18,318,75,18,49,7,1,20.03997283618393,5.1307506053268765,Spain,80.67415730337079,18.426966292134832,71.46067415730337,24.0
2565565,698,343,252,86,66,36,238,72,31,59,14,0,22.537523142906103,2.4932432432432434,Spain,73.46938775510205,25.072886297376094,69.38775510204081,43.05555555555556
2565566,684,371,313,99,45,15,277,70,24,34,9,2,22.47595169092935,1.4728340675477238,Spain,84.36657681940702,26.68463611859838,74.66307277628033,34.285714285714285
2565566,692,430,373,75,52,27,295,74,31,50,7,1,20.604909780714614,1.9311740890688258,Spain,86.74418604651163,17.441860465116278,68.6046511627907,41.891891891891895
2565567,678,304,215,92,59,24,237,79,17,46,7,1,22.024883129915867,5.241887905604719,Spain,70.72368421052632,30.263157894736842,77.96052631578947,21.518987341772153
2565567,701,426,339,106,77,22,308,68,15,52,13,0,21.976911656698388,2.6007416563658836,Spain,79.5774647887324,24.88262910798122,72.30046948356808,22.058823529411764
2565568,682,452,397,92,57,26,297,44,10,40,14,3,23.015349795906538,1.8987688098495212,Spain,87.83185840707965,20.353982300884958,65.7079646017699,22.727272727272727
2565568,684,468,396,85,59,27,326,55,17,29,7,1,21.98174397892287,3.371308016877637,Spain,84.61538461538461,18.162393162393162,69.65811965811966,30.909090909090907
2565569,677,323,238,75,43,38,243,82,25,43,7,2,19.73706138103628,3.500709219858156,Spain,73.68421052631578,23.219814241486066,75.23219814241486,30.48780487804878
2565569,687,439,377,66,55,24,290,79,28,39,14,4,18.5142949328794,3.9313725490196076,Spain,85.87699316628702,15.034168564920272,66.05922551252847,35.44303797468354
2565570,674,443,373,89,67,31,296,78,20,38,8,0,20.155574789817315,3.9044117647058822,Spain,84.19864559819413,20.090293453724605,66.81715575620768,25.64102564102564
2565570,679,471,396,77,61,22,345,58,17,48,12,0,18.42633923897123,4.753026634382566,Spain,84.07643312101911,16.348195329087048,73.24840764331209,29.310344827586203
2565571,675,579,498,88,83,54,424,43,20,56,19,1,21.165649227724067,0.16630434782608697,Spain,86.01036269430051,15.198618307426598,73.22970639032815,46.51162790697674
2565571,695,231,181,57,41,8,174,63,21,42,5,1,23.566720437234867,1.39198606271777,Spain,78.35497835497836,24.675324675324674,75.32467532467533,33.33333333333333
2565572,698,261,177,67,66,12,174,68,26,45,8,2,21.513224919943887,6.644518272425249,Spain,67.81609195402298,25.67049808429119,66.66666666666666,38.23529411764706
2565572,712,414,333,101,69,18,326,69,21,54,12,1,24.021219132869806,3.8457772337821297,Spain,80.43478260869566,24.396135265700483,78.74396135265701,30.434782608695656
2565573,692,538,476,113,70,39,338,61,28,49,14,1,23.223244299577203,1.273660205245154,Spain,88.47583643122677,21.00371747211896,62.825278810408925,45.90163934426229
2565573,696,231,176,59,44,11,155,72,24,53,4,0,23.10136971862849,3.963570127504554,Spain,76.19047619047619,25.541125541125542,67.09956709956711,33.33333333333333
2565574,678,353,281,75,52,23,223,73,19,48,5,2,19.476358775710462,4.089051094890511,Spain,79.60339943342775,21.246458923512748,63.172804532577906,26.027397260273972
2565574,756,381,309,97,71,20,261,50,25,40,8,0,19.61224037998844,4.688856729377713,Spain,81.10236220472441,25.45931758530184,68.50393700787401,50.0
2565575,680,509,422,88,64,30,404,79,20,54,11,3,20.117886224145447,2.010649627263046,Spain,82.90766208251473,17.288801571709232,79.3713163064833,25.31645569620253
2565575,701,321,246,62,59,14,230,65,27,49,6,0,19.19377105820775,4.6884561891516,Spain,76.63551401869158,19.314641744548286,71.65109034267913,41.53846153846154
2565576,683,392,319,91,52,26,287,75,37,48,13,1,21.291529060507678,1.516971279373368,Spain,81.37755102040816,23.214285714285715,73.21428571428571,49.333333333333336
2565576,714,392,325,78,42,19,254,56,16,48,10,3,20.610635736467454,3.624839948783611,Spain,82.90816326530613,19.897959183673468,64.79591836734694,28.57142857142857
2565577,676,695,634,110,62,38,520,43,14,52,16,5,19.1337546665262,0.8349514563106796,Spain,91.22302158273381,15.827338129496402,74.82014388489209,32.55813953488372
2565577,691,183,129,42,31,15,124,65,30,39,8,0,18.908972507458383,3.050955414012739,Spain,70.49180327868852,22.950819672131146,67.75956284153006,46.15384615384615
2565578,678,367,301,76,51,23,254,73,34,39,9,0,20.170206684021082,3.7094499294781382,Spain,82.01634877384197,20.708446866485016,69.20980926430518,46.57534246575342
2565578,714,450,372,84,62,20,316,57,16,53,10,1,20.46330350613324,2.1731493099121706,Spain,82.66666666666667,18.666666666666668,70.22222222222221,28.07017543859649
2565579,680,471,406,74,67,21,320,78,20,41,10,1,18.546152885819513,3.950413223140496,Spain,86.1995753715499,15.711252653927813,67.94055201698514,25.64102564102564
2565579,756,367,307,109,57,28,249,73,28,55,8,0,23.15807058165202,3.076294277929155,Spain,83.65122615803816,29.70027247956403,67.8474114441417,38.35616438356164
2565580,676,637,575,100,111,38,405,47,27,52,6,2,20.932046300310386,2.918,Spain,90.2668759811617,15.698587127158556,63.57927786499214,57.446808510638306
2565580,698,232,167,75,44,17,172,62,12,36,11,1,22.968289773424196,3.9444444444444446,Spain,71.98275862068965,32.327586206896555,74.13793103448276,19.35483870967742
2565581,677,275,214,47,46,17,191,72,24,37,9,1,18.849969609251115,4.312091503267974,Spain,77.81818181818181,17.09090909090909,69.45454545454545,33.33333333333333
2565581,684,447,375,104,50,36,324,62,22,52,14,2,21.75202124182717,1.938875305623472,Spain,83.89261744966443,23.2662192393736,72.48322147651007,35.483870967741936
2565582,701,349,258,110,60,19,257,62,25,67,5,1,22.136191341241275,3.3558441558441556,Spain,73.92550143266476,31.51862464183381,73.63896848137536,40.32258064516129
2565582,712,239,155,74,61,15,177,70,16,68,5,0,21.40448049023872,6.471726190476191,Spain,64.85355648535564,30.962343096234306,74.05857740585773,22.857142857142858
2565583,675,443,371,79,64,37,353,69,23,42,16,2,20.669948936659033,3.879245283018868,Spain,83.7471783295711,17.83295711060948,79.68397291196389,33.33333333333333
2565583,687,443,387,72,40,27,300,64,20,36,10,1,19.93961937291599,2.1020408163265305,Spain,87.3589164785553,16.252821670428894,67.72009029345372,31.25
2565584,682,403,350,62,59,27,304,88,36,42,14,3,22.470343019432548,3.2258883248730963,Spain,86.848635235732,15.384615384615385,75.43424317617865,40.909090909090914
2565584,696,351,288,91,47,14,234,59,13,48,13,0,23.940263550021637,0.594311377245509,Spain,82.05128205128204,25.925925925925924,66.66666666666666,22.033898305084744
2565585,691,309,251,52,45,14,232,83,15,50,8,2,17.957981345220322,3.446559297218155,Spain,81.22977346278317,16.828478964401295,75.08090614886731,18.072289156626507
2565585,692,580,502,108,66,28,379,58,16,48,9,1,18.693175550365954,3.5172413793103448,Spain,86.55172413793103,18.620689655172416,65.3448275862069,27.586206896551722
2565586,679,621,536,88,77,36,424,45,19,48,15,1,19.983487979849123,1.2648008611410118,Spain,86.31239935587762,14.170692431561996,68.27697262479872,42.22222222222222
2565586,683,308,244,59,41,14,210,67,31,47,7,0,20.748074763503922,4.734076433121019,Spain,79.22077922077922,19.155844155844157,68.18181818181817,46.26865671641791
2565587,674,418,324,85,79,33,284,65,16,50,12,1,19.962414368317777,5.4152431011826545,Spain,77.51196172248804,20.334928229665074,67.94258373205741,24.615384615384617
2565587,695,354,279,81,56,26,251,63,32,46,8,1,20.155673149888546,3.6488340192043895,Spain,78.8135593220339,22.88135593220339,70.90395480225989,50.79365079365079
2565588,692,536,462,98,62,25,333,42,10,45,8,1,19.399774389909282,2.6901408450704225,Spain,86.19402985074626,18.28358208955224,62.126865671641795,23.809523809523807
2565588,698,267,188,64,59,29,161,86,29,46,9,1,19.98880107232229,5.488888888888889,Spain,70.4119850187266,23.970037453183522,60.2996254681648,33.72093023255814
2565589,678,508,430,100,72,41,351,72,21,46,8,1,21.03736673297676,2.2187134502923977,Spain,84.64566929133859,19.68503937007874,69.09448818897637,29.166666666666668
2565589,679,385,311,77,59,19,268,43,8,36,11,2,19.913128073142573,3.631054131054131,Spain,80.77922077922078,20.0,69.61038961038962,18.6046511627907
2565590,680,568,484,90,83,43,395,76,29,53,14,1,19.95921904854799,1.35832414553473,Spain,85.2112676056338,15.845070422535212,69.54225352112677,38.15789473684211
2565590,714,396,337,56,53,11,224,49,11,45,4,0,18.67148198266634,3.6587743732590527,Spain,85.1010101010101,14.14141414141414,56.56565656565656,22.448979591836736
2565591,687,541,463,91,90,39,367,71,10,36,9,0,19.30572464944815,3.84478672985782,Spain,85.58225508317929,16.820702402957487,67.8373382624769,14.084507042253522
2565591,695,235,178,47,40,18,158,42,15,49,9,1,19.970323437356946,4.420212765957447,Spain,75.74468085106383,20.0,67.23404255319149,35.714285714285715
2565592,676,579,504,100,53,30,411,37,6,44,9,5,19.14001996366503,2.0741150442477876,Spain,87.04663212435233,17.271157167530223,70.98445595854922,16.216216216216218
2565592,701,374,306,79,69,17,245,83,25,30,12,1,19.54949868408176,3.164963503649635,Spain,81.81818181818183,21.12299465240642,65.50802139037432,30.120481927710845
2565593,682,458,392,83,55,27,344,42,21,37,13,0,19.613255872886853,2.4273399014778323,Spain,85.58951965065502,18.12227074235808,75.10917030567686,50.0
2565593,691,373,299,80,56,24,251,56,15,49,9,0,19.447088094358794,3.844155844155844,Spain,80.16085790884718,21.447721179624665,67.29222520107238,26.785714285714285
2565594,677,389,324,102,71,22,282,40,18,53,11,1,21.85790245007941,2.6642120765832105,Spain,83.29048843187661,26.221079691516707,72.49357326478149,45.0
2565594,696,356,301,61,57,7,245,85,28,51,7,0,19.069704444148858,3.887978142076503,Spain,84.5505617977528,17.134831460674157,68.82022471910112,32.94117647058823
2565595,674,454,394,110,59,26,324,82,21,35,14,5,21.936620972683876,2.6645807259073844,Spain,86.78414096916299,24.229074889867842,71.36563876651982,25.609756097560975
2565595,683,460,374,77,73,24,324,56,13,49,9,0,18.171563455842826,3.335907335907336,Spain,81.30434782608695,16.73913043478261,70.43478260869566,23.214285714285715
2565596,675,549,479,105,77,74,367,60,32,41,23,0,20.23197389513732,0.8604651162790697,Spain,87.24954462659382,19.12568306010929,66.8488160291439,53.333333333333336
2565596,684,358,303,56,46,14,255,62,17,40,10,1,20.616515133937277,5.564963503649635,Spain,84.63687150837988,15.64245810055866,71.22905027932961,27.419354838709676
2565597,712,381,310,92,69,23,272,74,26,57,12,0,20.537175902803252,2.9730423620025674,Spain,81.36482939632546,24.146981627296586,71.39107611548556,35.13513513513514
2565597,756,257,191,67,46,13,174,63,25,51,10,0,18.291738349493286,6.0131147540983605,Spain,74.31906614785993,26.07003891050584,67.70428015564202,39.682539682539684
2565598,675,555,492,81,81,33,417,53,31,52,20,2,18.35999738762076,3.029768467475193,Spain,88.64864864864866,14.594594594594595,75.13513513513513,58.490566037735846
2565598,696,255,206,40,37,10,178,67,18,44,7,1,18.502870459509612,3.236521739130435,Spain,80.7843137254902,15.686274509803921,69.80392156862744,26.865671641791046
2565599,678,457,392,67,71,24,309,68,15,35,7,2,18.71795178021839,3.375598086124402,Spain,85.77680525164114,14.660831509846828,67.6148796498906,22.058823529411764
2565599,683,378,313,80,67,34,264,69,20,39,14,3,20.408421610386267,2.360056258790436,Spain,82.8042328042328,21.164021164021165,69.84126984126983,28.985507246376812
2565600,677,487,421,63,57,25,320,57,10,54,21,1,18.749499637078287,2.561611374407583,Spain,86.44763860369609,12.93634496919918,65.70841889117042,17.543859649122805
2565600,691,284,227,50,30,28,199,74,17,38,13,2,19.903266130309614,2.3899159663865546,Spain,79.92957746478874,17.6056338028169,70.07042253521126,22.972972972972975
2565601,679,316,261,74,44,21,235,60,12,54,12,2,19.801242767124585,1.8906942392909896,Spain,82.59493670886076,23.417721518987342,74.36708860759494,20.0
2565601,680,541,475,70,63,37,361,66,13,45,9,0,17.774968310669724,3.161142857142857,Spain,87.8003696857671,12.939001848428836,66.72828096118299,19.696969696969695
2565602,712,256,189,66,53,22,196,99,17,34,7,2,18.227424838823563,5.2901639344262295,Spain,73.828125,25.78125,76.5625,17.17171717171717
2565602,714,640,568,79,73,33,427,55,14,43,6,0,16.96953220950652,2.3069306930693068,Spain,88.75,12.34375,66.71875,25.454545454545453
2565603,676,519,442,87,69,26,307,66,17,44,7,1,19.06194987861869,3.267792521109771,Spain,85.16377649325626,16.76300578034682,59.15221579961464,25.757575757575758
2565603,756,313,249,68,49,21,197,61,21,42,11,0,20.577663440817194,2.045886075949367,Spain,79.55271565495208,21.72523961661342,62.939297124600635,34.42622950819672
2565604,682,418,350,73,74,26,298,66,24,48,7,0,18.433680884417743,2.788860103626943,Spain,83.73205741626795,17.464114832535884,71.29186602870813,36.36363636363637
2565604,698,278,203,79,47,18,194,69,14,52,15,4,22.003661811465854,2.7672955974842766,Spain,73.02158273381295,28.41726618705036,69.7841726618705,20.28985507246377
2565605,684,630,580,91,59,31,428,40,15,31,12,4,19.817083064959053,1.72136563876652,Spain,92.06349206349206,14.444444444444443,67.93650793650794,37.5
2565605,695,271,223,56,35,22,197,59,21,42,7,0,18.767720679781505,2.944547134935305,Spain,82.28782287822878,20.66420664206642,72.69372693726937,35.59322033898305
2565606,692,438,333,103,67,24,285,57,9,54,9,3,20.28000794654937,5.83794466403162,Spain,76.02739726027397,23.515981735159816,65.06849315068493,15.789473684210526
2565606,701,434,324,128,101,29,317,58,27,45,6,0,22.01788853986763,4.511873350923483,Spain,74.65437788018433,29.493087557603687,73.04147465437788,46.55172413793103
2565607,674,334,279,55,44,26,202,76,13,38,12,3,18.813254091337072,3.312307692307692,Spain,83.53293413173652,16.46706586826347,60.47904191616767,17.105263157894736
2565607,687,492,427,68,79,34,373,47,22,47,13,2,18.953648418128207,1.6675324675324674,Spain,86.78861788617887,13.821138211382115,75.8130081300813,46.808510638297875
2565608,674,284,234,52,37,17,182,58,17,51,9,2,18.67684751076937,3.7984848484848484,Spain,82.3943661971831,18.30985915492958,64.08450704225352,29.310344827586203
2565608,678,456,389,77,66,23,305,74,22,39,14,2,18.30410302792576,3.947630922693267,Spain,85.30701754385966,16.885964912280702,66.8859649122807,29.72972972972973
2565609,675,640,580,102,79,53,433,37,19,38,22,2,20.816906771212164,0.5280665280665281,Spain,90.625,15.937499999999998,67.65625,51.35135135135135
2565609,691,338,280,69,41,22,247,48,12,34,6,0,21.18270300788735,2.930976430976431,Spain,82.84023668639054,20.414201183431953,73.07692307692307,25.0
2565610,679,550,463,102,93,31,374,66,30,46,8,0,18.833912603972454,4.465016146393972,Spain,84.18181818181819,18.545454545454547,68.0,45.45454545454545
2565610,712,353,266,70,51,29,251,72,21,41,6,0,18.36219543115203,5.390041493775934,Spain,75.3541076487252,19.8300283286119,71.10481586402267,29.166666666666668
2565611,684,357,291,59,45,14,244,76,23,41,9,4,19.725695008080443,2.960902255639098,Spain,81.5126050420168,16.5266106442577,68.34733893557423,30.263157894736842
2565611,687,431,372,60,77,39,307,43,14,57,17,4,20.298420057263886,1.0503311258278145,Spain,86.3109048723898,13.921113689095128,71.22969837587007,32.55813953488372
2565612,692,535,472,81,56,21,314,53,16,41,13,2,19.595518859877007,1.6869772998805257,Spain,88.22429906542057,15.14018691588785,58.69158878504673,30.18867924528302
2565612,756,270,210,45,40,14,187,62,24,38,9,3,18.72481010050505,3.8624338624338623,Spain,77.77777777777779,16.666666666666664,69.25925925925925,38.70967741935484
2565613,680,533,446,86,77,30,369,73,17,46,11,1,19.656823394903054,1.7076411960132891,Spain,83.67729831144464,16.135084427767353,69.23076923076923,23.28767123287671
2565613,683,279,219,58,39,14,192,65,21,59,9,0,18.69019470330686,4.872274143302181,Spain,78.49462365591397,20.78853046594982,68.81720430107528,32.30769230769231
2565614,695,454,382,101,77,28,324,51,15,58,10,0,21.228957255461545,1.5258397932816536,Spain,84.14096916299559,22.24669603524229,71.36563876651982,29.411764705882355
2565614,696,240,191,54,39,13,153,69,20,54,7,2,19.988347228163914,4.444073455759599,Spain,79.58333333333333,22.5,63.74999999999999,28.985507246376812
2565615,676,492,427,73,60,49,340,49,17,36,19,3,19.894182639618847,0.22249690976514216,Spain,86.78861788617887,14.83739837398374,69.10569105691057,34.69387755102041
2565615,714,539,476,68,40,25,341,64,12,37,7,0,18.058816885005196,1.8803827751196172,Spain,88.31168831168831,12.615955473098332,63.26530612244898,18.75
2565616,682,519,439,102,67,36,351,63,28,51,11,2,19.691024928308476,1.7052023121387283,Spain,84.58574181117534,19.653179190751445,67.63005780346822,44.44444444444444
2565616,701,342,278,70,67,14,250,53,16,51,7,0,19.254461927879678,3.7019089574155655,Spain,81.28654970760235,20.46783625730994,73.09941520467837,30.18867924528302
2565617,677,430,342,74,63,31,308,48,14,61,14,2,18.844361620832945,2.1915945611866503,Spain,79.53488372093022,17.209302325581397,71.62790697674419,29.166666666666668
2565617,698,237,159,55,49,18,173,84,24,56,9,1,17.308847304456087,4.923076923076923,Spain,67.08860759493672,23.20675105485232,72.9957805907173,28.57142857142857
2565618,682,389,327,63,42,18,246,81,15,41,10,2,17.73408298910679,3.5778688524590163,Spain,84.06169665809769,16.195372750642672,63.239074550128535,18.51851851851852
2565618,756,368,300,120,66,40,263,34,24,55,23,1,23.86728271639958,0.7734487734487735,Spain,81.52173913043478,32.608695652173914,71.46739130434783,70.58823529411765
2565619,675,538,461,73,61,30,388,55,20,59,15,2,17.402638953126303,3.4905869324473975,Spain,85.68773234200744,13.568773234200743,72.11895910780669,36.36363636363637
2565619,698,239,174,42,39,20,173,74,17,42,7,1,17.850694570532468,3.5607142857142855,Spain,72.80334728033473,17.573221757322173,72.38493723849372,22.972972972972975
2565620,674,359,303,51,41,24,213,64,12,41,12,6,18.63291303081946,3.5374045801526717,Spain,84.40111420612814,14.206128133704734,59.33147632311978,18.75
2565620,684,510,442,61,54,36,364,49,16,42,10,3,18.827373664726554,1.221951219512195,Spain,86.66666666666667,11.96078431372549,71.37254901960785,32.6530612244898
2565621,677,337,260,77,52,26,252,54,21,49,8,0,20.573397571102255,5.626506024096385,Spain,77.1513353115727,22.8486646884273,74.77744807121661,38.88888888888889
2565621,701,436,338,116,85,25,325,60,20,58,10,0,22.22253245246412,2.8550531914893615,Spain,77.52293577981652,26.605504587155966,74.54128440366972,33.33333333333333
2565622,678,261,193,63,51,28,183,59,27,41,13,1,20.76167741646223,3.168539325842697,Spain,73.9463601532567,24.137931034482758,70.11494252873564,45.76271186440678
2565622,680,409,337,68,61,36,254,75,22,49,13,0,18.609186583553022,3.1815950920245397,Spain,82.3960880195599,16.625916870415647,62.10268948655256,29.333333333333332
2565623,687,635,569,92,81,29,445,59,14,54,11,2,17.2919459469556,2.624,Spain,89.60629921259843,14.488188976377952,70.07874015748031,23.728813559322035
2565623,696,209,157,49,36,19,145,71,17,43,8,0,18.032557389127533,4.135869565217392,Spain,75.11961722488039,23.444976076555022,69.377990430622,23.943661971830984
2565624,683,369,292,76,53,16,258,72,25,55,11,0,18.29489008960434,3.0517464424320826,Spain,79.13279132791328,20.59620596205962,69.91869918699187,34.72222222222222
2565624,712,290,218,74,48,24,208,82,23,51,16,2,19.32240726359426,4.761834319526627,Spain,75.17241379310344,25.517241379310345,71.72413793103448,28.04878048780488
2565625,691,427,335,112,78,40,302,43,11,52,16,0,23.373123343571343,1.8272251308900525,Spain,78.4543325526932,26.229508196721312,70.72599531615926,25.581395348837212
2565625,695,302,226,76,60,21,196,66,26,45,13,0,20.34905385968255,4.722049689440993,Spain,74.83443708609272,25.165562913907287,64.90066225165563,39.39393939393939
2565626,676,708,636,92,107,44,505,58,25,36,13,1,18.445135063600883,3.701285855588526,Spain,89.83050847457628,12.994350282485875,71.32768361581921,43.103448275862064
2565626,679,320,259,44,44,10,213,83,15,38,5,1,18.628983943450002,3.9936305732484074,Spain,80.9375,13.750000000000002,66.5625,18.072289156626507
2565627,692,334,278,63,34,15,263,54,10,37,12,5,20.652051138579125,2.037643207855974,Spain,83.23353293413174,18.862275449101794,78.74251497005989,18.51851851851852
2565627,714,468,412,63,60,42,293,50,28,47,22,2,20.6904352008614,0.5183727034120735,Spain,88.03418803418803,13.461538461538462,62.60683760683761,56.00000000000001
2565628,695,352,281,80,57,15,269,69,26,53,5,1,17.76082383913161,4.295125164690382,Spain,79.82954545454545,22.727272727272727,76.42045454545455,37.68115942028986
2565628,698,340,266,76,56,26,238,80,23,56,9,1,17.85177719733083,5.07095046854083,Spain,78.23529411764706,22.35294117647059,70.0,28.749999999999996
2565629,676,687,627,105,80,35,481,41,21,34,11,2,18.33253355923168,1.5247524752475248,Spain,91.26637554585153,15.283842794759824,70.01455604075691,51.21951219512195
2565629,683,353,297,57,43,17,265,68,17,32,12,0,19.278448933557794,4.084260731319555,Spain,84.13597733711048,16.147308781869686,75.07082152974505,25.0
2565630,682,496,426,74,65,40,308,76,29,36,24,3,19.861469872690822,1.1518072289156627,Spain,85.88709677419355,14.919354838709678,62.096774193548384,38.15789473684211
2565630,714,447,393,50,54,27,274,61,21,49,15,0,17.423575311370886,2.670761670761671,Spain,87.91946308724832,11.185682326621924,61.297539149888145,34.42622950819672
2565631,677,484,398,77,81,35,357,47,21,56,10,0,19.293836349929,2.0615942028985508,Spain,82.23140495867769,15.909090909090908,73.7603305785124,44.680851063829785
2565631,756,293,233,61,34,20,213,66,15,45,11,1,19.478255301262354,4.564341085271318,Spain,79.5221843003413,20.819112627986346,72.6962457337884,22.727272727272727
2565632,674,380,326,71,46,25,253,47,14,49,16,4,20.809669988017156,2.6186440677966103,Spain,85.78947368421052,18.684210526315788,66.57894736842105,29.78723404255319
2565632,680,343,283,45,57,28,243,68,24,48,15,0,18.51566850421688,3.7455882352941177,Spain,82.5072886297376,13.119533527696792,70.8454810495627,35.294117647058826
2565633,675,594,516,83,65,36,423,64,12,41,14,2,18.529362728434993,2.0589496248660235,Spain,86.86868686868688,13.973063973063974,71.21212121212122,18.75
2565633,701,427,358,79,56,31,303,54,23,42,10,0,19.607283661367077,3.3615279672578446,Spain,83.8407494145199,18.501170960187356,70.96018735362998,42.592592592592595
2565634,684,565,506,79,65,30,395,63,17,40,10,1,19.19443065403391,2.4312573443008225,Spain,89.5575221238938,13.982300884955754,69.91150442477876,26.984126984126984
2565634,696,239,183,46,37,18,153,63,15,46,5,0,18.79831407546303,3.789279112754159,Spain,76.56903765690377,19.246861924686193,64.01673640167364,23.809523809523807
2565635,678,437,351,107,76,25,279,85,23,46,7,0,19.695720841959012,3.581423401688782,Spain,80.32036613272311,24.485125858123567,63.84439359267735,27.058823529411764
2565635,712,264,204,68,42,9,180,87,22,53,14,1,19.394571733311746,2.7960893854748603,Spain,77.27272727272727,25.757575757575758,68.18181818181817,25.287356321839084
2565636,687,546,477,104,75,30,393,46,29,56,14,1,20.414605048471724,1.1592920353982301,Spain,87.36263736263736,19.047619047619047,71.97802197802197,63.04347826086957
2565636,691,321,257,64,41,8,247,89,17,41,3,1,19.27329384058614,3.394453004622496,Spain,80.06230529595015,19.937694704049843,76.94704049844236,19.101123595505616
2565637,679,288,237,44,32,8,189,77,19,43,4,1,17.557029416355583,2.4054878048780486,Spain,82.29166666666666,15.277777777777779,65.625,24.675324675324674
2565637,692,615,542,81,80,32,455,54,16,40,15,0,18.415733625544,0.7018299246501615,Spain,88.13008130081302,13.170731707317074,73.98373983739837,29.629629629629626
2565638,674,397,311,87,54,24,289,65,26,48,6,1,19.141307398822068,3.2373333333333334,Spain,78.33753148614609,21.91435768261965,72.79596977329975,40.0
2565638,696,316,252,69,49,15,203,78,28,58,14,1,20.096946357549374,2.104734576757532,Spain,79.74683544303798,21.835443037974684,64.24050632911393,35.8974358974359
2565639,680,507,420,56,65,26,331,76,20,46,9,2,17.17757917721467,2.9056603773584904,Spain,82.84023668639054,11.045364891518737,65.28599605522683,26.31578947368421
2565639,712,287,207,67,58,22,217,75,36,60,7,0,18.089303334010022,4.949704142011834,Spain,72.12543554006969,23.34494773519164,75.60975609756098,48.0
2565640,683,292,238,42,43,20,230,66,26,40,12,1,17.185478771692143,1.975,Spain,81.5068493150685,14.383561643835616,78.76712328767124,39.39393939393939
2565640,692,535,473,71,47,17,371,55,13,41,8,1,17.630461065028868,3.1145833333333335,Spain,88.41121495327103,13.271028037383179,69.34579439252336,23.636363636363637
2565641,684,561,488,71,59,18,385,51,16,42,6,0,17.39206593413951,3.054083885209713,Spain,86.98752228163993,12.655971479500892,68.62745098039215,31.372549019607842
2565641,691,358,275,81,53,32,270,53,14,48,9,1,19.548464065625645,2.864705882352941,Spain,76.81564245810057,22.62569832402235,75.41899441340783,26.41509433962264
2565642,679,379,323,73,55,27,267,65,23,47,17,1,19.318586582105254,1.1540436456996148,Spain,85.22427440633246,19.261213720316622,70.44854881266491,35.38461538461539
2565642,682,455,374,52,50,22,282,70,22,42,11,1,17.090830943743807,2.7781818181818183,Spain,82.19780219780219,11.428571428571429,61.97802197802198,31.428571428571427
2565643,677,329,264,59,65,23,234,87,26,42,10,2,18.746716565194006,3.93205317577548,Spain,80.24316109422493,17.933130699088146,71.12462006079028,29.88505747126437
2565643,714,575,502,84,54,29,413,66,21,49,12,1,18.17444851174381,1.6598272138228942,Spain,87.30434782608695,14.608695652173914,71.82608695652173,31.818181818181817
2565644,675,532,447,61,59,52,328,63,20,54,14,1,17.369475157176385,3.312780269058296,Spain,84.02255639097744,11.466165413533833,61.65413533834586,31.746031746031743
2565644,756,323,267,62,42,22,226,79,30,39,15,2,20.30503781730206,2.0937042459736457,Spain,82.6625386996904,19.195046439628484,69.96904024767801,37.9746835443038
2565645,687,402,339,84,46,17,292,69,19,50,12,1,19.298017576733688,4.383248730964467,Spain,84.32835820895522,20.8955223880597,72.636815920398,27.536231884057973
2565645,698,305,234,91,65,38,227,80,32,53,7,1,21.066736657312926,3.641566265060241,Spain,76.72131147540983,29.836065573770494,74.42622950819671,40.0
2565646,695,234,158,50,40,14,175,79,16,58,3,2,18.05624107975045,4.951907131011609,Spain,67.52136752136752,21.367521367521366,74.78632478632478,20.253164556962027
2565646,701,575,486,121,92,37,425,54,26,58,13,1,20.826797643732625,1.5418933623503808,Spain,84.52173913043478,21.043478260869566,73.91304347826086,48.148148148148145
2565647,676,510,429,60,55,29,352,61,18,48,14,2,17.68896388612767,2.5812356979405036,Spain,84.11764705882354,11.76470588235294,69.01960784313725,29.508196721311474
2565647,678,331,258,68,66,32,231,78,31,43,17,0,20.881894881480008,1.2863309352517986,Spain,77.94561933534743,20.54380664652568,69.78851963746223,39.743589743589745
2565648,684,674,591,95,97,34,442,43,12,36,11,2,19.308205133163735,2.455775234131113,Spain,87.68545994065282,14.094955489614245,65.57863501483679,27.906976744186046
2565648,698,215,150,56,45,20,171,65,12,39,8,2,19.246482319810305,4.99412915851272,Spain,69.76744186046511,26.046511627906977,79.53488372093022,18.461538461538463
2565649,687,419,344,78,38,16,294,55,12,49,8,3,20.865058775553294,2.1266666666666665,Spain,82.10023866348448,18.615751789976134,70.16706443914082,21.818181818181817
2565649,701,397,313,78,73,22,298,79,27,55,10,1,20.185703066919952,3.5640326975476837,Spain,78.84130982367759,19.64735516372796,75.06297229219143,34.177215189873415
2565650,678,405,324,92,64,34,275,73,38,51,13,1,18.173651552575148,3.527431421446384,Spain,80.0,22.71604938271605,67.90123456790124,52.054794520547944
2565650,692,406,332,66,44,17,249,63,10,48,9,3,18.60159979053429,3.0617760617760617,Spain,81.77339901477832,16.25615763546798,61.330049261083744,15.873015873015872
2565651,691,446,381,60,59,24,308,45,17,66,8,0,18.037882832949414,2.803594351732991,Spain,85.42600896860986,13.452914798206278,69.05829596412556,37.77777777777778
2565651,696,249,204,65,35,13,179,77,24,37,16,1,19.73632658112832,2.4336569579288025,Spain,81.92771084337349,26.104417670682732,71.8875502008032,31.16883116883117
2565652,695,412,338,77,60,27,279,46,17,55,6,1,20.87416206119418,3.375,Spain,82.03883495145631,18.689320388349515,67.71844660194175,36.95652173913043
2565652,756,442,369,93,67,26,313,57,12,39,9,2,19.793938039022024,4.880952380952381,Spain,83.48416289592761,21.040723981900452,70.81447963800905,21.052631578947366
2565653,676,572,502,78,85,45,339,59,18,35,17,2,18.83637780119385,1.9686800894854586,Spain,87.76223776223776,13.636363636363635,59.265734265734274,30.508474576271187
2565653,680,519,446,66,64,19,346,101,21,36,8,1,17.590290865143906,3.290516206482593,Spain,85.9344894026975,12.716763005780345,66.66666666666666,20.792079207920793
2565654,682,469,367,85,70,37,337,71,30,53,11,2,19.129076036725483,2.3225419664268587,Spain,78.25159914712152,18.123667377398718,71.85501066098081,42.25352112676056
2565654,683,360,284,63,62,21,272,55,26,63,10,0,18.60610981000112,3.8453900709219857,Spain,78.88888888888889,17.5,75.55555555555556,47.27272727272727
2565655,677,415,316,87,70,23,315,55,25,49,12,0,19.119711390358685,2.9910371318822024,Spain,76.144578313253,20.96385542168675,75.90361445783132,45.45454545454545
2565655,679,383,297,54,62,20,257,69,16,51,9,0,17.192138001883304,4.270053475935829,Spain,77.54569190600522,14.099216710182768,67.1018276762402,23.18840579710145
2565656,674,530,455,77,58,21,328,52,11,29,11,1,19.16398148890767,2.8489892984542213,Spain,85.84905660377359,14.528301886792452,61.886792452830186,21.153846153846153
2565656,712,366,288,69,56,26,252,69,22,45,10,0,18.440864740833128,3.923299565846599,Spain,78.68852459016394,18.852459016393443,68.85245901639344,31.88405797101449
2565657,675,641,570,81,109,53,479,81,35,36,24,3,19.176084560303348,-0.012072434607645875,Spain,88.9235569422777,12.636505460218409,74.72698907956318,43.20987654320987
2565657,714,438,375,48,45,15,289,67,8,42,3,0,17.700319350349435,2.2490221642764014,Spain,85.61643835616438,10.95890410958904,65.98173515981736,11.940298507462686
2565658,676,574,496,85,59,32,394,59,13,46,12,3,17.354603151733517,3.080628272251309,Spain,86.41114982578398,14.80836236933798,68.6411149825784,22.033898305084744
2565658,712,255,189,55,44,25,196,73,32,42,16,0,18.481469230710456,3.6462585034013606,Spain,74.11764705882354,21.568627450980394,76.86274509803923,43.83561643835616
2565659,684,507,432,88,59,12,316,38,4,43,4,0,20.322503443534412,2.8320802005012533,Spain,85.20710059171599,17.357001972386588,62.327416173570015,10.526315789473683
2565659,701,403,327,85,57,35,306,64,24,37,16,3,21.45270361003685,1.9061166429587482,Spain,81.14143920595534,21.09181141439206,75.93052109181141,37.5
2565660,678,367,292,89,69,47,289,55,26,51,15,1,21.668709631223948,0.1491108071135431,Spain,79.56403269754769,24.250681198910083,78.7465940054496,47.27272727272727
2565660,682,415,341,70,44,18,291,82,16,42,6,1,18.942299143657873,2.1776913099870296,Spain,82.16867469879519,16.867469879518072,70.12048192771084,19.51219512195122
2565661,680,550,474,72,85,29,396,76,23,45,12,2,17.96242152611312,2.240780911062907,Spain,86.18181818181819,13.090909090909092,72.0,30.263157894736842
2565661,692,507,438,97,56,25,318,71,21,36,10,1,17.824125817738278,3.4531791907514453,Spain,86.3905325443787,19.13214990138067,62.721893491124256,29.577464788732392
2565662,677,408,328,86,55,21,282,70,21,48,12,2,19.11778764757743,4.057441253263708,Spain,80.3921568627451,21.07843137254902,69.11764705882352,30.0
2565662,683,354,288,78,55,20,249,53,22,48,12,3,20.24475998356484,2.910557184750733,Spain,81.35593220338984,22.033898305084744,70.33898305084746,41.509433962264154
2565663,674,469,393,78,56,22,308,71,31,46,9,2,18.743239700498176,3.036729857819905,Spain,83.7953091684435,16.631130063965884,65.67164179104478,43.66197183098591
2565663,691,423,323,83,63,43,289,73,24,38,12,0,19.508190843625773,2.6358839050131926,Spain,76.35933806146572,19.62174940898345,68.32151300236407,32.87671232876712
2565664,675,647,571,102,75,46,476,57,27,49,11,0,18.313890302931885,3.2085354025218233,Spain,88.25347758887172,15.765069551777433,73.57032457496136,47.368421052631575
2565664,679,336,268,58,37,23,244,79,29,33,7,0,18.095440724621294,3.120178041543027,Spain,79.76190476190477,17.261904761904763,72.61904761904762,36.708860759493675
2565665,695,325,265,56,49,18,230,72,29,43,9,2,17.945986692455733,3.4821958456973294,Spain,81.53846153846153,17.23076923076923,70.76923076923077,40.27777777777778
2565665,714,536,460,82,69,37,317,70,21,54,8,0,17.38183764424275,2.3529411764705883,Spain,85.82089552238806,15.298507462686567,59.14179104477611,30.0
2565666,687,322,257,58,36,16,206,65,20,58,11,1,17.55634727088173,4.515021459227468,Spain,79.8136645962733,18.012422360248447,63.975155279503106,30.76923076923077
2565666,756,415,338,86,64,32,292,80,32,38,12,1,17.93082827591516,2.90897597977244,Spain,81.44578313253012,20.722891566265062,70.36144578313252,40.0
2565667,696,408,329,74,63,14,281,84,20,55,9,1,18.676790124705104,3.750938673341677,Spain,80.63725490196079,18.137254901960784,68.87254901960785,23.809523809523807
2565667,698,298,232,64,47,22,205,83,28,43,11,3,18.747566778845602,3.302521008403361,Spain,77.85234899328859,21.476510067114095,68.79194630872483,33.734939759036145
2565668,691,388,286,73,71,26,280,70,13,45,8,1,19.950106140639136,4.087201125175809,Spain,73.71134020618557,18.814432989690722,72.16494845360825,18.571428571428573
2565668,698,388,294,104,81,21,248,69,29,51,7,0,19.306519918761243,4.899477806788512,Spain,75.77319587628865,26.804123711340207,63.91752577319587,42.028985507246375
2565669,679,550,487,68,63,19,388,90,15,37,16,4,17.675591442141812,3.125,Spain,88.54545454545455,12.363636363636363,70.54545454545455,16.666666666666664
2565669,695,447,387,89,61,18,330,57,15,44,12,0,19.656866174278477,2.0089514066496164,Spain,86.57718120805369,19.910514541387027,73.8255033557047,26.31578947368421
2565670,680,483,422,81,67,26,321,75,18,41,13,2,19.192515307140706,4.106024096385542,Spain,87.37060041407867,16.77018633540373,66.45962732919256,24.0
2565670,682,409,344,74,58,32,268,81,31,46,15,2,20.935752367708925,2.556701030927835,Spain,84.10757946210269,18.09290953545232,65.52567237163814,38.2716049382716
2565671,677,420,327,109,59,35,329,68,14,48,13,2,19.876976210382782,2.9922680412371134,Spain,77.85714285714286,25.952380952380956,78.33333333333333,20.588235294117645
2565671,678,413,331,83,67,25,256,54,15,57,11,2,18.559524550451233,3.340616966580977,Spain,80.1452784503632,20.09685230024213,61.98547215496368,27.77777777777778
2565672,674,304,242,40,38,22,194,66,17,32,8,1,17.599787344099138,3.1847133757961785,Spain,79.60526315789474,13.157894736842104,63.81578947368421,25.757575757575758
2565672,676,738,647,68,81,38,501,68,29,43,11,1,15.214729170833749,2.9554502369668247,Spain,87.66937669376695,9.214092140921409,67.88617886178862,42.64705882352941
2565673,675,516,450,78,71,36,357,67,21,51,15,3,20.784021810384566,1.0613931523022433,Spain,87.20930232558139,15.11627906976744,69.18604651162791,31.343283582089555
2565673,683,357,303,49,52,22,261,51,21,43,9,2,19.728798769028856,3.153125,Spain,84.87394957983193,13.725490196078432,73.10924369747899,41.17647058823529
2565674,684,435,340,79,64,18,286,72,7,48,9,1,18.886910600084825,2.6717948717948716,Spain,78.16091954022988,18.160919540229887,65.74712643678161,9.722222222222223
2565674,756,384,304,92,60,33,288,63,27,39,13,2,19.434843329698275,3.6476964769647697,Spain,79.16666666666666,23.958333333333336,75.0,42.857142857142854
2565675,687,474,407,69,74,50,352,74,57,46,15,2,19.031088575246045,0.3592233009708738,Spain,85.86497890295358,14.556962025316455,74.26160337552743,77.02702702702703
2565675,714,433,369,45,29,13,289,74,14,47,7,2,16.513840751682032,1.996078431372549,Spain,85.21939953810623,10.392609699769054,66.74364896073904,18.91891891891892
2565676,692,507,422,76,65,32,304,49,12,48,12,0,18.9770225019725,2.66626936829559,Spain,83.23471400394477,14.990138067061142,59.96055226824457,24.489795918367346
2565676,712,353,280,71,60,21,243,68,23,43,6,0,18.74187989257695,4.468842729970326,Spain,79.3201133144476,20.113314447592067,68.83852691218131,33.82352941176471
2565677,696,260,177,78,56,17,180,51,20,50,6,1,21.835332081759823,4.608,Spain,68.07692307692308,30.0,69.23076923076923,39.21568627450981
2565677,701,362,284,111,79,27,263,69,38,58,9,2,20.3202190795617,5.061197916666667,Spain,78.45303867403315,30.662983425414364,72.65193370165746,55.072463768115945
2565678,677,415,336,75,60,28,279,81,25,43,10,0,19.02028139106903,3.7525641025641026,Spain,80.96385542168674,18.072289156626507,67.2289156626506,30.864197530864196
2565678,680,552,478,73,85,39,411,67,27,48,11,2,18.045932832311777,2.2851063829787233,Spain,86.59420289855072,13.22463768115942,74.45652173913044,40.298507462686565
2565679,683,496,407,93,87,30,383,77,27,57,15,0,20.375827639177636,1.6206496519721578,Spain,82.05645161290323,18.75,77.21774193548387,35.064935064935064
2565679,695,293,211,57,50,17,218,60,22,57,2,0,19.129232451262986,4.29173166926677,Spain,72.01365187713311,19.453924914675767,74.40273037542661,36.666666666666664
2565680,679,510,429,87,79,35,361,62,29,35,15,2,19.533347719865677,1.707373271889401,Spain,84.11764705882354,17.058823529411764,70.7843137254902,46.774193548387096
2565680,687,397,329,78,40,20,288,68,17,48,8,0,20.22647821972309,3.2768817204301075,Spain,82.87153652392946,19.64735516372796,72.544080604534,25.0
2565681,676,723,639,88,102,53,511,67,30,37,19,2,18.105491931370324,0.5932521087160263,Spain,88.38174273858921,12.171507607192254,70.6777316735823,44.776119402985074
2565681,692,371,299,50,38,15,250,81,24,31,10,2,17.895764041619767,3.145714285714286,Spain,80.59299191374663,13.477088948787062,67.38544474393531,29.629629629629626
2565682,684,396,346,62,41,12,260,62,23,38,8,0,19.350478935944484,2.6661849710982657,Spain,87.37373737373737,15.656565656565657,65.65656565656566,37.096774193548384
2565682,714,520,486,46,56,38,332,57,14,37,15,1,18.078258839883738,0.3567110036275695,Spain,93.46153846153847,8.846153846153847,63.84615384615384,24.561403508771928
2565683,696,391,300,72,62,23,240,73,13,41,8,2,18.803105543643003,4.565860215053763,Spain,76.72634271099744,18.414322250639387,61.38107416879796,17.80821917808219
2565683,756,484,402,106,78,31,347,69,23,28,8,2,19.803057135438376,2.774233128834356,Spain,83.05785123966942,21.90082644628099,71.69421487603306,33.33333333333333
2565684,674,423,338,83,75,39,273,60,14,65,11,0,17.81983135129101,4.755359394703657,Spain,79.90543735224587,19.62174940898345,64.53900709219859,23.333333333333332
2565684,698,193,120,48,52,21,134,79,21,48,9,1,20.01442287737694,4.219015280135824,Spain,62.17616580310881,24.870466321243523,69.43005181347151,26.582278481012654
2565685,682,436,358,81,60,27,276,58,11,41,12,1,17.85103126035928,3.925831202046036,Spain,82.11009174311926,18.577981651376145,63.30275229357798,18.96551724137931
2565685,712,246,185,50,39,22,189,56,14,63,12,3,19.36417567161363,3.951827242524917,Spain,75.20325203252033,20.32520325203252,76.82926829268293,25.0
2565686,691,301,197,76,61,12,213,77,22,50,5,0,19.32983995394568,6.056338028169014,Spain,65.4485049833887,25.249169435215947,70.7641196013289,28.57142857142857
2565686,701,407,313,126,77,20,271,56,32,46,8,2,22.336997237520897,4.098404255319149,Spain,76.90417690417691,30.95823095823096,66.58476658476658,57.14285714285714
2565687,675,618,540,97,74,56,451,38,21,37,17,0,17.74328933917871,3.5895287958115185,Spain,87.37864077669903,15.6957928802589,72.97734627831716,55.26315789473685
2565687,678,325,260,62,41,26,220,65,26,45,8,0,19.317491533152722,3.6901408450704225,Spain,80.0,19.076923076923077,67.6923076923077,40.0
2565688,683,241,181,50,39,11,172,86,14,57,6,1,19.01544102276959,3.27892234548336,Spain,75.10373443983403,20.74688796680498,71.36929460580913,16.27906976744186
2565688,687,532,445,126,73,50,439,62,20,58,16,0,20.766887729218443,1.5850267379679144,Spain,83.64661654135338,23.684210526315788,82.5187969924812,32.25806451612903
2565689,696,270,207,42,42,24,179,95,36,61,18,2,19.422567767980905,0.9010989010989011,Spain,76.66666666666667,15.555555555555555,66.2962962962963,37.89473684210527
2565689,714,544,478,72,54,20,344,44,13,46,4,0,17.908072445876158,1.8018867924528301,Spain,87.86764705882352,13.23529411764706,63.23529411764706,29.545454545454547
2565690,691,431,324,81,72,34,272,73,17,60,7,0,19.432407543464823,3.1936305732484076,Spain,75.1740139211137,18.793503480278424,63.10904872389791,23.28767123287671
2565690,756,385,317,91,65,21,279,60,20,55,11,1,19.84394858205738,5.202753441802253,Spain,82.33766233766234,23.636363636363637,72.46753246753246,33.33333333333333
2565691,678,281,209,65,43,21,165,61,12,41,11,0,20.664275167918728,6.021416803953872,Spain,74.37722419928826,23.131672597864767,58.718861209964416,19.672131147540984
2565691,695,442,349,89,69,22,314,58,18,55,8,0,21.252015029590137,2.265888456549935,Spain,78.95927601809954,20.13574660633484,71.04072398190046,31.03448275862069
2565692,676,751,676,103,97,60,483,42,20,31,16,2,19.42916521826879,3.0097751710654936,Spain,90.0133155792277,13.715046604527299,64.31424766977364,47.61904761904761
2565692,682,320,265,58,37,10,208,77,31,34,10,0,20.43006784137264,3.5801282051282053,Spain,82.8125,18.125,65.0,40.25974025974026
2565693,677,511,424,93,73,38,366,57,28,50,16,1,18.528820812294786,2.1426900584795323,Spain,82.97455968688845,18.199608610567513,71.62426614481409,49.122807017543856
2565693,712,338,262,45,30,13,238,74,18,42,3,0,16.700024027774656,4.691740412979351,Spain,77.51479289940828,13.313609467455622,70.41420118343196,24.324324324324326
2565694,674,350,287,65,52,37,225,92,32,35,12,1,18.92372997223767,2.220689655172414,Spain,82.0,18.571428571428573,64.28571428571429,34.78260869565217
2565694,692,569,501,98,62,22,380,49,22,47,11,1,19.088737519883125,3.285072951739618,Spain,88.04920913884007,17.223198594024606,66.78383128295255,44.89795918367347
2565695,675,621,566,83,78,40,395,56,26,46,20,4,19.708029590715917,0.7073170731707317,Spain,91.14331723027375,13.365539452495975,63.60708534621578,46.42857142857143
2565695,680,437,389,49,63,22,295,79,16,32,9,0,18.669505152535464,2.4794701986754966,Spain,89.01601830663616,11.212814645308924,67.50572082379863,20.253164556962027
2565696,698,295,184,72,61,18,239,62,17,66,5,0,19.34870280658191,4.2844444444444445,Spain,62.37288135593221,24.40677966101695,81.01694915254237,27.419354838709676
2565696,701,336,240,82,64,27,251,73,33,58,6,0,17.696019479893,5.046632124352332,Spain,71.42857142857143,24.404761904761905,74.70238095238095,45.20547945205479
2565697,679,226,174,25,22,14,173,58,13,46,4,1,15.246764484873106,4.297345132743363,Spain,76.99115044247787,11.061946902654867,76.54867256637168,22.413793103448278
2565697,684,696,622,87,71,27,522,66,30,52,9,0,17.443060050851486,1.8034026465028354,Spain,89.36781609195403,12.5,75.0,45.45454545454545
2565698,674,360,262,80,49,20,264,69,18,62,5,1,20.064036619461675,4.758169934640523,Spain,72.77777777777777,22.22222222222222,73.33333333333333,26.08695652173913
2565698,701,402,296,111,97,31,292,58,27,54,10,2,20.9759552149031,4.585845347313237,Spain,73.6318407960199,27.611940298507463,72.636815920398,46.55172413793103
2565699,682,352,292,59,41,16,248,89,25,27,7,1,17.593188898477027,3.3074581430745815,Spain,82.95454545454545,16.761363636363637,70.45454545454545,28.08988764044944
2565699,692,649,576,123,71,29,468,53,27,43,7,0,19.106339963780144,1.4519716885743175,Spain,88.75192604006163,18.952234206471495,72.11093990755008,50.943396226415096
2565700,678,311,235,76,52,18,216,73,26,46,5,0,21.05509584575754,4.523308270676692,Spain,75.56270096463022,24.437299035369776,69.45337620578779,35.61643835616438
2565700,687,527,444,89,63,32,365,49,6,53,9,0,18.684312792549566,3.941638608305275,Spain,84.25047438330171,16.888045540796963,69.25996204933587,12.244897959183673
2565701,680,484,408,78,71,40,329,87,29,42,16,0,19.568869707782756,0.9130434782608695,Spain,84.29752066115702,16.115702479338843,67.97520661157024,33.33333333333333
2565701,695,285,226,39,34,24,204,93,11,61,8,0,18.08988956924198,3.246153846153846,Spain,79.2982456140351,13.684210526315791,71.57894736842105,11.827956989247312
2565702,683,382,310,82,53,29,286,81,25,42,16,0,20.085525330648505,1.3038147138964578,Spain,81.15183246073299,21.465968586387437,74.86910994764398,30.864197530864196
2565702,684,465,391,76,65,21,345,77,11,44,5,2,18.87325974573776,3.1739130434782608,Spain,84.08602150537634,16.344086021505376,74.19354838709677,14.285714285714285
2565703,679,541,450,83,75,36,385,65,16,50,8,1,17.9961465962931,3.0170068027210886,Spain,83.1792975970425,15.341959334565619,71.1645101663586,24.615384615384617
2565703,696,284,213,65,49,16,181,72,18,47,10,0,20.097027139370137,3.6661585365853657,Spain,75.0,22.887323943661972,63.732394366197184,25.0
2565704,676,640,586,83,59,47,402,64,21,30,21,4,18.312483578390864,1.6112852664576802,Spain,91.5625,12.968750000000002,62.81250000000001,32.8125
2565704,677,399,318,55,53,28,283,65,16,37,10,0,19.212331394019984,3.28698224852071,Spain,79.69924812030075,13.784461152882205,70.92731829573935,24.615384615384617
2565705,691,407,335,70,57,20,296,94,26,29,8,2,17.99831129570088,4.346456692913386,Spain,82.30958230958231,17.1990171990172,72.72727272727273,27.659574468085108
2565705,714,637,555,89,83,33,488,54,17,54,12,2,18.717991099487456,2.3182751540041067,Spain,87.12715855572999,13.971742543171114,76.60910518053376,31.48148148148148
2565706,698,299,233,93,62,26,212,51,28,56,6,0,19.166717239510522,5.395348837209302,Spain,77.92642140468227,31.103678929765888,70.90301003344482,54.90196078431373
2565706,756,235,185,60,36,9,153,57,20,58,7,1,20.421759805975643,4.613553113553113,Spain,78.72340425531915,25.53191489361702,65.1063829787234,35.08771929824561
2565707,675,625,550,70,62,31,436,58,26,52,12,2,16.855595361468826,3.158613445378151,Spain,88.0,11.200000000000001,69.76,44.827586206896555
2565707,712,403,320,67,72,19,277,97,35,37,7,1,17.981133069998183,3.278225806451613,Spain,79.4044665012407,16.62531017369727,68.73449131513648,36.08247422680412
2565708,695,367,294,103,75,34,280,56,36,51,10,0,21.82294323212676,2.171232876712329,Spain,80.10899182561307,28.065395095367844,76.29427792915531,64.28571428571429
2565708,712,267,199,68,56,19,179,71,31,49,10,0,19.974944854925894,5.420472440944882,Spain,74.53183520599251,25.468164794007492,67.04119850187266,43.66197183098591
2565709,677,461,373,66,67,41,335,75,18,42,12,1,16.45983152610836,2.503480278422274,Spain,80.91106290672451,14.316702819956618,72.66811279826464,24.0
2565709,692,376,296,67,38,11,251,91,25,50,5,2,16.734073636672615,4.349740932642487,Spain,78.72340425531915,17.819148936170212,66.75531914893617,27.472527472527474
2565710,674,449,375,89,64,46,323,48,16,62,16,0,20.70348073117065,1.2477535301668805,Spain,83.51893095768375,19.821826280623608,71.93763919821826,33.33333333333333
2565710,682,387,318,47,35,10,256,81,20,45,8,1,17.058255213786566,2.437669376693767,Spain,82.17054263565892,12.144702842377262,66.1498708010336,24.691358024691358
2565711,675,433,369,68,57,39,299,70,26,35,11,0,20.322268042783698,0.9821182943603851,Spain,85.21939953810623,15.704387990762125,69.05311778290994,37.142857142857146
2565711,676,548,500,62,57,29,335,59,14,38,16,2,18.660305904488382,2.6506447831184055,Spain,91.24087591240875,11.313868613138686,61.131386861313864,23.728813559322035
2565712,698,264,196,60,58,21,207,108,30,52,13,2,19.295196997037706,3.8875,Spain,74.24242424242425,22.727272727272727,78.4090909090909,27.77777777777778
2565712,714,553,486,59,62,26,387,54,19,41,15,0,16.008417443870226,3.13735691987513,Spain,87.88426763110307,10.669077757685352,69.98191681735986,35.18518518518518
2565713,678,408,333,90,71,31,294,43,13,48,16,0,20.996559055139592,2.9458689458689458,Spain,81.61764705882352,22.058823529411764,72.05882352941177,30.23255813953488
2565713,684,453,379,91,58,22,287,34,10,40,14,0,21.231286933657607,1.4824191279887482,Spain,83.6644591611479,20.08830022075055,63.35540838852097,29.411764705882355
2565714,701,343,241,76,69,36,277,51,24,57,14,4,21.336038354410597,3.693502824858757,Spain,70.26239067055393,22.157434402332363,80.75801749271136,47.05882352941176
2565714,756,345,261,90,59,12,245,61,25,67,5,0,19.53782709208615,4.486787204450626,Spain,75.65217391304347,26.08695652173913,71.01449275362319,40.98360655737705
2565715,680,480,403,73,60,19,345,85,23,38,8,1,18.529124481207372,2.4827586206896552,Spain,83.95833333333333,15.208333333333332,71.875,27.058823529411764
2565715,687,458,400,89,46,31,327,57,17,40,14,3,19.311414827606626,1.8181818181818181,Spain,87.33624454148472,19.432314410480352,71.39737991266377,29.82456140350877
2565716,683,469,387,93,89,22,361,70,23,59,7,0,17.626396662936763,4.503488372093023,Spain,82.51599147121536,19.82942430703625,76.97228144989339,32.857142857142854
2565716,696,314,236,54,58,20,235,65,21,44,12,1,19.536542760613457,3.1709401709401708,Spain,75.15923566878982,17.197452229299362,74.84076433121018,32.30769230769231
2565717,679,479,393,74,54,25,357,73,22,51,10,0,16.983636928468012,4.184720638540479,Spain,82.04592901878914,15.44885177453027,74.53027139874739,30.136986301369863
2565717,691,377,308,66,51,21,260,60,24,54,7,1,17.19283137189173,4.167553191489362,Spain,81.6976127320955,17.50663129973475,68.96551724137932,40.0
2565718,676,652,593,65,86,48,461,39,19,46,13,3,18.098353958617547,1.2273684210526317,Spain,90.95092024539878,9.969325153374232,70.70552147239265,48.717948717948715
2565718,695,247,197,41,25,20,165,74,13,35,7,0,17.646837750640106,3.821033210332103,Spain,79.75708502024291,16.599190283400812,66.80161943319838,17.56756756756757
2565719,701,328,242,71,70,24,233,70,17,44,9,2,17.811990874939568,5.486524822695036,Spain,73.78048780487805,21.646341463414632,71.03658536585365,24.285714285714285
2565719,714,398,306,60,46,15,270,79,12,63,2,0,17.607127520786992,3.56763590391909,Spain,76.88442211055276,15.07537688442211,67.8391959798995,15.18987341772152
2565720,677,390,309,55,39,32,266,68,18,39,10,1,16.959420308543802,3.807792207792208,Spain,79.23076923076923,14.102564102564102,68.2051282051282,26.47058823529412
2565720,682,509,445,69,62,30,351,70,32,48,10,1,17.99906431087664,2.2590559824368825,Spain,87.42632612966601,13.555992141453832,68.95874263261297,45.714285714285715
2565721,687,660,576,92,90,38,431,63,28,34,8,0,18.305744992349624,2.769543147208122,Spain,87.27272727272727,13.939393939393941,65.30303030303031,44.44444444444444
2565721,712,286,219,61,35,14,204,60,13,42,9,1,19.572675842214302,3.8741496598639458,Spain,76.57342657342657,21.328671328671327,71.32867132867133,21.666666666666668
2565722,674,476,409,63,68,33,298,64,22,39,14,0,19.39194036082682,0.46956521739130436,Spain,85.92436974789915,13.23529411764706,62.60504201680672,34.375
2565722,756,297,245,69,40,21,224,59,14,50,10,1,21.131041286726138,3.092705167173252,Spain,82.49158249158249,23.232323232323232,75.42087542087542,23.728813559322035
2565723,675,476,420,69,60,36,357,97,34,35,19,2,17.569995507089946,3.3897142857142857,Spain,88.23529411764706,14.495798319327733,75.0,35.051546391752574
2565723,692,482,406,90,72,33,320,74,18,46,9,2,18.47656988306366,2.882138517618469,Spain,84.23236514522821,18.672199170124482,66.39004149377593,24.324324324324326
2565724,678,433,358,74,50,32,310,68,31,53,12,1,18.817350252662727,2.4385297845373892,Spain,82.67898383371825,17.090069284064665,71.59353348729792,45.588235294117645
2565724,696,283,227,37,31,15,195,65,16,41,7,0,17.4172815065529,4.007836990595611,Spain,80.21201413427562,13.074204946996467,68.90459363957598,24.615384615384617
2565725,680,367,295,68,63,46,270,71,28,58,13,3,20.12934375183874,-0.05121293800539083,Spain,80.38147138964578,18.52861035422343,73.56948228882834,39.436619718309856
2565725,684,395,339,59,46,13,287,61,6,47,9,5,18.544397196786274,2.729936305732484,Spain,85.82278481012658,14.936708860759493,72.65822784810126,9.836065573770492
2565726,683,479,376,126,98,50,336,62,26,40,14,0,21.172462603129677,2.916568742655699,Spain,78.49686847599166,26.304801670146137,70.14613778705638,41.935483870967744
2565726,691,313,227,82,58,16,220,69,14,61,5,1,19.574106290335823,5.363503649635036,Spain,72.52396166134186,26.198083067092654,70.28753993610223,20.28985507246377
2565727,679,593,512,76,65,19,408,53,22,38,6,2,17.97076355902752,2.109865470852018,Spain,86.3406408094435,12.816188870151771,68.8026981450253,41.509433962264154
2565727,698,369,287,75,56,23,274,82,24,33,9,0,18.204557686766883,4.586523736600307,Spain,77.77777777777779,20.32520325203252,74.25474254742548,29.268292682926827
2565728,714,359,282,65,55,19,202,69,21,38,3,0,16.658307949899473,3.3210059171597632,Spain,78.55153203342618,18.105849582172702,56.26740947075209,30.434782608695656
2565728,756,250,194,51,35,27,160,64,21,46,11,5,18.474438571440732,3.6100323624595467,Spain,77.60000000000001,20.4,64.0,32.8125
2565729,680,538,439,81,77,32,411,59,11,44,11,0,16.491595303189445,3.59,Spain,81.59851301115242,15.055762081784389,76.39405204460967,18.64406779661017
2565729,696,318,238,60,62,19,223,47,17,54,10,1,18.48372276705721,3.834375,Spain,74.84276729559748,18.867924528301888,70.12578616352201,36.17021276595745
2565730,678,480,394,98,72,30,323,56,21,35,7,1,18.81867612665079,3.51548946716233,Spain,82.08333333333333,20.416666666666668,67.29166666666667,37.5
2565730,691,360,278,71,47,19,231,62,13,55,11,1,18.34924139036815,3.1274658573596357,Spain,77.22222222222223,19.72222222222222,64.16666666666667,20.967741935483872
2565731,692,567,486,88,54,17,381,49,8,37,3,1,19.608299230677233,2.7132947976878614,Spain,85.71428571428571,15.520282186948853,67.1957671957672,16.3265306122449
2565731,695,310,243,74,56,33,209,54,25,32,11,0,19.90601544148724,2.966832504145937,Spain,78.38709677419354,23.870967741935484,67.41935483870968,46.2962962962963
2565732,674,413,356,63,65,20,267,64,14,47,10,2,18.053636191081488,3.823529411764706,Spain,86.19854721549636,15.254237288135593,64.64891041162227,21.875
2565732,677,462,376,79,61,41,357,71,29,56,12,1,18.818038094639277,2.0816831683168315,Spain,81.38528138528139,17.0995670995671,77.27272727272727,40.845070422535215
2565733,675,609,530,92,75,81,432,44,23,42,25,0,19.896506450181036,-0.2713347921225383,Spain,87.02791461412151,15.10673234811166,70.93596059113301,52.27272727272727
2565733,682,435,385,62,39,20,304,66,21,36,9,1,18.13204561387199,2.9673366834170856,Spain,88.50574712643679,14.25287356321839,69.88505747126436,31.818181818181817
2565734,683,437,345,74,74,14,307,62,21,47,9,0,17.495722864620465,5.100765306122449,Spain,78.94736842105263,16.933638443935926,70.25171624713958,33.87096774193548
2565734,698,286,201,81,58,22,223,49,19,70,6,1,21.519199218150032,4.4921383647798745,Spain,70.27972027972028,28.321678321678323,77.97202797202797,38.775510204081634
2565735,684,691,623,79,57,31,417,53,19,39,13,2,18.62924793539353,1.5170340681362726,Spain,90.15918958031838,11.432706222865413,60.34732272069464,35.84905660377358
2565735,712,224,169,50,46,19,161,58,17,33,9,2,18.85768346020761,4.647859922178989,Spain,75.44642857142857,22.321428571428573,71.875,29.310344827586203
2565736,679,277,176,61,41,20,194,63,9,49,7,1,18.90902767678452,5.818991097922849,Spain,63.537906137184116,22.021660649819495,70.03610108303249,14.285714285714285
2565736,701,555,449,143,104,35,379,47,31,56,8,0,20.368087461937204,3.458197611292074,Spain,80.9009009009009,25.765765765765764,68.28828828828829,65.95744680851064
2565737,676,440,384,53,31,21,332,67,13,43,8,3,17.4101330721605,3.2539473684210525,Spain,87.27272727272727,12.045454545454545,75.45454545454545,19.402985074626866
2565737,687,437,377,61,42,31,308,67,18,46,12,2,18.189211254531134,0.5751295336787565,Spain,86.2700228832952,13.958810068649885,70.48054919908466,26.865671641791046
2565738,675,583,509,93,81,69,420,50,22,40,22,7,19.834647886459855,0.4683257918552036,Spain,87.30703259005146,15.951972555746142,72.04116638078902,44.0
2565738,677,334,283,29,42,15,222,69,24,34,6,1,17.756627261725814,1.460725075528701,Spain,84.73053892215569,8.682634730538922,66.46706586826348,34.78260869565217
2565739,678,350,276,76,59,14,226,66,17,48,6,1,19.48473007787117,4.58008658008658,Spain,78.85714285714286,21.714285714285715,64.57142857142857,25.757575757575758
2565739,698,347,275,93,76,39,257,52,18,61,13,1,21.24810348414465,3.373913043478261,Spain,79.2507204610951,26.801152737752158,74.06340057636888,34.61538461538461
2565740,676,516,450,72,67,46,348,43,16,41,14,5,17.593860142613604,3.0720288115246097,Spain,87.20930232558139,13.953488372093023,67.44186046511628,37.2093023255814
2565740,684,450,377,68,54,14,312,79,26,36,6,0,18.02867463973174,2.463276836158192,Spain,83.77777777777777,15.11111111111111,69.33333333333334,32.91139240506329
2565741,683,224,138,58,44,14,169,72,11,45,10,1,20.510782936377254,6.036713286713287,Spain,61.60714285714286,25.892857142857146,75.44642857142857,15.277777777777779
2565741,701,495,405,128,81,33,394,37,22,59,14,1,21.24931282649656,1.8560267857142858,Spain,81.81818181818183,25.858585858585858,79.5959595959596,59.45945945945946
2565742,687,567,496,79,71,46,377,66,24,29,13,1,18.02074412572136,1.5754310344827587,Spain,87.47795414462081,13.932980599647266,66.49029982363317,36.36363636363637
2565742,692,455,379,72,46,18,307,70,15,36,9,1,17.645445348760383,3.254681647940075,Spain,83.2967032967033,15.824175824175823,67.47252747252747,21.428571428571427
2565743,679,531,459,73,74,35,310,58,16,33,8,1,18.228634658681298,2.407710280373832,Spain,86.4406779661017,13.74764595103578,58.3804143126177,27.586206896551722
2565743,756,439,365,75,60,19,300,79,22,33,4,1,18.0910390482925,3.6865079365079363,Spain,83.14350797266515,17.084282460136674,68.3371298405467,27.848101265822784
2565744,674,295,224,42,52,24,198,89,19,50,13,1,18.326604583141606,4.148783977110157,Spain,75.9322033898305,14.237288135593221,67.11864406779661,21.34831460674157
2565744,714,455,374,64,60,27,304,82,25,50,16,1,17.954266751255474,2.063073394495413,Spain,82.19780219780219,14.065934065934066,66.8131868131868,30.48780487804878
2565745,682,433,364,69,75,21,301,67,25,46,16,1,19.549837069353185,2.075776397515528,Spain,84.06466512702079,15.935334872979215,69.5150115473441,37.3134328358209
2565745,695,302,236,52,41,38,218,73,19,48,14,0,18.011960445527023,4.663125948406677,Spain,78.1456953642384,17.218543046357617,72.18543046357617,26.027397260273972
2565746,696,293,216,63,58,21,189,50,14,55,11,2,19.245584237943458,3.162379421221865,Spain,73.72013651877133,21.501706484641637,64.50511945392492,28.000000000000004
2565746,712,334,258,70,58,26,244,65,12,50,7,1,17.972914062272924,4.350724637681159,Spain,77.24550898203593,20.958083832335326,73.05389221556887,18.461538461538463
2565747,680,372,294,74,50,21,242,43,11,51,10,3,18.57152930726952,5.2974504249291785,Spain,79.03225806451613,19.892473118279568,65.05376344086021,25.581395348837212
2565747,691,445,350,106,78,24,294,65,31,51,8,0,21.117826168234593,3.036942675159236,Spain,78.65168539325843,23.820224719101123,66.06741573033707,47.69230769230769
2565748,677,262,211,49,34,5,179,63,15,51,7,2,19.159854695965496,4.033925686591276,Spain,80.53435114503816,18.702290076335878,68.32061068702289,23.809523809523807
2565748,695,385,299,72,75,41,300,60,31,47,11,1,17.894000611174036,4.42019099590723,Spain,77.66233766233766,18.7012987012987,77.92207792207793,51.66666666666667
2565749,674,414,359,52,63,29,267,79,37,39,12,1,17.659574595148154,2.060802069857697,Spain,86.71497584541062,12.560386473429952,64.4927536231884,46.835443037974684
2565749,675,566,500,71,49,21,399,86,22,32,11,2,16.297677746278858,2.5478841870824054,Spain,88.33922261484098,12.54416961130742,70.49469964664311,25.581395348837212
2565750,684,541,457,92,73,18,337,64,23,43,7,1,20.29831665224688,1.9094247246022031,Spain,84.4731977818854,17.005545286506468,62.292051756007396,35.9375
2565750,692,391,325,78,51,33,266,40,15,30,11,3,21.566949680912337,0.7159940209267563,Spain,83.12020460358056,19.948849104859335,68.03069053708441,37.5
2565751,678,293,217,67,47,12,206,89,15,55,7,1,19.189444556264174,3.846381093057607,Spain,74.06143344709898,22.866894197952217,70.30716723549489,16.853932584269664
2565751,701,396,323,91,71,33,290,56,27,58,13,1,17.67170255388523,4.4225181598062955,Spain,81.56565656565657,22.97979797979798,73.23232323232324,48.214285714285715
2565752,680,582,497,91,96,37,428,48,18,53,13,1,19.631028720557143,2.212992545260916,Spain,85.39518900343643,15.63573883161512,73.53951890034365,37.5
2565752,698,312,226,70,52,13,219,88,20,41,6,1,19.649701733811423,4.340523882896764,Spain,72.43589743589743,22.435897435897438,70.1923076923077,22.727272727272727
2565753,683,363,282,74,55,24,255,79,22,50,7,0,18.15292109961422,2.9401273885350316,Spain,77.68595041322314,20.385674931129476,70.24793388429752,27.848101265822784
2565753,756,470,397,87,62,19,306,67,14,52,9,0,17.849237731736007,3.6921296296296298,Spain,84.46808510638299,18.51063829787234,65.1063829787234,20.8955223880597
2565754,676,698,608,74,88,59,469,47,19,43,13,1,17.75614682603462,1.4193857965451055,Spain,87.10601719197709,10.601719197707736,67.1919770773639,40.42553191489361
2565754,696,194,138,58,33,13,145,76,17,39,5,1,20.816362007812106,2.9186507936507935,Spain,71.1340206185567,29.896907216494846,74.74226804123711,22.36842105263158
2565755,679,380,305,67,60,18,273,110,21,39,16,3,18.663869996389163,2.068062827225131,Spain,80.26315789473685,17.63157894736842,71.84210526315789,19.090909090909093
2565755,714,469,402,56,56,22,337,55,11,41,6,0,16.49714021852533,3.1918316831683167,Spain,85.71428571428571,11.940298507462686,71.85501066098081,20.0
2565756,691,357,267,83,60,22,266,65,25,60,13,2,18.159357853828304,4.516733601070951,Spain,74.78991596638656,23.249299719887954,74.50980392156863,38.46153846153847
2565756,712,258,187,53,40,11,186,67,23,49,12,1,18.386372317142815,3.891410048622366,Spain,72.48062015503875,20.54263565891473,72.09302325581395,34.32835820895522
2565757,682,349,298,59,42,13,224,89,15,25,10,4,18.23824619546331,3.386740331491713,Spain,85.38681948424069,16.9054441260745,64.18338108882521,16.853932584269664
2565757,687,580,516,84,73,52,388,50,17,47,22,2,18.242886660515666,2.9978991596638656,Spain,88.96551724137932,14.482758620689657,66.89655172413794,34.0
2565758,692,714,630,99,96,37,484,57,20,41,13,1,18.040738274300818,3.0381040892193307,Spain,88.23529411764706,13.865546218487395,67.78711484593838,35.08771929824561
2565758,696,239,173,37,42,16,167,69,22,47,9,2,18.11449314760263,4.2938053097345135,Spain,72.38493723849372,15.481171548117153,69.8744769874477,31.88405797101449
2565759,676,579,485,74,70,38,405,68,22,56,7,1,16.754588342289615,3.2335456475583864,Spain,83.7651122625216,12.780656303972366,69.94818652849742,32.35294117647059
2565759,691,200,124,50,35,17,155,92,21,50,6,1,19.73318450680578,3.8698752228163995,Spain,62.0,25.0,77.5,22.82608695652174
2565760,674,528,464,75,56,17,378,67,13,35,5,0,17.207612940223694,2.9907300115874853,Spain,87.87878787878788,14.204545454545455,71.5909090909091,19.402985074626866
2565760,679,527,444,75,61,37,394,78,23,42,12,1,17.304898260714133,1.6869871043376319,Spain,84.25047438330171,14.231499051233396,74.76280834914611,29.48717948717949
2565761,698,328,231,83,66,19,229,79,28,60,10,0,18.85798699538228,3.13953488372093,Spain,70.42682926829268,25.304878048780488,69.8170731707317,35.44303797468354
2565761,712,320,224,46,49,14,246,65,17,59,1,0,17.167093074933447,5.423476968796434,Spain,70.0,14.374999999999998,76.875,26.153846153846157
2565762,678,502,408,114,86,23,319,59,14,48,7,0,20.940709388377584,3.857317073170732,Spain,81.27490039840637,22.709163346613543,63.54581673306773,23.728813559322035
2565762,756,302,235,63,45,13,205,57,15,53,5,1,20.003121747313862,4.881619937694704,Spain,77.81456953642383,20.86092715231788,67.88079470198676,26.31578947368421
2565763,682,385,314,68,55,24,245,58,16,51,11,0,19.007643316133176,3.87603305785124,Spain,81.55844155844156,17.662337662337663,63.63636363636363,27.586206896551722
2565763,684,467,400,83,65,27,352,49,16,42,9,2,19.831319497000727,2.44750656167979,Spain,85.65310492505354,17.77301927194861,75.37473233404711,32.6530612244898
2565764,680,380,296,76,52,25,237,86,15,44,9,0,17.982530012062945,4.664021164021164,Spain,77.89473684210526,20.0,62.36842105263158,17.441860465116278
2565764,701,290,215,78,63,26,230,51,21,62,13,4,22.06361414214593,3.6868217054263566,Spain,74.13793103448276,26.89655172413793,79.3103448275862,41.17647058823529
2565765,677,283,218,50,41,13,217,51,11,44,3,0,18.675840172176255,2.492333901192504,Spain,77.03180212014135,17.6678445229682,76.67844522968198,21.568627450980394
2565765,687,514,443,89,47,35,409,43,18,52,16,4,20.413056148896374,0.5381008206330598,Spain,86.18677042801556,17.315175097276263,79.57198443579766,41.86046511627907
2565766,675,690,615,96,88,44,498,51,14,50,19,2,18.192727608480073,3.4275653923541247,Spain,89.13043478260869,13.91304347826087,72.17391304347827,27.450980392156865
2565766,695,251,195,44,34,21,176,70,18,37,10,2,19.634438213509075,3.888888888888889,Spain,77.68924302788844,17.52988047808765,70.1195219123506,25.71428571428571
2565767,683,260,180,67,51,18,188,78,18,61,9,0,19.466316183529827,5.430441898527005,Spain,69.23076923076923,25.769230769230766,72.3076923076923,23.076923076923077
2565767,714,502,426,73,69,33,335,77,22,48,9,1,16.732839129020153,3.059447983014862,Spain,84.86055776892431,14.54183266932271,66.73306772908366,28.57142857142857
2565768,701,364,278,105,77,30,271,54,17,65,16,1,20.305233783639565,5.535248041775457,Spain,76.37362637362637,28.846153846153843,74.45054945054946,31.48148148148148
2565768,712,307,211,80,52,17,218,77,21,49,2,0,19.950177564498382,5.050824175824176,Spain,68.72964169381108,26.058631921824105,71.00977198697068,27.27272727272727
2565769,682,562,461,101,83,61,418,55,28,51,25,1,20.243035696817984,1.3037837837837838,Spain,82.02846975088967,17.97153024911032,74.37722419928826,50.90909090909091
2565769,696,210,136,37,32,11,135,66,20,59,4,2,18.321708669680383,4.380378657487091,Spain,64.76190476190476,17.61904761904762,64.28571428571429,30.303030303030305
2565770,677,330,257,72,44,30,238,76,24,43,12,0,20.354426345194195,2.0575757575757576,Spain,77.87878787878788,21.818181818181817,72.12121212121212,31.57894736842105
2565770,684,536,474,72,81,19,362,56,14,55,9,1,18.9174509835752,2.724454649827784,Spain,88.43283582089553,13.432835820895523,67.53731343283582,25.0
2565771,674,495,432,74,71,30,355,55,25,42,16,2,19.957680270542255,1.0173697270471465,Spain,87.27272727272727,14.949494949494948,71.71717171717171,45.45454545454545
2565771,695,324,260,66,51,13,229,78,22,45,5,1,19.1834387690946,2.840944881889764,Spain,80.24691358024691,20.37037037037037,70.67901234567901,28.205128205128204
2565772,675,595,531,89,71,43,431,56,24,36,18,5,21.09553242210895,1.1781609195402298,Spain,89.2436974789916,14.957983193277311,72.43697478991596,42.857142857142854
2565772,687,529,481,75,61,26,362,49,18,29,6,2,18.72182420042049,2.1580882352941178,Spain,90.92627599243856,14.177693761814744,68.43100189035917,36.734693877551024
2565773,691,264,199,52,37,10,181,54,13,32,3,2,20.36900924222924,5.2776699029126215,Spain,75.37878787878788,19.696969696969695,68.56060606060606,24.074074074074073
2565773,692,684,607,142,88,41,443,31,13,34,15,2,23.06477042631317,1.592938733125649,Spain,88.74269005847954,20.760233918128655,64.76608187134502,41.935483870967744
2565774,678,404,321,89,75,40,266,76,39,63,11,0,20.881622951695604,2.0632911392405062,Spain,79.45544554455446,22.02970297029703,65.84158415841584,51.31578947368421
2565774,714,336,270,68,44,17,233,57,20,43,7,0,18.745316694004675,4.0594900849858355,Spain,80.35714285714286,20.238095238095237,69.34523809523809,35.08771929824561
2565775,680,422,337,56,53,23,274,72,16,51,9,1,18.622522945329475,3.924552429667519,Spain,79.85781990521326,13.270142180094787,64.92890995260665,22.22222222222222
2565775,756,361,282,77,58,28,244,58,31,37,13,0,19.013630092964572,6.158045977011494,Spain,78.1163434903047,21.329639889196674,67.59002770083103,53.44827586206896
2565776,679,417,330,62,54,19,248,82,21,54,5,1,16.28087729450375,4.064056939501779,Spain,79.13669064748201,14.86810551558753,59.47242206235012,25.609756097560975
2565776,683,370,285,77,72,20,256,59,28,61,9,0,19.19150533369804,2.9246031746031744,Spain,77.02702702702703,20.81081081081081,69.1891891891892,47.45762711864407
2565777,676,762,682,97,98,50,569,41,10,52,11,0,18.836372655420835,1.502295684113866,Spain,89.501312335958,12.72965879265092,74.67191601049869,24.390243902439025
2565777,698,185,123,38,38,11,121,66,20,38,6,0,19.57621776454886,5.974522292993631,Spain,66.48648648648648,20.54054054054054,65.4054054054054,30.303030303030305
2565778,692,539,454,109,85,18,371,68,24,41,3,0,20.418482137221723,4.092655367231639,Spain,84.2300556586271,20.222634508348794,68.83116883116884,35.294117647058826
2565778,698,230,165,51,59,21,168,66,32,49,8,3,19.33644426680342,4.748275862068965,Spain,71.73913043478261,22.17391304347826,73.04347826086956,48.484848484848484
2565779,712,335,262,79,64,17,207,60,12,52,9,0,20.10025202471087,4.726865671641791,Spain,78.2089552238806,23.582089552238806,61.791044776119406,20.0
2565779,756,357,290,106,62,20,252,57,19,47,7,2,21.532849929018745,4.397080291970803,Spain,81.23249299719888,29.69187675070028,70.58823529411765,33.33333333333333
2565780,675,368,310,63,48,23,261,67,16,49,11,5,18.410943571618176,3.239766081871345,Spain,84.23913043478261,17.119565217391305,70.92391304347827,23.88059701492537
2565780,684,501,442,82,66,20,357,50,15,39,17,2,19.544752520871317,1.26625,Spain,88.22355289421158,16.367265469061877,71.25748502994011,30.0
2565781,676,518,430,76,52,21,357,69,6,49,9,2,18.60612226287774,3.58974358974359,Spain,83.01158301158301,14.671814671814673,68.91891891891892,8.695652173913043
2565781,701,467,374,113,94,29,323,66,36,35,12,0,20.167700515309996,2.308270676691729,Spain,80.08565310492506,24.197002141327623,69.16488222698072,54.54545454545454
2565782,674,484,411,68,71,23,312,52,21,37,8,1,18.871331161711876,4.174757281553398,Spain,84.91735537190083,14.049586776859504,64.46280991735537,40.38461538461539
2565782,683,222,155,68,42,20,150,74,29,56,10,1,21.23709730813949,3.577319587628866,Spain,69.81981981981981,30.630630630630627,67.56756756756756,39.189189189189186
2565783,687,628,557,86,52,45,453,45,20,37,11,2,18.71430271854684,2.4391304347826086,Spain,88.69426751592357,13.694267515923567,72.13375796178345,44.44444444444444
2565783,695,278,210,59,46,27,187,66,26,47,9,0,18.164876368858497,4.808170515097691,Spain,75.53956834532374,21.223021582733814,67.26618705035972,39.39393939393939
2565784,680,299,237,53,35,16,228,71,10,56,11,2,18.726387329181104,4.630841121495327,Spain,79.26421404682274,17.725752508361204,76.2541806020067,14.084507042253522
2565784,714,370,305,86,61,35,274,50,25,60,6,0,20.096091486914993,2.363376251788269,Spain,82.43243243243244,23.243243243243246,74.05405405405405,50.0
2565785,677,395,317,85,58,16,302,94,27,54,5,0,18.518350646812216,3.391089108910891,Spain,80.25316455696202,21.518987341772153,76.45569620253164,28.723404255319153
2565785,696,359,289,70,55,24,257,47,20,51,15,1,19.395820402948324,1.7577388963660834,Spain,80.50139275766016,19.498607242339833,71.58774373259052,42.5531914893617
2565786,682,399,322,81,57,20,273,69,19,46,8,1,17.83004108693009,2.9722572509457756,Spain,80.7017543859649,20.30075187969925,68.42105263157895,27.536231884057973
2565786,691,443,348,81,55,40,307,70,16,44,10,0,18.190589073623517,2.1904127829560585,Spain,78.55530474040631,18.284424379232505,69.3002257336343,22.857142857142858
2565787,678,369,296,63,48,17,288,89,18,35,5,0,17.567878271817847,3.3669354838709675,Spain,80.21680216802169,17.073170731707318,78.04878048780488,20.224719101123593
2565787,679,527,450,81,76,33,379,60,27,44,11,2,18.080256644236854,2.4701149425287356,Spain,85.38899430740038,15.370018975332068,71.91650853889942,45.0
2565788,678,415,336,74,62,27,277,43,17,47,7,2,19.37057838185576,2.9037433155080214,Spain,80.96385542168674,17.83132530120482,66.74698795180723,39.53488372093023
2565788,683,288,221,59,43,16,206,58,16,45,7,1,19.173053973884553,4.2368,Spain,76.73611111111111,20.48611111111111,71.52777777777779,27.586206896551722
2565789,679,411,361,59,43,29,257,90,34,40,12,4,16.342166639159714,3.407862407862408,Spain,87.8345498783455,14.355231143552311,62.530413625304135,37.77777777777778
2565789,680,612,541,61,80,33,436,71,18,46,11,2,17.74846852758587,1.1905717151454362,Spain,88.39869281045752,9.967320261437909,71.24183006535948,25.352112676056336
2565790,684,642,579,72,61,26,396,45,14,50,13,1,17.13784823401528,2.832517140058766,Spain,90.18691588785047,11.214953271028037,61.6822429906542,31.11111111111111
2565790,695,272,201,63,50,20,178,81,22,28,9,0,19.325871561350706,3.323181049069374,Spain,73.89705882352942,23.161764705882355,65.44117647058823,27.160493827160494
2565791,676,581,507,59,55,41,374,56,22,44,17,5,16.78403955792186,0.9084051724137931,Spain,87.263339070568,10.154905335628227,64.37177280550775,39.285714285714285
2565791,756,326,262,60,48,20,241,85,14,33,9,1,18.4174213554771,1.8384491114701131,Spain,80.3680981595092,18.404907975460123,73.92638036809815,16.470588235294116
2565792,712,265,198,60,58,22,178,67,34,55,12,0,19.766987202105465,3.012539184952978,Spain,74.71698113207546,22.641509433962266,67.16981132075472,50.74626865671642
2565792,714,345,272,64,42,14,216,50,19,64,3,0,19.405084115450595,3.5692307692307694,Spain,78.84057971014494,18.55072463768116,62.60869565217392,38.0
2565793,682,401,326,75,45,17,294,66,23,47,7,1,17.458239989933386,3.3672172808132146,Spain,81.29675810473816,18.703241895261847,73.31670822942642,34.84848484848485
2565793,698,347,257,84,71,32,264,57,35,56,3,0,18.33924879956058,5.573116691285081,Spain,74.06340057636888,24.207492795389047,76.0806916426513,61.40350877192983
2565794,677,451,361,90,72,41,346,78,26,50,15,0,19.303305430243018,2.72480181200453,Spain,80.04434589800444,19.955654101995567,76.71840354767184,33.33333333333333
2565794,691,411,336,69,55,21,289,78,17,53,8,0,17.20618487226231,3.4679802955665027,Spain,81.75182481751825,16.78832116788321,70.31630170316302,21.794871794871796
2565795,674,341,279,58,58,19,222,71,27,31,6,2,18.10287159097103,3.226244343891403,Spain,81.81818181818183,17.008797653958943,65.10263929618768,38.028169014084504
2565795,687,648,571,90,78,25,469,54,16,51,8,1,17.724963545681984,2.447314049586777,Spain,88.11728395061729,13.88888888888889,72.37654320987654,29.629629629629626
2565796,675,568,519,71,70,45,377,63,29,36,24,3,18.89870581424875,0.792152704135737,Spain,91.37323943661971,12.5,66.37323943661971,46.03174603174603
2565796,696,300,248,52,42,23,196,83,22,31,10,0,19.254423642480102,2.776898734177215,Spain,82.66666666666667,17.333333333333336,65.33333333333333,26.506024096385545
2565797,692,348,264,73,35,21,217,76,11,56,7,2,19.682632966191605,4.206802721088436,Spain,75.86206896551724,20.977011494252874,62.356321839080465,14.473684210526317
2565797,701,347,282,83,65,32,260,54,19,64,14,0,19.769692040292465,5.03012912482066,Spain,81.26801152737752,23.919308357348704,74.92795389048992,35.18518518518518
2565798,695,229,150,41,39,13,150,65,18,49,5,0,18.42996895540615,4.641207815275311,Spain,65.50218340611353,17.903930131004365,65.50218340611353,27.692307692307693
2565798,696,432,350,85,66,39,324,47,17,57,13,1,20.42619890102003,1.8630653266331658,Spain,81.01851851851852,19.675925925925927,75.0,36.17021276595745
2565799,675,573,487,81,70,41,428,74,19,46,11,0,18.177461779186576,2.7325102880658436,Spain,84.99127399650959,14.136125654450263,74.69458987783595,25.675675675675674
2565799,691,365,301,74,54,20,230,89,25,37,15,1,18.872596698545795,2.305263157894737,Spain,82.46575342465754,20.273972602739725,63.013698630136986,28.08988764044944
2565800,679,697,624,95,101,41,497,64,20,37,11,3,18.165202939021395,1.2348336594911937,Spain,89.52654232424678,13.629842180774748,71.30559540889526,31.25
2565800,712,353,288,62,39,14,254,74,15,33,9,0,18.591960017021826,3.206015037593985,Spain,81.58640226628894,17.56373937677054,71.95467422096317,20.27027027027027
2565801,677,428,318,69,75,32,310,70,24,46,8,0,18.66887989067111,4.393980848153215,Spain,74.29906542056075,16.121495327102803,72.42990654205607,34.285714285714285
2565801,698,296,210,68,60,28,226,60,9,60,14,2,21.217428362418953,4.096930533117932,Spain,70.94594594594594,22.972972972972975,76.35135135135135,15.0
2565802,674,373,315,61,59,13,237,57,23,57,5,1,18.151268803435222,3.6901960784313728,Spain,84.45040214477211,16.353887399463808,63.53887399463807,40.35087719298245
2565802,678,353,284,81,60,27,261,98,23,50,8,1,20.497720630943594,2.8305555555555557,Spain,80.45325779036827,22.946175637393768,73.93767705382436,23.46938775510204
2565803,692,524,443,73,61,33,285,100,24,35,11,0,16.987085666810973,3.3827699018538713,Spain,84.54198473282443,13.931297709923665,54.38931297709924,24.0
2565803,756,383,327,68,47,22,261,57,19,48,10,1,18.357437362225753,2.455263157894737,Spain,85.37859007832898,17.75456919060052,68.1462140992167,33.33333333333333
2565804,684,421,344,89,48,16,297,63,15,39,8,0,18.82052294584595,2.7425227568270483,Spain,81.71021377672209,21.140142517814727,70.54631828978623,23.809523809523807
2565804,687,394,330,70,43,32,285,55,15,57,13,0,19.026376386366074,3.5801630434782608,Spain,83.75634517766497,17.766497461928935,72.33502538071066,27.27272727272727
2565805,682,380,272,79,59,24,260,72,18,63,9,0,17.529712122169567,5.116731517509727,Spain,71.57894736842105,20.789473684210527,68.42105263157895,25.0
2565805,701,368,251,92,69,38,275,55,32,56,12,1,19.85763413572029,3.1643132220795893,Spain,68.20652173913044,25.0,74.72826086956522,58.18181818181818
2565806,680,432,350,70,57,24,334,69,13,57,5,1,18.537190691631466,4.391304347826087,Spain,81.01851851851852,16.203703703703702,77.31481481481481,18.84057971014493
2565806,683,393,322,103,77,25,271,64,18,52,6,0,21.560538683234697,2.9036458333333335,Spain,81.93384223918575,26.208651399491096,68.95674300254453,28.125
2565807,676,519,448,56,68,39,297,71,26,58,7,0,16.610559361662144,3.030444964871194,Spain,86.31984585741812,10.789980732177264,57.22543352601156,36.61971830985916
2565807,714,288,230,57,30,14,184,100,20,47,6,0,18.613328637684496,3.118361153262519,Spain,79.86111111111111,19.791666666666664,63.888888888888886,20.0
2565808,683,295,220,50,53,17,217,102,25,51,4,0,17.475867166235567,4.5974395448079655,Spain,74.57627118644068,16.94915254237288,73.5593220338983,24.509803921568626
2565808,712,461,368,112,70,29,326,67,20,51,9,2,19.85552368282433,2.8556461001164144,Spain,79.82646420824295,24.295010845986983,70.71583514099783,29.850746268656714
2565809,682,489,388,89,85,42,304,59,23,51,12,0,19.381795796163825,2.371958285052144,Spain,79.34560327198365,18.200408997955012,62.16768916155419,38.983050847457626
2565809,756,264,186,53,47,20,192,70,20,49,4,2,18.42351809796246,4.640127388535032,Spain,70.45454545454545,20.075757575757574,72.72727272727273,28.57142857142857
2565810,677,246,178,48,39,18,188,49,8,43,7,1,20.499552063244444,5.377659574468085,Spain,72.35772357723577,19.51219512195122,76.42276422764228,16.3265306122449
2565810,701,622,532,122,98,46,439,32,15,47,12,1,20.21465283325497,4.226826608505998,Spain,85.53054662379421,19.614147909967848,70.57877813504824,46.875
2565811,674,411,346,65,54,30,265,56,16,48,11,2,19.047191213073166,1.4897400820793434,Spain,84.18491484184915,15.815085158150852,64.47688564476886,28.57142857142857
2565811,684,644,574,92,74,28,436,77,28,39,6,0,18.073598903396867,2.402083333333333,Spain,89.13043478260869,14.285714285714285,67.70186335403726,36.36363636363637
2565812,675,799,719,84,89,51,576,49,19,38,13,3,17.83791910576622,0.9360730593607306,Spain,89.98748435544431,10.513141426783479,72.090112640801,38.775510204081634
2565812,698,232,183,44,42,10,168,66,20,46,3,0,19.690405521515007,5.063314711359404,Spain,78.87931034482759,18.96551724137931,72.41379310344827,30.303030303030305
2565813,692,462,382,118,55,32,371,54,18,52,12,2,21.24669727457924,1.6024691358024692,Spain,82.68398268398268,25.541125541125542,80.3030303030303,33.33333333333333
2565813,714,334,273,48,47,27,208,74,18,41,9,1,18.13448291785653,3.9798850574712645,Spain,81.73652694610777,14.37125748502994,62.27544910179641,24.324324324324326
2565814,678,446,351,89,65,33,322,78,28,53,8,0,19.694296216600232,3.6302414231257942,Spain,78.69955156950674,19.955156950672645,72.19730941704036,35.8974358974359
2565814,680,424,352,74,54,27,276,47,13,55,16,2,19.235221327815264,3.104635761589404,Spain,83.01886792452831,17.452830188679243,65.09433962264151,27.659574468085108
2565815,687,549,485,104,71,24,388,58,21,38,14,2,21.32069765666225,1.346281908990011,Spain,88.34244080145719,18.94353369763206,70.67395264116576,36.206896551724135
2565815,696,348,274,92,68,18,246,86,27,47,2,1,21.151749687548087,3.998531571218796,Spain,78.73563218390804,26.436781609195403,70.6896551724138,31.3953488372093
2565816,691,543,455,103,83,43,410,69,15,49,13,1,19.076672421867066,3.7388949079089926,Spain,83.79373848987109,18.96869244935543,75.50644567219152,21.73913043478261
2565816,695,223,154,56,41,18,165,67,17,52,9,0,20.06642915217001,3.8700475435816166,Spain,69.05829596412556,25.112107623318387,73.99103139013454,25.37313432835821
2565817,676,574,502,55,54,31,383,60,36,48,12,0,17.244131797389443,1.6232948583420777,Spain,87.45644599303137,9.581881533101045,66.72473867595818,60.0
2565817,679,411,340,57,59,15,258,108,22,34,5,0,16.228844469816355,3.4440344403444034,Spain,82.7250608272506,13.86861313868613,62.77372262773723,20.37037037037037
2565818,675,481,388,88,57,36,353,44,7,49,12,2,18.771543519479845,4.351317440401505,Spain,80.66528066528068,18.295218295218298,73.38877338877339,15.909090909090908
2565818,701,396,309,114,80,34,285,46,28,48,12,1,22.413543791526727,3.049645390070922,Spain,78.03030303030303,28.78787878787879,71.96969696969697,60.86956521739131
2565819,674,302,243,49,42,14,184,80,21,49,10,2,17.93619387510437,3.606741573033708,Spain,80.4635761589404,16.225165562913908,60.9271523178808,26.25
2565819,680,513,435,66,69,58,384,70,27,63,20,0,18.473416063163064,1.4304207119741101,Spain,84.7953216374269,12.865497076023392,74.85380116959064,38.57142857142858
2565820,676,821,734,81,106,58,523,49,14,45,17,2,17.481203716987505,3.3888404533565826,Spain,89.40316686967114,9.866017052375152,63.702801461632156,28.57142857142857
2565820,683,234,177,41,29,17,178,84,16,40,5,0,18.125248739486718,5.670157068062827,Spain,75.64102564102564,17.52136752136752,76.06837606837607,19.047619047619047
2565821,682,383,314,60,42,28,221,74,29,48,11,1,17.299164712603407,3.741808650065531,Spain,81.98433420365535,15.66579634464752,57.702349869451695,39.189189189189186
2565821,714,468,383,100,59,25,323,70,29,50,7,0,19.03364485876423,2.4454203262233376,Spain,81.83760683760684,21.367521367521366,69.01709401709401,41.42857142857143
2565822,684,394,325,60,45,8,269,73,12,54,9,3,18.88370870162685,3.3568726355611602,Spain,82.48730964467005,15.228426395939088,68.2741116751269,16.43835616438356
2565822,696,380,287,88,71,39,267,65,32,59,6,1,19.4887779871293,2.3159303882195448,Spain,75.52631578947368,23.157894736842106,70.26315789473684,49.23076923076923
2565823,687,432,359,84,52,15,307,52,16,50,9,1,18.69929584726009,2.93368700265252,Spain,83.10185185185185,19.444444444444446,71.06481481481481,30.76923076923077
2565823,691,387,316,72,51,29,293,68,27,45,16,2,19.443672496397777,1.3986206896551725,Spain,81.65374677002583,18.6046511627907,75.71059431524549,39.705882352941174
2565824,679,381,303,66,49,31,289,53,18,45,6,3,18.94838533630241,2.471111111111111,Spain,79.52755905511812,17.322834645669293,75.8530183727034,33.9622641509434
2565824,692,473,405,74,54,28,327,47,11,43,9,0,18.967057285335212,3.4013245033112582,Spain,85.62367864693447,15.644820295983086,69.13319238900634,23.404255319148938
2565825,695,336,244,72,49,25,267,59,25,53,8,1,18.05952395243596,4.984126984126984,Spain,72.61904761904762,21.428571428571427,79.46428571428571,42.3728813559322
2565825,698,247,165,60,54,30,178,62,23,62,11,0,20.78872823368897,3.6628849270664507,Spain,66.80161943319838,24.291497975708502,72.06477732793523,37.096774193548384
2565826,678,300,229,66,50,19,199,74,22,58,11,2,21.471058449118814,3.7420333839150226,Spain,76.33333333333333,22.0,66.33333333333333,29.72972972972973
2565826,712,391,314,83,50,25,276,43,15,56,9,0,19.824886438725024,3.6856368563685638,Spain,80.30690537084399,21.22762148337596,70.58823529411765,34.883720930232556
2565827,677,398,315,85,69,35,251,70,25,42,8,0,18.306315386766467,5.2287234042553195,Spain,79.14572864321609,21.35678391959799,63.06532663316583,35.714285714285715
2565827,756,379,322,87,49,11,256,54,26,52,8,2,19.101777104028603,4.209876543209877,Spain,84.96042216358839,22.95514511873351,67.54617414248021,48.148148148148145
2565828,687,464,383,88,47,32,351,59,22,56,6,1,18.28926268087907,2.207718501702611,Spain,82.54310344827587,18.96551724137931,75.64655172413794,37.28813559322034
2565828,698,226,156,56,48,27,165,83,26,48,8,2,17.71458262833839,5.8815566835871405,Spain,69.02654867256636,24.778761061946902,73.00884955752213,31.32530120481928
2565829,695,239,166,70,37,18,159,50,8,43,7,2,20.664061827678303,5.463821892393321,Spain,69.4560669456067,29.288702928870293,66.52719665271967,16.0
2565829,701,488,402,127,97,37,400,64,29,55,11,1,20.068385672245373,4.088785046728972,Spain,82.37704918032787,26.024590163934423,81.9672131147541,45.3125
2565830,676,577,507,80,56,31,383,53,15,38,15,2,18.421474358203366,1.6002202643171806,Spain,87.8682842287695,13.864818024263432,66.37781629116117,28.30188679245283
2565830,678,391,317,76,64,33,286,93,39,33,10,0,18.67284335334221,3.3034013605442176,Spain,81.07416879795396,19.437340153452684,73.1457800511509,41.935483870967744
2565831,680,558,466,74,94,31,385,69,18,60,7,1,17.631125711881893,3.510917030567686,Spain,83.51254480286738,13.261648745519713,68.99641577060932,26.08695652173913
2565831,712,284,222,55,39,19,207,71,21,48,11,2,19.87578633405287,4.007788161993769,Spain,78.16901408450704,19.366197183098592,72.88732394366197,29.577464788732392
2565832,679,369,309,46,53,22,261,73,15,41,7,0,17.95329245998274,3.0508474576271185,Spain,83.73983739837398,12.466124661246612,70.73170731707317,20.54794520547945
2565832,682,630,554,76,95,37,453,56,30,48,15,2,17.902768513169423,1.6409989594172736,Spain,87.93650793650794,12.063492063492063,71.9047619047619,53.57142857142857
2565833,677,320,243,77,57,30,222,72,31,56,12,1,20.463928302517843,3.9051094890510947,Spain,75.9375,24.0625,69.375,43.05555555555556
2565833,714,375,303,59,58,17,288,72,12,62,8,1,18.417828318962062,4.00390625,Spain,80.80000000000001,15.733333333333333,76.8,16.666666666666664
2565834,683,374,293,63,49,19,286,78,25,48,5,0,17.503481573622853,4.733505821474774,Spain,78.34224598930481,16.844919786096256,76.47058823529412,32.05128205128205
2565834,692,405,316,75,56,37,266,85,28,50,10,0,18.9063884244604,3.0872817955112217,Spain,78.02469135802468,18.51851851851852,65.67901234567901,32.94117647058823
2565835,674,565,504,87,71,43,401,67,23,54,18,2,20.581556273400427,1.7252396166134185,Spain,89.20353982300885,15.398230088495577,70.97345132743362,34.32835820895522
2565835,696,360,292,61,57,27,238,71,14,31,12,1,19.42198007173271,3.668141592920354,Spain,81.11111111111111,16.944444444444446,66.11111111111111,19.718309859154928
2565836,675,612,553,66,70,41,411,64,15,36,17,6,17.854080477704553,0.6964477933261571,Spain,90.359477124183,10.784313725490197,67.15686274509804,23.4375
2565836,756,311,266,68,29,17,233,39,15,45,8,3,19.262836296541487,3.117252931323283,Spain,85.53054662379421,21.864951768488748,74.91961414790997,38.46153846153847
2565837,684,733,657,83,66,17,479,45,22,32,9,3,17.263228880894975,1.9643201542912248,Spain,89.63165075034107,11.323328785811732,65.34788540245566,48.888888888888886
2565837,691,303,215,55,34,17,217,67,9,47,2,0,18.160512006601888,4.240641711229946,Spain,70.95709570957096,18.151815181518153,71.61716171617162,13.432835820895523
2565838,691,461,387,74,75,34,314,48,23,47,10,0,19.242534095419174,3.1666666666666665,Spain,83.94793926247289,16.052060737527114,68.11279826464208,47.91666666666667
2565838,696,359,280,84,54,22,242,51,19,49,10,0,19.384621271880178,4.889051094890511,Spain,77.99442896935933,23.398328690807798,67.40947075208913,37.254901960784316
2565839,677,448,366,87,49,33,341,79,26,41,8,0,18.494108587783007,3.745614035087719,Spain,81.69642857142857,19.419642857142858,76.11607142857143,32.91139240506329
2565839,679,498,435,69,57,25,377,48,19,59,11,0,16.82672747628481,2.395238095238095,Spain,87.34939759036145,13.855421686746988,75.70281124497991,39.58333333333333
2565840,674,437,369,56,66,23,258,64,25,31,3,1,17.889469166664423,4.400260756192959,Spain,84.43935926773455,12.814645308924485,59.03890160183066,39.0625
2565840,712,408,337,86,62,34,297,48,22,54,5,0,21.180127466372518,3.447945205479452,Spain,82.59803921568627,21.07843137254902,72.79411764705883,45.83333333333333
2565841,684,550,474,86,69,14,364,56,9,55,7,1,18.394921564917016,3.889261744966443,Spain,86.18181818181819,15.636363636363637,66.18181818181819,16.071428571428573
2565841,698,260,187,80,71,31,197,64,28,48,5,0,21.22036490963946,4.012389380530974,Spain,71.92307692307692,30.76923076923077,75.76923076923077,43.75
2565842,678,355,278,68,64,30,271,66,20,46,12,1,19.536347095221,2.521262002743484,Spain,78.30985915492957,19.154929577464788,76.33802816901408,30.303030303030305
2565842,692,465,375,99,48,39,353,63,21,46,12,1,18.50691164034739,3.961630695443645,Spain,80.64516129032258,21.29032258064516,75.91397849462366,33.33333333333333
2565843,695,381,317,84,67,37,284,56,20,48,15,1,19.608035497686345,4.0183968462549275,Spain,83.2020997375328,22.04724409448819,74.54068241469817,35.714285714285715
2565843,756,353,279,79,50,29,263,91,25,44,12,1,19.901289856196207,2.7950138504155126,Spain,79.03682719546742,22.379603399433428,74.5042492917847,27.472527472527474
2565844,687,350,262,76,46,14,262,67,8,63,6,0,20.86773137932064,4.362482369534556,Spain,74.85714285714286,21.714285714285715,74.85714285714286,11.940298507462686
2565844,701,361,267,115,78,28,278,40,19,61,12,0,23.229725852656916,2.6938483547925607,Spain,73.9612188365651,31.855955678670362,77.00831024930747,47.5
2565845,676,592,519,65,52,49,423,61,19,54,16,2,17.736865953686706,2.444801714898178,Spain,87.66891891891892,10.97972972972973,71.4527027027027,31.147540983606557
2565845,680,397,342,58,48,26,282,71,11,35,21,2,19.132287508326698,1.2005242463958061,Spain,86.14609571788414,14.609571788413097,71.03274559193954,15.492957746478872
2565846,682,491,419,63,71,27,369,71,22,59,7,0,16.720017130391675,3.2936596218020022,Spain,85.33604887983707,12.830957230142568,75.15274949083503,30.985915492957744
2565846,683,364,306,78,44,27,252,87,25,43,10,0,20.383638556069116,2.8714479025710418,Spain,84.06593406593407,21.428571428571427,69.23076923076923,28.735632183908045
2565847,675,433,372,60,51,28,322,57,19,36,12,1,17.3796801758562,3.070666666666667,Spain,85.91224018475751,13.856812933025402,74.364896073903,33.33333333333333
2565847,714,427,363,73,60,23,311,60,23,45,15,0,19.737657367999784,1.9574759945130316,Spain,85.01170960187353,17.096018735362996,72.8337236533958,38.333333333333336
2565848,678,441,372,63,68,37,318,59,18,40,17,3,17.31279825070311,4.543969849246231,Spain,84.35374149659864,14.285714285714285,72.10884353741497,30.508474576271187
2565848,682,417,329,79,58,29,261,67,22,39,7,1,18.908175482656183,3.1116883116883116,Spain,78.8968824940048,18.94484412470024,62.589928057553955,32.83582089552239
2565849,677,330,270,66,44,20,253,69,25,50,13,2,18.735431029591336,3.2869565217391306,Spain,81.81818181818183,20.0,76.66666666666667,36.231884057971016
2565849,683,358,296,82,44,37,282,76,18,51,9,1,18.734255073760878,3.7639664804469275,Spain,82.68156424581005,22.905027932960895,78.77094972067039,23.684210526315788
2565850,680,481,408,78,59,32,328,58,12,38,14,0,19.153308716869347,3.31442663378545,Spain,84.82328482328482,16.216216216216218,68.1912681912682,20.689655172413794
2565850,692,425,347,79,60,41,298,61,19,56,10,3,19.844635251306865,2.7826649417852525,Spain,81.64705882352942,18.58823529411765,70.11764705882354,31.147540983606557
2565851,674,468,412,57,51,13,316,56,18,38,14,1,20.517860090729727,2.164102564102564,Spain,88.03418803418803,12.179487179487179,67.52136752136752,32.142857142857146
2565851,691,527,448,83,62,35,342,64,28,43,17,0,18.87068038811871,3.152439024390244,Spain,85.00948766603416,15.749525616698293,64.89563567362428,43.75
2565852,675,703,643,116,73,63,535,66,34,45,26,1,19.78476393135354,-0.14555765595463138,Spain,91.4651493598862,16.500711237553343,76.10241820768137,51.515151515151516
2565852,679,307,264,46,51,17,198,82,25,29,8,1,17.50648377947654,3.13089802130898,Spain,85.99348534201955,14.983713355048861,64.49511400651465,30.48780487804878
2565853,684,401,329,64,36,27,274,60,10,38,14,1,18.452479978763808,2.8867924528301887,Spain,82.04488778054862,15.96009975062344,68.3291770573566,16.666666666666664
2565853,701,445,361,104,66,24,325,46,17,56,5,0,19.580243862740435,4.046052631578948,Spain,81.12359550561797,23.370786516853933,73.03370786516854,36.95652173913043
2565854,687,375,308,74,45,16,224,61,19,52,12,5,18.887713032591726,2.3559782608695654,Spain,82.13333333333334,19.733333333333334,59.73333333333334,31.147540983606557
2565854,756,380,305,91,49,23,276,76,24,49,6,0,18.512673522097625,2.0827586206896553,Spain,80.26315789473685,23.94736842105263,72.63157894736842,31.57894736842105
2565855,695,275,198,50,45,29,188,83,21,51,11,2,17.984494375108586,3.8689759036144578,Spain,72.0,18.181818181818183,68.36363636363636,25.301204819277107
2565855,714,386,327,72,56,31,258,61,26,47,17,1,17.843801519149974,4.235910878112713,Spain,84.71502590673575,18.65284974093264,66.83937823834198,42.62295081967213
2565856,676,654,574,84,79,45,464,70,26,51,11,2,17.209038238482126,1.8223748773307165,Spain,87.76758409785933,12.844036697247708,70.9480122324159,37.142857142857146
2565856,712,280,217,38,27,18,201,77,17,39,10,1,16.66487953371178,4.43859649122807,Spain,77.5,13.571428571428571,71.78571428571429,22.07792207792208
2565857,696,274,203,63,39,28,203,39,18,55,11,2,19.54276397475892,5.061806656101426,Spain,74.08759124087592,22.99270072992701,74.08759124087592,46.15384615384615
2565857,698,309,211,70,61,20,210,58,17,53,4,0,18.836107915613482,5.429892141756548,Spain,68.28478964401295,22.653721682847898,67.96116504854369,29.310344827586203
2565858,674,393,334,54,57,26,249,76,10,36,14,0,18.479274146280428,2.9117241379310346,Spain,84.98727735368958,13.740458015267176,63.358778625954194,13.157894736842104
2565858,676,662,596,62,86,63,445,66,27,38,12,2,17.310871810829518,2.281947261663286,Spain,90.03021148036254,9.365558912386707,67.22054380664653,40.909090909090914
2565859,687,457,392,65,40,28,331,87,31,51,20,1,17.911071446574585,3.0535077288941737,Spain,85.77680525164114,14.22319474835886,72.42888402625822,35.63218390804598
2565859,714,416,354,83,44,24,294,73,21,54,7,0,18.34016634875909,2.651644336175396,Spain,85.09615384615384,19.951923076923077,70.67307692307693,28.767123287671232
2565860,679,542,484,59,55,33,397,84,28,54,12,3,16.908518276093496,2.2368972746331237,Spain,89.2988929889299,10.885608856088561,73.24723247232473,33.33333333333333
2565860,695,417,339,53,63,34,295,83,21,33,11,0,16.724047135003268,3.774484536082474,Spain,81.29496402877699,12.709832134292565,70.74340527577938,25.301204819277107
2565861,692,382,304,72,47,14,222,53,16,55,5,0,19.75586264921925,2.45260347129506,Spain,79.58115183246073,18.848167539267017,58.1151832460733,30.18867924528302
2565861,712,267,201,54,46,21,189,57,35,57,17,1,21.58389397498749,1.1784615384615384,Spain,75.28089887640449,20.224719101123593,70.78651685393258,61.40350877192983
2565862,691,450,371,86,78,44,356,63,20,49,5,0,18.999135259398308,4.320203303684879,Spain,82.44444444444444,19.11111111111111,79.11111111111111,31.746031746031743
2565862,698,255,199,78,51,19,162,59,24,52,12,0,21.19873179137253,3.9168053244592347,Spain,78.03921568627452,30.58823529411765,63.52941176470588,40.67796610169492
2565863,677,342,272,55,40,30,254,55,7,48,5,3,18.495975668828866,3.4963715529753268,Spain,79.53216374269006,16.08187134502924,74.26900584795322,12.727272727272727
2565863,678,518,437,72,72,39,356,70,17,52,10,1,19.198221385550216,1.3981264637002342,Spain,84.36293436293437,13.8996138996139,68.72586872586872,24.285714285714285
2565864,684,387,326,67,48,16,224,56,16,42,8,1,20.117282102558015,4.3695054945054945,Spain,84.23772609819122,17.31266149870801,57.88113695090439,28.57142857142857
2565864,756,289,223,73,47,35,209,72,30,55,6,0,20.095965026522272,2.661993769470405,Spain,77.16262975778547,25.259515570934255,72.31833910034602,41.66666666666667
2565865,696,213,146,41,41,15,145,63,13,48,1,1,18.220994956360023,5.517706576728499,Spain,68.54460093896714,19.248826291079812,68.07511737089203,20.634920634920633
2565865,701,460,373,117,75,51,346,41,23,72,16,0,22.3363502809172,1.3913565426170469,Spain,81.08695652173913,25.43478260869565,75.21739130434783,56.09756097560976
2565866,680,483,406,74,82,56,320,55,31,54,14,2,18.894234404352744,1.2223529411764706,Spain,84.05797101449275,15.320910973084887,66.25258799171843,56.36363636363636
2565866,682,357,311,68,37,19,251,74,17,43,9,2,19.860954446031855,2.4859437751004014,Spain,87.11484593837535,19.047619047619047,70.30812324929971,22.972972972972975
2565867,675,650,584,90,62,44,456,58,9,37,14,1,17.724487202203278,2.3647540983606556,Spain,89.84615384615384,13.846153846153847,70.15384615384616,15.517241379310345
2565867,683,391,333,70,51,21,271,54,24,39,9,1,19.949437069988516,1.9795918367346939,Spain,85.16624040920716,17.902813299232736,69.30946291560103,44.44444444444444
2565868,679,355,282,42,53,19,266,83,15,51,9,0,28.98366820849681,6.208823529411765,Spain,79.43661971830987,11.830985915492958,74.92957746478874,18.072289156626507
2565868,687,495,443,100,46,17,380,62,31,49,10,3,31.14028159404291,2.044167610419026,Spain,89.4949494949495,20.2020202020202,76.76767676767676,50.0
2565869,683,449,376,88,60,27,322,85,30,42,7,0,18.746547819926825,4.307888040712468,Spain,83.74164810690424,19.599109131403118,71.71492204899778,35.294117647058826
2565869,695,482,408,79,67,34,344,43,15,49,11,1,18.786949062569303,2.968019680196802,Spain,84.64730290456431,16.390041493775932,71.36929460580913,34.883720930232556
2565870,696,369,296,60,58,32,226,46,20,52,9,1,19.963487354089718,2.079022988505747,Spain,80.21680216802169,16.260162601626014,61.24661246612466,43.47826086956522
2565870,756,349,290,73,48,23,232,47,15,37,11,0,20.292181086705227,4.527863777089784,Spain,83.0945558739255,20.916905444126073,66.4756446991404,31.914893617021278
2565871,691,406,331,100,59,18,287,67,17,55,6,0,20.424687768906246,3.8783783783783785,Spain,81.5270935960591,24.63054187192118,70.6896551724138,25.37313432835821
2565871,701,368,275,98,71,22,238,59,23,51,5,1,22.031499743137957,5.655913978494624,Spain,74.72826086956522,26.6304347826087,64.67391304347827,38.983050847457626
2565872,682,512,441,86,65,33,340,47,17,44,15,2,20.71286984651277,2.039443155452436,Spain,86.1328125,16.796875,66.40625,36.17021276595745
2565872,712,356,281,69,52,11,242,75,13,52,6,1,18.35805880750458,3.8699421965317917,Spain,78.93258426966293,19.382022471910112,67.97752808988764,17.333333333333336
2565873,677,318,253,66,57,25,236,78,23,42,20,0,22.789874839204103,1.0681818181818181,Spain,79.55974842767296,20.754716981132077,74.21383647798741,29.48717948717949
2565873,680,552,490,81,61,41,396,65,15,53,23,0,18.422212346494767,2.4590673575129536,Spain,88.76811594202898,14.673913043478262,71.73913043478261,23.076923076923077
2565874,676,477,412,65,53,21,318,51,19,43,14,2,17.911945555742594,2.3511830635118307,Spain,86.37316561844864,13.626834381551362,66.66666666666666,37.254901960784316
2565874,692,458,381,72,64,37,311,82,27,27,17,2,19.580498309626673,1.1540436456996148,Spain,83.1877729257642,15.72052401746725,67.90393013100436,32.926829268292686
2565875,674,520,433,99,76,35,349,58,17,52,8,1,22.555605461429593,2.117713004484305,Spain,83.26923076923077,19.038461538461537,67.11538461538461,29.310344827586203
2565875,698,290,227,62,50,14,212,70,28,57,7,2,23.33295525148978,3.4137426900584797,Spain,78.27586206896552,21.379310344827587,73.10344827586206,40.0
2565876,675,595,501,110,72,60,427,36,11,58,27,1,21.66473809071241,-0.18636847710330137,Spain,84.2016806722689,18.487394957983195,71.76470588235294,30.555555555555557
2565876,678,297,226,60,44,17,187,76,22,39,6,1,21.599268282637386,2.5705329153605017,Spain,76.0942760942761,20.2020202020202,62.96296296296296,28.947368421052634
2565877,684,487,427,70,49,35,301,52,30,48,16,1,19.958884002677006,0.7691358024691358,Spain,87.67967145790554,14.37371663244353,61.80698151950719,57.692307692307686
2565877,714,343,283,45,46,16,216,69,25,49,1,0,18.95994744727362,2.436420722135008,Spain,82.5072886297376,13.119533527696792,62.973760932944614,36.231884057971016
2565878,674,339,286,54,46,29,222,58,17,38,16,1,18.148489265378583,4.070901033973412,Spain,84.36578171091446,15.929203539823009,65.48672566371681,29.310344827586203
2565878,692,556,499,102,66,31,359,55,15,42,9,1,19.56649315522306,2.8557046979865772,Spain,89.74820143884892,18.345323741007196,64.568345323741,27.27272727272727
2565879,678,423,335,96,72,40,282,69,22,44,16,1,20.943089822546234,2.6063694267515922,Spain,79.19621749408984,22.69503546099291,66.66666666666666,31.88405797101449
2565879,695,356,284,67,45,29,272,59,16,45,9,1,19.03881781311542,4.562849162011173,Spain,79.7752808988764,18.820224719101123,76.40449438202246,27.11864406779661
2565880,691,286,220,43,33,13,189,89,19,48,5,2,17.12365288409872,3.166172106824926,Spain,76.92307692307693,15.034965034965033,66.08391608391608,21.34831460674157
2565880,756,448,374,107,69,45,292,55,28,52,19,0,21.28997138084887,0.8456865127582017,Spain,83.48214285714286,23.883928571428573,65.17857142857143,50.90909090909091
2565881,698,205,130,56,45,12,156,91,24,64,7,1,20.01645829349711,6.183333333333334,Spain,63.41463414634146,27.31707317073171,76.09756097560975,26.373626373626376
2565881,701,409,321,102,72,34,268,48,21,55,10,0,20.03452183268353,2.8177676537585423,Spain,78.4841075794621,24.938875305623473,65.52567237163814,43.75
2565882,675,659,595,125,85,29,514,45,13,41,10,1,20.698708100097342,3.1036960985626285,Spain,90.28831562974203,18.968133535660094,77.99696509863429,28.888888888888886
2565882,680,354,295,62,40,22,257,71,15,40,13,2,19.48593477097909,3.334862385321101,Spain,83.33333333333334,17.51412429378531,72.59887005649718,21.12676056338028
2565883,683,289,238,60,25,13,213,86,17,42,5,2,19.25190816432989,3.75787728026534,Spain,82.35294117647058,20.761245674740483,73.70242214532871,19.767441860465116
2565883,687,605,553,111,86,31,408,56,14,49,11,0,19.722026129774413,2.607361963190184,Spain,91.40495867768595,18.34710743801653,67.43801652892562,25.0
2565884,676,627,566,52,66,37,405,58,13,39,12,5,17.165777406630166,1.6231422505307855,Spain,90.27113237639554,8.293460925039872,64.5933014354067,22.413793103448278
2565884,682,479,418,50,37,27,327,98,32,30,20,1,16.46458797982728,3.0354523227383865,Spain,87.2651356993737,10.438413361169102,68.26722338204593,32.6530612244898
2565885,696,274,220,63,38,15,185,64,17,48,10,4,19.01801366356967,4.37953795379538,Spain,80.2919708029197,22.99270072992701,67.51824817518248,26.5625
2565885,714,585,523,79,70,31,384,59,25,44,9,0,17.42817765124393,2.565689467969598,Spain,89.40170940170941,13.504273504273504,65.64102564102564,42.3728813559322
2565886,679,319,240,47,47,21,209,78,23,54,10,0,19.27525428063053,1.579192546583851,Spain,75.23510971786834,14.733542319749215,65.51724137931035,29.48717948717949
2565886,684,667,600,62,53,22,459,63,28,47,9,0,18.159388426193864,2.3942583732057416,Spain,89.95502248875562,9.295352323838081,68.81559220389805,44.44444444444444
2565887,677,369,289,77,46,14,272,82,16,47,8,0,19.21627528222561,5.320936639118457,Spain,78.31978319783198,20.867208672086722,73.71273712737127,19.51219512195122
2565887,712,412,337,75,80,31,297,43,25,68,12,0,19.445655623493426,3.1379310344827585,Spain,81.79611650485437,18.203883495145632,72.0873786407767,58.139534883720934
2565888,682,365,311,64,44,25,233,67,14,35,13,4,24.092834916205426,3.2768115942028984,Spain,85.2054794520548,17.534246575342465,63.83561643835617,20.8955223880597
2565888,692,596,537,107,80,33,379,56,17,34,13,1,23.622418067609075,2.3907074973600846,Spain,90.1006711409396,17.953020134228186,63.59060402684564,30.357142857142854
2565889,676,667,600,87,76,61,469,50,26,41,19,4,19.772690803040422,2.5851063829787235,Spain,89.95502248875562,13.043478260869565,70.31484257871064,52.0
2565889,677,402,336,67,49,33,271,64,16,32,15,2,20.748603895168024,1.4971264367816093,Spain,83.5820895522388,16.666666666666664,67.41293532338308,25.0
2565890,674,493,389,97,64,43,363,55,17,63,14,0,19.474385141240518,2.2292161520190024,Spain,78.90466531440163,19.675456389452332,73.63083164300203,30.909090909090907
2565890,701,325,245,65,55,22,213,90,31,46,8,0,17.487093222435764,4.208275862068965,Spain,75.38461538461539,20.0,65.53846153846153,34.44444444444444
2565891,675,568,501,105,71,23,385,88,20,39,10,2,19.443222524852928,2.60082304526749,Spain,88.20422535211267,18.485915492957748,67.78169014084507,22.727272727272727
2565891,712,379,324,52,55,28,289,104,37,46,12,1,17.80676140365919,3.920152091254753,Spain,85.4881266490765,13.720316622691293,76.2532981530343,35.57692307692308
2565892,698,239,171,47,50,21,183,56,23,64,8,1,19.507137396654304,5.809688581314879,Spain,71.54811715481172,19.665271966527197,76.56903765690377,41.07142857142857
2565892,756,383,309,91,53,29,252,79,27,45,11,0,19.15146497468867,4.124156545209177,Spain,80.67885117493474,23.759791122715406,65.79634464751958,34.177215189873415
2565893,683,328,266,74,42,21,223,64,22,39,9,1,19.216589130104946,4.489614243323442,Spain,81.09756097560977,22.5609756097561,67.98780487804879,34.375
2565893,684,562,486,61,49,30,352,71,17,48,11,2,18.197924345939526,1.597574421168688,Spain,86.47686832740213,10.85409252669039,62.63345195729537,23.943661971830984
2565894,678,362,272,79,63,24,270,91,46,59,8,0,25.615455936136936,1.8522571819425444,Spain,75.13812154696133,21.823204419889503,74.58563535911603,50.54945054945055
2565894,687,415,350,68,29,9,292,48,17,54,15,1,22.961389193517025,1.5436408977556109,Spain,84.33734939759037,16.3855421686747,70.36144578313252,35.41666666666667
2565895,680,449,367,86,65,53,320,90,27,39,19,1,19.380052251209055,4.0404907975460125,Spain,81.73719376391982,19.15367483296214,71.26948775055679,30.0
2565895,695,346,292,51,43,39,246,64,9,43,14,2,19.470145087127516,3.712566844919786,Spain,84.39306358381504,14.739884393063585,71.09826589595376,14.0625
2565896,679,469,390,67,64,47,306,68,29,49,9,0,17.358389658611802,4.1735537190082646,Spain,83.15565031982942,14.285714285714285,65.2452025586354,42.64705882352941
2565896,696,298,222,53,40,33,206,73,22,48,5,0,17.030552734999063,4.250733137829912,Spain,74.49664429530202,17.78523489932886,69.12751677852349,30.136986301369863
2565897,691,427,367,81,63,39,272,56,29,47,15,1,19.469508632577952,1.763729246487867,Spain,85.94847775175644,18.969555035128806,63.70023419203748,51.78571428571429
2565897,714,348,290,69,43,23,234,68,29,49,11,0,19.153800514286274,3.364406779661017,Spain,83.33333333333334,19.82758620689655,67.24137931034483,42.64705882352941
2565898,698,185,125,45,38,18,143,92,31,47,7,1,18.050910314091915,4.865248226950355,Spain,67.56756756756756,24.324324324324326,77.29729729729729,33.69565217391305
2565898,714,466,402,97,73,25,326,49,10,59,19,0,20.43633893554277,1.6670673076923077,Spain,86.26609442060087,20.815450643776824,69.95708154506438,20.408163265306122
2565899,679,446,386,71,69,20,312,60,20,42,8,0,18.97176312977897,2.375483870967742,Spain,86.54708520179372,15.919282511210762,69.95515695067265,33.33333333333333
2565899,691,578,494,121,84,19,437,58,16,39,14,1,19.46323436452868,3.0207423580786026,Spain,85.46712802768167,20.93425605536332,75.60553633217994,27.586206896551722
2565900,695,444,386,104,67,34,323,56,21,45,9,2,21.357430507242444,3.4906914893617023,Spain,86.93693693693693,23.423423423423422,72.74774774774775,37.5
2565900,712,329,277,77,32,31,221,75,22,37,14,0,20.080221688912363,2.3934426229508197,Spain,84.19452887537993,23.404255319148938,67.17325227963525,29.333333333333332
2565901,674,377,325,49,37,18,260,66,22,49,3,0,17.106465338466005,2.3943661971830985,Spain,86.20689655172413,12.9973474801061,68.96551724137932,33.33333333333333
2565901,682,514,455,79,61,29,385,75,36,47,14,1,18.04362349913571,1.4831591173054588,Spain,88.52140077821011,15.369649805447471,74.90272373540856,48.0
2565902,677,406,321,90,49,36,312,75,17,45,9,1,20.881833557433435,4.166898470097357,Spain,79.06403940886699,22.167487684729064,76.84729064039408,22.666666666666664
2565902,692,459,402,78,44,30,330,43,17,51,13,1,19.528490920842174,2.237797246558198,Spain,87.58169934640523,16.99346405228758,71.89542483660131,39.53488372093023
2565903,678,405,345,71,53,33,294,54,17,37,13,2,19.74782089566284,1.0312056737588653,Spain,85.18518518518519,17.530864197530864,72.5925925925926,31.48148148148148
2565903,684,550,478,70,50,15,345,57,5,38,4,0,18.13936576099899,2.032181168057211,Spain,86.9090909090909,12.727272727272727,62.727272727272734,8.771929824561402
2565904,701,254,184,59,58,16,164,60,27,55,11,4,19.709516804010022,3.824,Spain,72.44094488188976,23.228346456692915,64.56692913385827,45.0
2565904,756,384,301,108,52,29,272,60,14,55,14,1,21.318004673382436,1.7493333333333334,Spain,78.38541666666666,28.125,70.83333333333334,23.333333333333332
2565905,680,335,268,62,50,20,252,65,28,39,14,0,19.00936521098043,2.1322188449848025,Spain,80.0,18.507462686567163,75.22388059701493,43.07692307692308
2565905,687,503,439,81,42,25,345,49,16,48,9,0,18.144785255787635,3.345933562428408,Spain,87.27634194831015,16.10337972166998,68.58846918489066,32.6530612244898
2565906,683,376,317,81,49,33,290,70,23,43,9,0,19.583172873085164,2.4884353741496597,Spain,84.30851063829788,21.54255319148936,77.12765957446808,32.857142857142854
2565906,696,323,264,60,39,31,218,58,13,52,13,3,18.455753834898683,4.6964028776978415,Spain,81.73374613003097,18.575851393188856,67.49226006191951,22.413793103448278
2565907,675,548,502,73,56,41,400,71,27,29,15,2,16.845573177332923,2.794694348327566,Spain,91.6058394160584,13.321167883211679,72.99270072992701,38.028169014084504
2565907,676,520,469,48,61,18,320,50,16,48,10,2,17.489222021955232,1.4542211652794292,Spain,90.1923076923077,9.230769230769232,61.53846153846154,32.0
2565908,674,379,311,58,39,22,206,65,17,34,11,1,18.507834787648747,4.764137931034483,Spain,82.05804749340369,15.303430079155673,54.35356200527705,26.153846153846157
2565908,756,488,411,105,81,33,351,58,28,48,12,0,20.320314632776693,2.323741007194245,Spain,84.22131147540983,21.51639344262295,71.92622950819673,48.275862068965516
2565909,678,476,385,89,72,36,346,64,20,52,9,1,18.207772023392227,4.3349693251533745,Spain,80.88235294117648,18.69747899159664,72.68907563025209,31.25
2565909,696,302,231,64,45,9,220,77,21,36,3,2,17.521758765785282,4.638198757763975,Spain,76.49006622516556,21.192052980132452,72.84768211920529,27.27272727272727
2565910,683,253,196,59,40,12,180,79,25,49,8,0,19.019847624935313,2.9673202614379086,Spain,77.4703557312253,23.3201581027668,71.14624505928853,31.645569620253166
2565910,691,541,474,70,56,33,371,71,25,54,18,3,18.626310307830046,0.7971491228070176,Spain,87.61552680221811,12.939001848428836,68.57670979667283,35.2112676056338
2565911,677,544,468,124,55,38,437,51,12,39,15,2,22.44414362942355,1.0649188514357053,Spain,86.02941176470588,22.794117647058822,80.33088235294117,23.52941176470588
2565911,682,523,464,87,66,26,348,64,12,33,11,4,20.148412054896326,2.3166259168704157,Spain,88.7189292543021,16.634799235181642,66.53919694072657,18.75
2565912,675,639,569,64,74,40,423,48,21,41,14,5,17.648442404769753,1.3796095444685466,Spain,89.04538341158059,10.015649452269171,66.19718309859155,43.75
2565912,692,473,408,59,45,26,290,54,23,28,5,0,19.056959767995163,2.7489986648865155,Spain,86.25792811839324,12.473572938689218,61.31078224101479,42.592592592592595
2565913,679,378,308,43,49,16,266,97,29,46,5,1,15.921823789210968,3.579842931937173,Spain,81.48148148148148,11.375661375661375,70.37037037037037,29.896907216494846
2565913,698,396,313,73,53,35,303,83,19,52,8,0,17.724967954714682,1.8991172761664565,Spain,79.04040404040404,18.434343434343432,76.51515151515152,22.89156626506024
2565914,680,458,379,63,63,34,321,63,34,35,13,2,16.78168674282963,3.247074122236671,Spain,82.75109170305677,13.755458515283841,70.08733624454149,53.96825396825397
2565914,684,403,342,57,36,15,267,54,13,44,8,2,18.108753271073237,2.4452247191011236,Spain,84.863523573201,14.1439205955335,66.25310173697271,24.074074074074073
2565915,701,398,286,95,76,19,297,57,22,52,9,1,20.117828845880993,4.031207598371777,Spain,71.85929648241206,23.869346733668344,74.62311557788944,38.59649122807017
2565915,714,408,290,88,56,15,271,68,19,72,6,0,18.91516407616201,4.315584415584415,Spain,71.07843137254902,21.568627450980394,66.42156862745098,27.941176470588236
2565916,687,555,480,93,67,16,379,73,25,47,11,2,18.284896941676944,1.915938864628821,Spain,86.48648648648648,16.756756756756758,68.28828828828829,34.24657534246575
2565916,712,351,271,45,44,25,279,56,21,44,8,2,17.787818399350826,3.899536321483771,Spain,77.20797720797721,12.82051282051282,79.48717948717949,37.5
2565917,676,513,449,72,65,56,356,51,23,53,16,3,17.255552000273624,2.84004884004884,Spain,87.5243664717349,14.035087719298245,69.39571150097466,45.09803921568628
2565917,695,282,221,46,25,24,207,68,16,37,11,5,19.997856978327267,1.011513157894737,Spain,78.36879432624113,16.312056737588655,73.40425531914893,23.52941176470588
2565918,692,551,472,106,81,41,360,67,24,38,16,4,20.625093487597344,1.152019002375297,Spain,85.66243194192378,19.237749546279492,65.33575317604355,35.82089552238806
2565918,695,336,274,40,44,20,223,58,21,43,7,2,18.254076275101227,2.9108187134502925,Spain,81.54761904761905,11.904761904761903,66.36904761904762,36.206896551724135
2565919,678,512,426,86,75,39,318,39,13,36,9,0,20.40959046245566,3.0783817951959547,Spain,83.203125,16.796875,62.109375,33.33333333333333
2565919,691,407,327,75,52,18,263,52,7,39,12,1,20.430916256874614,3.465909090909091,Spain,80.34398034398035,18.42751842751843,64.61916461916462,13.461538461538462
2565920,680,601,540,99,73,50,457,65,16,38,17,1,19.48356976648527,1.0618996798292422,Spain,89.85024958402661,16.472545757071547,76.03993344425956,24.615384615384617
2565920,696,361,292,58,51,17,233,69,20,45,7,0,19.09021333457065,2.8528528528528527,Spain,80.88642659279779,16.06648199445983,64.54293628808865,28.985507246376812
2565921,683,244,182,69,49,12,169,67,27,43,6,0,19.315520238323217,5.303370786516854,Spain,74.59016393442623,28.278688524590162,69.26229508196722,40.298507462686565
2565921,698,424,334,117,84,33,329,57,23,53,8,0,19.477226167125146,4.664968152866242,Spain,78.77358490566037,27.594339622641513,77.59433962264151,40.35087719298245
2565922,676,592,535,83,67,39,408,55,26,38,10,1,18.657176424217635,1.75,Spain,90.37162162162163,14.020270270270272,68.91891891891892,47.27272727272727
2565922,687,360,308,48,41,26,252,98,23,37,12,0,18.706668522065893,2.931082981715893,Spain,85.55555555555556,13.333333333333334,70.0,23.46938775510204
2565923,714,460,396,76,57,26,248,71,11,40,11,0,17.64966926588877,2.215962441314554,Spain,86.08695652173914,16.52173913043478,53.91304347826087,15.492957746478872
2565923,756,266,201,75,43,23,176,88,38,36,12,2,19.070190287004117,3.55188679245283,Spain,75.56390977443608,28.195488721804512,66.16541353383458,43.18181818181818
2565924,674,554,497,64,61,47,361,65,24,33,21,2,19.49055371013052,1.3919213973799127,Spain,89.71119133574007,11.552346570397113,65.16245487364621,36.92307692307693
2565924,677,420,350,73,45,26,308,77,15,44,11,1,19.247993665178598,2.756569847856155,Spain,83.33333333333334,17.38095238095238,73.33333333333333,19.480519480519483
2565925,679,428,336,62,53,13,283,52,8,56,7,2,18.9256747469633,3.4214659685863875,Spain,78.50467289719626,14.485981308411214,66.1214953271028,15.384615384615385
2565925,701,406,325,84,77,31,286,62,35,34,16,2,18.823172642923883,4.686111111111111,Spain,80.04926108374384,20.689655172413794,70.44334975369459,56.451612903225815
2565926,684,623,577,88,89,31,429,57,20,28,17,2,18.26881878304616,2.719832109129066,Spain,92.61637239165329,14.125200642054574,68.86035313001605,35.08771929824561
2565926,712,258,204,57,42,14,168,60,14,39,7,3,20.75342730577216,4.17196261682243,Spain,79.06976744186046,22.093023255813954,65.11627906976744,23.333333333333332
2565927,675,624,570,71,74,26,418,58,17,36,13,2,18.443422388523782,2.4833512352309346,Spain,91.34615384615384,11.378205128205128,66.98717948717949,29.310344827586203
2565927,682,404,353,55,43,24,246,64,22,38,10,2,19.721299238035954,1.478932584269663,Spain,87.37623762376238,13.613861386138614,60.89108910891089,34.375
2575959,3158,320,259,67,52,22,238,90,33,50,5,0,20.034560138564764,3.9022662889518416,Italy,80.9375,20.9375,74.375,36.666666666666664
2575959,3172,458,372,86,77,28,325,93,22,47,17,0,21.43672482049955,1.2472727272727273,Italy,81.22270742358079,18.777292576419214,70.96069868995633,23.655913978494624
2575960,3166,344,289,73,43,21,232,58,11,32,13,1,21.256333860079454,3.034920634920635,Italy,84.01162790697676,21.22093023255814,67.44186046511628,18.96551724137931
2575960,3185,511,430,72,88,26,335,43,16,65,6,1,19.588205365874565,3.201923076923077,Italy,84.14872798434442,14.090019569471623,65.55772994129158,37.2093023255814
2575961,3157,679,610,89,103,50,389,42,20,40,17,2,20.073438639848597,3.3766769865841075,Italy,89.83799705449191,13.107511045655377,57.2901325478645,47.61904761904761
2575961,3197,152,98,42,35,9,91,58,8,47,5,0,24.678928654282203,5.03962703962704,Italy,64.47368421052632,27.631578947368425,59.86842105263158,13.793103448275861
2575962,3187,625,552,63,85,41,381,52,22,42,19,2,18.99324698166049,3.29,Italy,88.32,10.08,60.96,42.30769230769231
2575962,3194,409,333,87,60,17,293,44,6,46,10,0,22.916897678061524,3.636619718309859,Italy,81.41809290953546,21.271393643031786,71.63814180929096,13.636363636363635
2575963,3161,514,442,83,52,34,366,43,9,40,12,2,19.664578757799916,1.2512562814070352,Italy,85.99221789883269,16.147859922178988,71.20622568093385,20.930232558139537
2575963,3176,495,424,111,73,36,354,65,32,32,15,0,22.402279787848734,1.820823244552058,Italy,85.65656565656565,22.424242424242426,71.51515151515152,49.23076923076923
2575964,3159,686,612,114,59,33,477,49,16,37,15,3,19.401937151806294,1.1923868312757202,Italy,89.21282798833819,16.61807580174927,69.533527696793,32.6530612244898
2575964,3173,397,326,62,48,24,270,54,22,36,4,0,18.819722189423786,2.7776119402985073,Italy,82.11586901763224,15.617128463476071,68.01007556675063,40.74074074074074
2575965,3162,487,424,112,85,34,335,72,39,37,22,0,23.355050811045285,0.3953997809419496,Italy,87.06365503080082,22.99794661190965,68.78850102669405,54.166666666666664
2575965,3204,420,344,72,48,21,269,60,12,56,9,0,23.84897388182066,2.794573643410853,Italy,81.9047619047619,17.142857142857142,64.04761904761904,20.0
2575966,3164,613,521,92,62,40,400,51,29,48,13,2,20.67923350444718,1.8048780487804879,Italy,84.99184339314844,15.00815660685155,65.25285481239804,56.86274509803921
2575966,3219,327,255,77,41,29,223,83,13,41,17,1,21.62765140217297,4.565413533834587,Italy,77.98165137614679,23.547400611620795,68.19571865443424,15.66265060240964
2575967,3193,425,357,68,59,39,280,60,29,50,12,0,18.572385062977492,3.974496644295302,Italy,84.0,16.0,65.88235294117646,48.333333333333336
2575967,3315,346,289,75,58,18,203,58,15,51,11,0,20.720626883899595,3.8105726872246697,Italy,83.52601156069365,21.67630057803468,58.67052023121387,25.862068965517242
2575968,3163,483,408,82,59,29,352,73,21,44,16,1,20.897233162230627,2.059371362048894,Italy,84.472049689441,16.977225672877847,72.87784679089026,28.767123287671232
2575968,3165,437,363,67,71,25,334,63,12,57,10,2,19.237368162011215,3.7672955974842766,Italy,83.06636155606407,15.331807780320366,76.43020594965675,19.047619047619047
2575969,3166,419,344,103,60,22,292,50,14,46,9,1,23.64906853384567,3.784636488340192,Italy,82.10023866348448,24.58233890214797,69.68973747016707,28.000000000000004
2575969,3219,409,329,106,57,35,294,56,22,51,16,0,25.68040491775655,1.545945945945946,Italy,80.440097799511,25.91687041564792,71.88264058679707,39.285714285714285
2575970,3162,454,381,88,57,27,299,53,17,43,13,2,21.865818413833658,3.773067331670823,Italy,83.92070484581498,19.383259911894275,65.85903083700441,32.075471698113205
2575970,3165,436,358,77,51,28,287,46,14,52,13,1,22.57306746340434,2.2747688243064728,Italy,82.11009174311926,17.660550458715598,65.82568807339449,30.434782608695656
2575971,3194,530,425,110,91,30,379,45,15,51,4,0,20.661906552196765,4.881395348837209,Italy,80.18867924528303,20.754716981132077,71.50943396226414,33.33333333333333
2575971,3197,257,181,61,57,26,159,65,11,48,12,0,22.124011204593305,5.374805598755832,Italy,70.42801556420234,23.73540856031128,61.86770428015564,16.923076923076923
2575972,3164,305,243,53,42,25,188,48,15,49,10,1,20.68070542473515,3.1514195583596214,Italy,79.67213114754098,17.37704918032787,61.63934426229508,31.25
2575972,3176,427,351,84,52,43,285,66,19,50,25,1,24.55706248588545,-0.30985915492957744,Italy,82.20140515222482,19.672131147540984,66.7447306791569,28.78787878787879
2575973,3159,606,541,92,74,24,353,49,18,33,14,3,20.56830502294234,3.096881959910913,Italy,89.27392739273927,15.181518151815181,58.25082508250825,36.734693877551024
2575973,3193,460,392,72,57,29,318,52,19,22,7,0,19.586249734313903,2.6223479490806225,Italy,85.21739130434783,15.65217391304348,69.1304347826087,36.53846153846153
2575974,3157,403,339,61,61,23,281,64,35,39,15,1,21.054034190802774,1.3434065934065933,Italy,84.11910669975185,15.136476426799009,69.72704714640199,54.6875
2575974,3173,406,350,83,62,29,277,65,26,53,14,1,21.415266071052553,3.361185983827493,Italy,86.20689655172413,20.44334975369458,68.22660098522168,40.0
2575975,3172,360,272,101,59,21,287,79,21,53,14,1,21.88731153358985,3.6222222222222222,Italy,75.55555555555556,28.055555555555557,79.72222222222223,26.582278481012654
2575975,3187,545,464,94,79,34,379,79,29,49,9,3,19.21581498384517,2.1150537634408604,Italy,85.13761467889908,17.24770642201835,69.54128440366972,36.708860759493675
2575976,3158,451,378,97,54,39,320,51,19,44,17,1,24.200228767571698,1.5902255639097744,Italy,83.81374722838137,21.507760532150776,70.95343680709534,37.254901960784316
2575976,3161,476,401,72,67,36,324,54,22,34,13,3,20.700568102714023,4.188328912466844,Italy,84.24369747899159,15.126050420168067,68.0672268907563,40.74074074074074
2575977,3163,452,393,70,69,31,311,60,29,35,10,1,19.30885681061108,4.057584269662922,Italy,86.94690265486726,15.486725663716813,68.80530973451327,48.333333333333336
2575977,3204,384,324,86,43,22,276,38,9,46,10,3,22.14493409326319,3.6467958271236958,Italy,84.375,22.395833333333336,71.875,23.684210526315788
2575978,3185,331,278,64,47,28,231,51,22,57,12,3,22.7810261568563,2.6535211267605634,Italy,83.98791540785498,19.335347432024168,69.78851963746223,43.13725490196079
2575978,3315,268,205,67,53,32,190,56,21,44,10,0,22.010526802592675,4.084745762711864,Italy,76.49253731343283,25.0,70.8955223880597,37.5
2575979,3172,376,279,102,66,24,281,64,12,53,6,2,23.196966693416552,3.1288180610889773,Italy,74.20212765957447,27.127659574468083,74.7340425531915,18.75
2575979,3315,396,293,76,78,31,239,83,37,49,13,1,21.745991582785447,4.80078125,Italy,73.98989898989899,19.19191919191919,60.35353535353535,44.57831325301205
2575980,3185,520,457,84,75,38,338,66,39,47,18,1,20.243511051694803,3.500557413600892,Italy,87.88461538461539,16.153846153846153,65.0,59.09090909090909
2575980,3219,266,196,65,54,23,166,92,17,43,14,0,22.177133168365387,2.791095890410959,Italy,73.68421052631578,24.43609022556391,62.40601503759399,18.478260869565215
2575981,3166,364,295,81,40,16,227,64,13,44,3,0,20.665086558905685,2.2227204783258596,Italy,81.04395604395604,22.252747252747252,62.362637362637365,20.3125
2575981,3187,693,611,65,98,32,445,67,37,31,16,3,18.134825396227203,2.9828629032258065,Italy,88.16738816738817,9.37950937950938,64.21356421356421,55.223880597014926
2575982,3173,491,399,96,80,36,343,63,23,57,12,1,20.5747661371801,2.862857142857143,Italy,81.26272912423626,19.551934826883908,69.85743380855396,36.507936507936506
2575982,3197,320,228,76,59,26,199,100,34,39,8,0,20.24613905122361,4.724719101123595,Italy,71.25,23.75,62.18749999999999,34.0
2575983,3176,548,492,79,69,20,341,42,14,49,18,3,20.214570828905458,2.7464285714285714,Italy,89.78102189781022,14.416058394160583,62.22627737226277,33.33333333333333
2575983,3194,399,318,77,58,29,308,43,17,49,13,0,21.053887796982792,3.014792899408284,Italy,79.69924812030075,19.298245614035086,77.19298245614034,39.53488372093023
2575984,3161,653,580,61,76,56,438,78,36,42,16,1,17.44322470543457,0.9804123711340206,Italy,88.8208269525268,9.341500765696784,67.07503828483921,46.15384615384615
2575984,3204,373,326,56,37,21,274,65,23,38,8,0,19.159481693637197,3.1830790568654646,Italy,87.39946380697052,15.013404825737265,73.45844504021449,35.38461538461539
2575985,3159,528,460,106,55,30,383,52,20,42,14,2,23.90019073384267,1.1969872537659327,Italy,87.12121212121212,20.075757575757574,72.53787878787878,38.46153846153847
2575985,3165,362,310,60,50,22,228,63,24,48,12,0,21.652686399939586,3.467075038284839,Italy,85.6353591160221,16.574585635359114,62.98342541436463,38.095238095238095
2575986,3157,618,550,96,102,36,438,54,24,43,15,1,19.42985893227284,3.7232905982905984,Italy,88.9967637540453,15.53398058252427,70.87378640776699,44.44444444444444
2575986,3162,411,339,90,45,27,307,82,9,42,10,3,24.014588162173155,3.261744966442953,Italy,82.48175182481752,21.897810218978105,74.69586374695864,10.975609756097562
2575987,3158,391,310,92,65,48,264,78,15,54,17,1,18.968077043803547,4.653061224489796,Italy,79.28388746803068,23.52941176470588,67.51918158567774,19.230769230769234
2575987,3164,320,264,49,55,25,199,56,26,57,9,0,19.527575511386168,3.0244252873563218,Italy,82.5,15.312500000000002,62.18749999999999,46.42857142857143
2575988,3163,359,306,65,42,18,249,88,23,44,12,1,20.289385034736167,2.160326086956522,Italy,85.23676880222841,18.105849582172702,69.35933147632312,26.136363636363637
2575988,3193,527,440,72,58,28,362,65,31,45,11,0,18.87652079207652,3.0905027932960896,Italy,83.49146110056927,13.66223908918406,68.69070208728652,47.69230769230769
2575989,3165,322,248,70,33,19,213,102,20,50,12,1,20.73299374395161,2.6938483547925607,Italy,77.01863354037268,21.73913043478261,66.14906832298136,19.607843137254903
2575989,3172,638,554,127,89,37,485,53,22,45,9,0,20.167687762873737,3.0999000999001,Italy,86.83385579937304,19.905956112852667,76.01880877742947,41.509433962264154
2575990,3161,570,482,62,67,32,367,44,19,45,8,2,18.778987585696314,3.3769574944071588,Italy,84.56140350877193,10.87719298245614,64.3859649122807,43.18181818181818
2575990,3197,249,170,64,47,18,178,63,22,52,11,0,22.352222702423642,3.278169014084507,Italy,68.27309236947792,25.702811244979916,71.4859437751004,34.92063492063492
2575991,3166,349,288,83,54,13,244,56,7,50,6,1,20.167546765795475,4.40819209039548,Italy,82.52148997134671,23.78223495702006,69.91404011461319,12.5
2575991,3176,464,390,96,71,23,303,99,34,53,13,2,20.803153928239773,2.254970760233918,Italy,84.05172413793103,20.689655172413794,65.30172413793103,34.34343434343434
2575992,3162,564,488,83,60,43,365,76,27,32,17,3,18.126062475213285,3.704255319148936,Italy,86.52482269503547,14.716312056737587,64.71631205673759,35.526315789473685
2575992,3193,460,376,67,62,21,314,77,21,44,4,2,18.953385002549883,3.256637168141593,Italy,81.73913043478261,14.565217391304348,68.26086956521739,27.27272727272727
2575993,3157,539,472,91,57,31,342,59,25,44,20,2,22.474830581649723,-0.6647597254004577,Italy,87.569573283859,16.883116883116884,63.4508348794063,42.3728813559322
2575993,3163,380,307,74,57,16,278,73,27,50,4,1,21.572941670484028,2.6401137980085347,Italy,80.78947368421052,19.473684210526315,73.15789473684211,36.986301369863014
2575994,3187,899,833,118,104,40,735,56,20,38,24,4,20.443053901459894,0.5269000853970965,Italy,92.65850945494995,13.125695216907676,81.75750834260289,35.714285714285715
2575994,3219,312,245,87,51,10,235,36,10,29,3,0,24.737677713847532,3.108108108108108,Italy,78.52564102564102,27.884615384615387,75.32051282051282,27.77777777777778
2575995,3158,587,542,89,79,41,370,49,25,42,29,3,21.145471039229903,0.689010989010989,Italy,92.33390119250427,15.1618398637138,63.03236797274276,51.02040816326531
2575995,3194,340,282,56,39,15,248,77,15,31,8,0,20.968567714302164,3.108191653786708,Italy,82.94117647058825,16.470588235294116,72.94117647058823,19.480519480519483
2575996,3159,593,527,92,79,28,418,43,21,44,11,2,19.423624512088114,2.9496166484118294,Italy,88.87015177065767,15.51433389544688,70.48903878583474,48.837209302325576
2575996,3315,371,291,87,52,21,294,75,23,41,8,1,21.721274404702715,1.810850439882698,Italy,78.4366576819407,23.450134770889488,79.24528301886792,30.666666666666664
2575997,3173,408,355,61,47,27,300,61,24,38,11,2,19.207899740761192,3.8161865569272977,Italy,87.00980392156863,14.950980392156863,73.52941176470588,39.34426229508197
2575997,3204,409,352,103,60,31,276,56,19,42,10,0,24.15893398068122,1.5080428954423593,Italy,86.06356968215158,25.183374083129586,67.48166259168704,33.92857142857143
2575998,3164,441,373,67,67,28,264,78,33,52,11,2,20.525664995801314,2.7032418952618453,Italy,84.58049886621315,15.192743764172336,59.863945578231295,42.30769230769231
2575998,3185,422,340,98,46,30,286,70,17,49,13,2,20.99879215858273,0.9646596858638743,Italy,80.56872037914692,23.22274881516588,67.77251184834124,24.285714285714285
2575999,3172,659,587,105,83,27,514,48,20,37,13,4,18.85209599792973,2.432073544433095,Italy,89.07435508345979,15.933232169954476,77.99696509863429,41.66666666666667
2575999,3197,426,354,59,61,18,262,95,14,30,8,1,16.82025136491157,3.2171651495448637,Italy,83.09859154929578,13.849765258215962,61.502347417840376,14.736842105263156
2576000,3158,608,542,84,85,48,397,75,30,40,19,2,18.344161563887173,3.523961661341853,Italy,89.14473684210526,13.815789473684212,65.29605263157895,40.0
2576000,3219,333,277,73,48,25,256,74,14,34,15,0,21.144382678752578,3.324324324324324,Italy,83.18318318318319,21.92192192192192,76.87687687687688,18.91891891891892
2576001,3161,486,420,61,67,26,326,87,26,55,8,0,16.68932600000179,2.569007263922518,Italy,86.41975308641975,12.551440329218108,67.07818930041152,29.88505747126437
2576001,3166,340,276,87,36,12,266,63,18,50,10,1,20.23751885274532,2.752503576537911,Italy,81.17647058823529,25.588235294117645,78.23529411764706,28.57142857142857
2576002,3173,482,389,102,93,41,359,86,28,55,16,0,18.99110303786342,3.2434881087202716,Italy,80.70539419087137,21.16182572614108,74.48132780082987,32.55813953488372
2576002,3315,371,283,68,62,26,239,57,21,49,11,0,17.482052423815052,5.053191489361702,Italy,76.28032345013477,18.328840970350406,64.42048517520216,36.84210526315789
2576003,3165,411,340,62,65,29,274,52,10,46,11,1,17.885146543369473,4.07192254495159,Italy,82.7250608272506,15.085158150851582,66.66666666666666,19.230769230769234
2576003,3193,485,399,77,58,31,340,62,25,34,12,1,18.66086946646211,2.461809635722679,Italy,82.2680412371134,15.876288659793813,70.10309278350515,40.32258064516129
2576004,3164,578,505,83,93,39,321,46,18,53,14,0,18.66248296020078,3.3967741935483873,Italy,87.37024221453287,14.359861591695502,55.536332179930795,39.130434782608695
2576004,3194,320,246,74,38,28,234,63,16,43,13,0,20.405291627794902,4.210843373493976,Italy,76.875,23.125,73.125,25.396825396825395
2576005,3159,584,520,95,78,22,400,75,29,49,11,1,18.439579290626472,1.8665966386554622,Italy,89.04109589041096,16.267123287671232,68.4931506849315,38.666666666666664
2576005,3176,380,315,55,55,14,289,95,32,29,8,0,17.439600198941875,3.6421499292786423,Italy,82.89473684210526,14.473684210526317,76.05263157894737,33.68421052631579
2576006,3162,421,349,76,34,12,294,47,6,37,3,1,18.54062575911665,3.3874643874643873,Italy,82.89786223277909,18.052256532066508,69.83372921615202,12.76595744680851
2576006,3187,752,679,64,97,31,490,57,30,42,16,3,15.857003400474644,3.070576540755467,Italy,90.29255319148936,8.51063829787234,65.1595744680851,52.63157894736842
2576007,3157,505,448,52,56,24,326,75,34,47,17,0,17.64858578756961,1.494833524684271,Italy,88.71287128712872,10.297029702970297,64.55445544554456,45.33333333333333
2576007,3204,354,284,50,51,20,223,51,12,42,3,0,18.22557069577653,2.601156069364162,Italy,80.22598870056498,14.124293785310735,62.994350282485875,23.52941176470588
2576008,3163,401,327,61,67,28,268,80,32,61,13,1,19.404353697513418,2.3561103810775297,Italy,81.54613466334165,15.211970074812967,66.83291770573567,40.0
2576008,3185,413,340,82,68,26,276,53,10,46,12,2,20.260959839233287,3.705650459921156,Italy,82.32445520581115,19.854721549636803,66.82808716707022,18.867924528301888
2576009,3165,350,284,64,39,35,266,56,26,46,15,2,18.444435410542095,4.9510086455331415,Italy,81.14285714285714,18.285714285714285,76.0,46.42857142857143
2576009,3173,415,334,77,61,29,293,70,19,64,9,0,18.998228779254553,2.8753246753246753,Italy,80.48192771084337,18.55421686746988,70.60240963855422,27.142857142857142
2576010,3197,354,272,72,49,28,236,88,19,52,17,2,19.488018036349175,3.616294349540079,Italy,76.8361581920904,20.33898305084746,66.66666666666666,21.59090909090909
2576010,3219,377,299,76,56,46,234,42,19,61,15,0,18.121085790371282,4.245382585751979,Italy,79.3103448275862,20.159151193633953,62.06896551724138,45.23809523809524
2576011,3172,450,361,63,51,28,334,65,21,56,14,1,16.445104590629313,3.7939814814814814,Italy,80.22222222222221,14.000000000000002,74.22222222222223,32.30769230769231
2576011,3176,280,213,68,50,16,173,74,23,47,10,1,19.720635199919986,3.3780487804878048,Italy,76.07142857142857,24.285714285714285,61.78571428571429,31.08108108108108
2576012,3162,571,512,83,67,35,385,60,27,42,10,2,18.847958930114903,3.319052987598647,Italy,89.66725043782837,14.535901926444833,67.42556917688266,45.0
2576012,3194,411,335,65,59,21,301,53,17,42,7,0,18.61540127716908,2.8596491228070176,Italy,81.50851581508516,15.815085158150852,73.2360097323601,32.075471698113205
2576013,3161,613,541,60,72,48,413,52,20,52,13,1,16.90899311954841,1.7568947906026557,Italy,88.25448613376835,9.787928221859707,67.37357259380097,38.46153846153847
2576013,3193,353,289,68,38,16,270,88,26,44,9,0,18.622413116275705,3.47599451303155,Italy,81.86968838526913,19.263456090651555,76.48725212464589,29.545454545454547
2576014,3159,685,634,125,86,42,456,60,38,33,21,4,20.438046999428746,0.20397489539748953,Italy,92.55474452554745,18.248175182481752,66.56934306569343,63.33333333333333
2576014,3185,334,290,57,31,8,248,72,16,42,6,0,18.5349795920024,1.5761024182076813,Italy,86.82634730538922,17.065868263473057,74.25149700598801,22.22222222222222
2576015,3158,556,471,85,64,47,415,40,16,34,16,3,20.632083726818514,1.0351089588377724,Italy,84.71223021582733,15.287769784172662,74.64028776978418,40.0
2576015,3163,342,279,68,42,19,228,50,14,53,15,1,21.487529912198237,3.5344,Italy,81.57894736842105,19.883040935672515,66.66666666666666,28.000000000000004
2576016,3157,421,351,77,60,22,299,68,29,43,6,0,18.825586948117774,3.8183006535947714,Italy,83.3729216152019,18.28978622327791,71.02137767220903,42.64705882352941
2576016,3164,357,294,48,43,22,244,60,28,48,12,2,18.708356842051753,2.126470588235294,Italy,82.35294117647058,13.445378151260504,68.34733893557423,46.666666666666664
2576017,3166,455,390,82,67,26,313,61,20,44,8,1,18.134302361298825,3.747815230961298,Italy,85.71428571428571,18.021978021978022,68.79120879120879,32.78688524590164
2576017,3315,398,318,81,57,22,259,96,27,45,7,0,18.769888021615042,3.249671484888305,Italy,79.89949748743719,20.35175879396985,65.07537688442211,28.125
2576018,3187,637,577,65,82,32,488,56,33,38,21,3,15.957557195321494,3.5015384615384617,Italy,90.58084772370488,10.204081632653061,76.60910518053376,58.92857142857143
2576018,3204,418,347,82,39,15,253,42,9,35,5,1,20.545670021434706,3.5529061102831596,Italy,83.01435406698565,19.617224880382775,60.526315789473685,21.428571428571427
2576019,3159,537,466,86,84,21,332,78,20,52,15,2,18.26698451144065,3.516816143497758,Italy,86.77839851024208,16.01489757914339,61.82495344506518,25.64102564102564
2576019,3172,384,305,78,46,13,292,103,28,32,6,2,17.151454607429184,3.553246753246753,Italy,79.42708333333334,20.3125,76.04166666666666,27.184466019417474
2576020,3161,659,593,57,99,45,400,58,18,38,19,1,17.425560290952717,3.5985626283367558,Italy,89.98482549317147,8.649468892261002,60.69802731411229,31.03448275862069
2576020,3219,343,283,65,41,18,252,66,13,39,10,1,19.97105628597183,3.4364471669218988,Italy,82.5072886297376,18.950437317784257,73.46938775510205,19.696969696969695
2576021,3165,390,322,78,46,23,274,65,12,45,13,2,19.884057004827095,3.4896836313617605,Italy,82.56410256410255,20.0,70.25641025641025,18.461538461538463
2576021,3176,508,423,93,79,43,364,79,34,36,19,1,19.69212367521765,3.8057142857142856,Italy,83.26771653543307,18.30708661417323,71.65354330708661,43.037974683544306
2576022,3166,348,284,72,60,21,244,42,5,54,8,1,20.182641837068577,3.5423976608187133,Italy,81.60919540229885,20.689655172413794,70.11494252873564,11.904761904761903
2576022,3193,385,307,85,75,31,269,87,25,55,18,0,21.02501330992378,1.247741935483871,Italy,79.74025974025975,22.07792207792208,69.87012987012987,28.735632183908045
2576023,3162,530,453,62,70,48,374,48,31,36,19,4,19.416484727796412,1.1736596736596736,Italy,85.47169811320755,11.69811320754717,70.56603773584905,64.58333333333334
2576023,3315,418,358,67,56,19,259,75,16,39,7,0,19.62739008452056,2.5724233983286906,Italy,85.64593301435407,16.028708133971293,61.961722488038276,21.333333333333336
2576024,3157,407,338,74,57,36,307,65,28,34,17,0,19.005997681586148,1.8139204545454546,Italy,83.04668304668304,18.181818181818183,75.42997542997543,43.07692307692308
2576024,3158,501,435,75,52,18,339,53,11,47,11,2,18.483597345766423,2.87041564792176,Italy,86.82634730538922,14.97005988023952,67.66467065868264,20.754716981132077
2576025,3173,327,272,48,31,11,214,49,7,34,3,0,18.57311438417708,2.0427807486631018,Italy,83.18042813455658,14.678899082568808,65.4434250764526,14.285714285714285
2576025,3187,911,853,116,94,54,705,36,17,35,20,2,17.705081350831723,0.5353191489361702,Italy,93.63336992316135,12.733260153677278,77.38748627881449,47.22222222222222
2576026,3197,268,212,39,41,19,200,65,15,42,13,1,19.615869927605637,4.532094594594595,Italy,79.1044776119403,14.55223880597015,74.6268656716418,23.076923076923077
2576026,3204,525,451,93,82,40,329,52,22,50,14,1,20.20449321425466,1.3876404494382022,Italy,85.90476190476191,17.71428571428571,62.66666666666667,42.30769230769231
2576027,3185,499,420,71,53,41,361,56,15,66,11,2,18.223560871228226,2.3922462941847207,Italy,84.16833667334669,14.228456913827655,72.34468937875751,26.785714285714285
2576027,3194,368,289,70,36,32,262,78,19,45,17,1,18.076497302108546,3.886111111111111,Italy,78.53260869565217,19.021739130434785,71.19565217391305,24.358974358974358
2576028,3163,358,281,89,43,32,274,77,16,38,11,1,21.178292489260944,2.2617354196301567,Italy,78.49162011173185,24.860335195530723,76.53631284916202,20.77922077922078
2576028,3164,564,499,69,84,23,329,51,21,46,11,0,17.44455663628899,2.449388209121246,Italy,88.47517730496453,12.23404255319149,58.333333333333336,41.17647058823529
2576029,3166,393,335,55,53,29,313,56,22,49,11,1,18.062330283550317,3.3607681755829906,Italy,85.24173027989822,13.994910941475828,79.64376590330788,39.285714285714285
2576029,3204,417,353,66,60,28,262,59,24,34,7,1,17.80353930659466,4.227513227513228,Italy,84.65227817745803,15.827338129496402,62.829736211031175,40.67796610169492
2576030,3173,479,405,102,90,32,340,59,25,51,13,1,19.720755141115692,3.1204128440366974,Italy,84.55114822546973,21.29436325678497,70.9812108559499,42.3728813559322
2576030,3193,349,276,82,59,32,230,61,10,43,16,3,20.0209808062828,4.811965811965812,Italy,79.08309455587393,23.49570200573066,65.90257879656161,16.39344262295082
2576031,3185,551,457,78,78,38,333,40,18,45,17,2,17.231397993094653,4.431192660550459,Italy,82.94010889292196,14.156079854809436,60.435571687840294,45.0
2576031,3197,276,193,53,47,21,173,79,21,43,10,2,18.170938618642264,5.458471760797342,Italy,69.92753623188406,19.202898550724637,62.68115942028986,26.582278481012654
2576032,3163,331,273,66,49,22,209,74,20,45,7,1,18.859235342934085,5.233766233766234,Italy,82.4773413897281,19.939577039274926,63.141993957703924,27.027027027027028
2576032,3176,633,554,96,87,44,418,72,20,42,13,2,19.13602081906686,2.7132796780684103,Italy,87.51974723538704,15.165876777251185,66.0347551342812,27.77777777777778
2576033,3194,443,356,80,60,29,275,66,27,51,13,1,19.873188669845064,2.3570536828963795,Italy,80.36117381489842,18.058690744920995,62.07674943566591,40.909090909090914
2576033,3219,372,296,53,48,26,242,55,12,41,9,0,18.886828105443662,4.104602510460251,Italy,79.56989247311827,14.24731182795699,65.05376344086021,21.818181818181817
2576034,3157,448,393,80,75,26,323,58,26,49,18,1,19.430014154879554,3.3375634517766497,Italy,87.72321428571429,17.857142857142858,72.09821428571429,44.827586206896555
2576034,3161,281,222,48,40,21,175,62,15,44,12,2,19.828268035659683,3.099673202614379,Italy,79.00355871886121,17.08185053380783,62.27758007117438,24.193548387096776
2576035,3159,597,535,98,109,31,405,57,26,41,15,1,19.387161544553,1.545267489711934,Italy,89.61474036850922,16.415410385259634,67.8391959798995,45.614035087719294
2576035,3162,399,339,59,48,17,246,60,17,37,8,1,17.80439133125528,3.738031914893617,Italy,84.9624060150376,14.786967418546364,61.65413533834586,28.333333333333332
2576036,3158,521,435,90,62,25,335,61,20,41,9,0,19.619906216520018,1.5952941176470588,Italy,83.49328214971209,17.274472168905948,64.29942418426103,32.78688524590164
2576036,3187,655,582,83,83,27,503,72,20,40,16,1,16.771176156202607,3.1856710393541876,Italy,88.85496183206106,12.67175572519084,76.79389312977099,27.77777777777778
2576037,3164,468,390,77,68,33,341,89,19,46,11,3,18.666839207757857,3.1720818291215402,Italy,83.33333333333334,16.45299145299145,72.86324786324786,21.34831460674157
2576037,3172,522,451,89,57,57,389,71,17,41,20,1,18.016001534682896,3.382483370288248,Italy,86.39846743295018,17.049808429118773,74.52107279693486,23.943661971830984
2576038,3165,377,298,58,50,31,258,63,14,44,10,0,18.034908649650976,3.6950354609929077,Italy,79.04509283819628,15.384615384615385,68.43501326259947,22.22222222222222
2576038,3315,397,312,83,64,32,284,65,21,46,16,0,21.040829964503043,2.405442176870748,Italy,78.58942065491183,20.906801007556673,71.53652392947103,32.30769230769231
2576039,3166,313,244,66,53,18,222,76,14,46,5,0,18.54603828367266,4.095168374816984,Italy,77.95527156549521,21.08626198083067,70.92651757188499,18.421052631578945
2576039,3172,562,482,107,83,38,392,66,29,47,15,1,20.099799551463153,2.079607415485278,Italy,85.76512455516014,19.03914590747331,69.7508896797153,43.93939393939394
2576040,3176,471,401,74,62,36,315,96,28,40,13,2,17.81727190937598,3.863109048723898,Italy,85.13800424628451,15.711252653927813,66.87898089171973,29.166666666666668
2576040,3219,465,378,71,62,22,302,84,30,48,7,0,17.271447361713143,2.733490566037736,Italy,81.29032258064515,15.268817204301074,64.94623655913978,35.714285714285715
2576041,3165,535,455,84,59,46,327,57,24,34,21,2,20.423828731351907,1.0846432889963724,Italy,85.04672897196261,15.700934579439252,61.12149532710281,42.10526315789473
2576041,3194,341,264,71,47,22,239,41,14,43,9,1,20.803379731130953,3.160436137071651,Italy,77.41935483870968,20.821114369501466,70.08797653958945,34.146341463414636
2576042,3162,527,464,75,62,27,364,44,19,45,9,2,18.41723892387796,2.598997493734336,Italy,88.04554079696395,14.231499051233396,69.07020872865274,43.18181818181818
2576042,3173,460,401,79,66,29,336,65,35,36,12,0,18.469773603288306,2.7155499367888747,Italy,87.17391304347825,17.17391304347826,73.04347826086956,53.84615384615385
2576043,3157,413,354,83,68,31,308,60,18,53,16,0,20.48189229798261,2.2908163265306123,Italy,85.71428571428571,20.09685230024213,74.57627118644068,30.0
2576043,3193,384,324,67,55,22,269,86,18,41,10,0,19.217201084278013,2.967741935483871,Italy,84.375,17.447916666666664,70.05208333333334,20.930232558139537
2576044,3161,397,336,50,31,17,254,72,15,42,11,0,18.890952645562212,3.367688022284123,Italy,84.63476070528966,12.594458438287154,63.97984886649874,20.833333333333336
2576044,3187,700,631,95,111,41,537,68,31,37,13,0,19.19727749818266,1.43202416918429,Italy,90.14285714285715,13.571428571428571,76.71428571428571,45.588235294117645
2576045,3164,759,692,68,62,16,439,47,23,40,5,4,17.90508579599118,1.6984585741811176,Italy,91.17259552042161,8.959156785243742,57.839262187088266,48.93617021276596
2576045,3197,345,283,62,37,25,232,59,23,28,7,0,17.71194314308817,3.7030497592295344,Italy,82.02898550724638,17.971014492753625,67.2463768115942,38.983050847457626
2576046,3204,357,283,89,61,29,241,71,14,62,15,0,21.39130132536163,1.9796806966618288,Italy,79.27170868347339,24.92997198879552,67.50700280112045,19.718309859154928
2576046,3315,338,283,64,59,22,238,55,24,48,12,1,18.63457059780131,4.739803094233474,Italy,83.72781065088756,18.93491124260355,70.41420118343196,43.63636363636363
2576047,3158,465,375,116,59,25,360,76,20,69,13,0,19.43268469593344,4.7032967032967035,Italy,80.64516129032258,24.946236559139784,77.41935483870968,26.31578947368421
2576047,3185,263,189,47,42,23,190,88,43,50,5,0,18.142851796351597,4.635093167701863,Italy,71.86311787072243,17.870722433460077,72.24334600760456,48.86363636363637
2576048,3159,317,262,54,43,16,217,37,9,50,11,5,19.45238925035165,3.1833616298811545,Italy,82.64984227129337,17.034700315457414,68.45425867507886,24.324324324324326
2576048,3163,435,379,65,61,28,294,57,27,44,11,2,18.86454543789866,1.5218579234972678,Italy,87.1264367816092,14.942528735632186,67.58620689655173,47.368421052631575
2576049,3172,648,577,97,104,57,451,64,29,40,23,3,19.12195737894932,1.731827111984283,Italy,89.0432098765432,14.969135802469136,69.59876543209876,45.3125
2576049,3194,336,270,66,44,10,218,76,24,43,10,0,19.542402353408733,3.155937052932761,Italy,80.35714285714286,19.642857142857142,64.88095238095238,31.57894736842105
2576050,3162,509,445,84,67,33,300,61,20,35,12,2,19.318595426864356,4.44270205066345,Italy,87.42632612966601,16.50294695481336,58.93909626719057,32.78688524590164
2576050,3166,493,435,54,72,34,317,64,34,47,7,0,18.44084644650195,3.211320754716981,Italy,88.23529411764706,10.953346855983773,64.3002028397566,53.125
2576051,3173,385,314,70,69,22,279,66,31,46,11,2,18.990815003739062,2.497986577181208,Italy,81.55844155844156,18.181818181818183,72.46753246753246,46.96969696969697
2576051,3219,584,495,104,69,21,372,72,14,56,6,0,19.391806211808618,3.301282051282051,Italy,84.76027397260275,17.80821917808219,63.6986301369863,19.444444444444446
2576052,3157,601,533,74,86,33,391,56,25,29,17,3,17.594274749487198,3.0888407367280606,Italy,88.6855241264559,12.312811980033278,65.05823627287853,44.642857142857146
2576052,3165,416,351,74,48,20,265,52,4,43,10,1,19.507074463634503,2.633879781420765,Italy,84.375,17.78846153846154,63.70192307692307,7.6923076923076925
2576053,3176,395,328,73,60,21,270,94,25,43,16,2,17.889949317201427,1.0654088050314465,Italy,83.0379746835443,18.48101265822785,68.35443037974683,26.595744680851062
2576053,3185,427,363,46,48,17,280,77,29,65,5,0,16.245616341755543,2.1944444444444446,Italy,85.01170960187353,10.772833723653395,65.57377049180327,37.66233766233766
2576054,3187,866,791,114,121,34,560,29,11,43,17,1,18.559698596854187,2.7131782945736433,Italy,91.33949191685913,13.163972286374134,64.66512702078522,37.93103448275862
2576054,3193,371,296,75,46,18,253,73,10,33,7,2,21.467300560997927,3.588785046728972,Italy,79.78436657681941,20.21563342318059,68.19407008086253,13.698630136986301
2576055,3161,490,402,74,38,26,355,60,14,58,23,3,19.71971610770283,0.7036599763872491,Italy,82.0408163265306,15.10204081632653,72.44897959183673,23.333333333333332
2576055,3164,461,376,61,57,35,296,60,28,44,11,2,17.33052843920544,3.1406649616368285,Italy,81.56182212581345,13.232104121475055,64.20824295010846,46.666666666666664
2576056,3159,724,640,93,77,46,507,46,29,40,13,3,18.052371840558116,1.197845249755142,Italy,88.39779005524862,12.845303867403315,70.02762430939227,63.04347826086957
2576056,3204,314,264,46,47,11,210,55,16,37,5,1,17.32647246404866,3.7752808988764044,Italy,84.07643312101911,14.64968152866242,66.87898089171973,29.09090909090909
2576057,3158,686,620,101,86,41,489,41,23,46,17,0,19.136089181050483,0.8349056603773585,Italy,90.37900874635568,14.723032069970845,71.28279883381924,56.09756097560976
2576057,3197,263,193,50,37,15,179,95,11,30,3,0,18.383831649048897,3.4351395730706074,Italy,73.38403041825094,19.011406844106464,68.06083650190115,11.578947368421053
2576058,3163,275,214,50,31,16,208,78,17,48,8,1,17.718196483188656,4.662202380952381,Italy,77.81818181818181,18.181818181818183,75.63636363636364,21.794871794871796
2576058,3315,588,489,95,83,27,378,51,22,62,10,0,18.381106573157275,2.439442658092176,Italy,83.16326530612244,16.156462585034014,64.28571428571429,43.13725490196079
2576059,3162,591,529,62,89,30,425,60,23,40,10,5,18.53396243833874,2.3511904761904763,Italy,89.5093062605753,10.490693739424705,71.91201353637902,38.333333333333336
2576059,3219,558,502,63,66,23,345,47,17,19,18,1,18.677049828643177,1.676575505350773,Italy,89.96415770609319,11.29032258064516,61.82795698924731,36.17021276595745
2576060,3176,478,382,89,74,44,329,50,23,52,15,1,19.62841999991179,4.585812356979405,Italy,79.9163179916318,18.619246861924683,68.82845188284519,46.0
2576060,3197,209,141,51,51,18,162,79,22,49,10,2,21.351029496254448,5.1506410256410255,Italy,67.46411483253588,24.401913875598087,77.51196172248804,27.848101265822784
2576061,3161,540,463,49,68,40,353,62,21,44,15,2,16.44429922988256,3.4546485260770976,Italy,85.74074074074073,9.074074074074074,65.37037037037037,33.87096774193548
2576061,3194,359,298,76,44,29,266,56,19,45,9,0,20.162300863669355,3.2693935119887163,Italy,83.008356545961,21.16991643454039,74.09470752089136,33.92857142857143
2576062,3157,507,427,89,76,34,344,86,53,36,12,0,18.779835236948657,1.6914016489988222,Italy,84.22090729783037,17.554240631163708,67.85009861932939,61.627906976744185
2576062,3159,436,360,65,50,22,322,50,12,49,8,2,17.34378874919676,4.022636484687084,Italy,82.56880733944955,14.908256880733944,73.85321100917432,24.0
2576063,3187,778,698,68,102,44,575,57,33,39,22,2,17.021357842480636,0.21378708551483422,Italy,89.7172236503856,8.740359897172237,73.90745501285348,57.89473684210527
2576063,3315,262,198,70,40,11,196,65,23,47,5,1,20.563809927692645,2.699825479930192,Italy,75.57251908396947,26.717557251908396,74.80916030534351,35.38461538461539
2576064,3158,467,385,71,81,41,255,54,19,43,15,1,18.87586420417586,2.51965601965602,Italy,82.44111349036403,15.203426124197003,54.603854389721626,35.18518518518518
2576064,3166,446,363,81,52,23,317,87,18,44,9,0,18.263177879521844,4.128451380552221,Italy,81.39013452914799,18.161434977578477,71.0762331838565,20.689655172413794
2576065,3164,461,380,72,52,33,270,46,14,48,14,3,19.433074250296357,1.7007978723404256,Italy,82.4295010845987,15.61822125813449,58.56832971800434,30.434782608695656
2576065,3165,398,319,83,50,38,277,61,15,39,13,1,19.064492868273415,3.5654520917678814,Italy,80.15075376884423,20.85427135678392,69.59798994974874,24.59016393442623
2576066,3193,508,441,61,76,32,335,53,16,44,11,0,18.46452888076746,3.786790266512167,Italy,86.81102362204724,12.007874015748031,65.94488188976378,30.18867924528302
2576066,3204,257,208,50,46,17,166,43,14,53,7,1,19.773189030412915,4.9197207678883075,Italy,80.93385214007782,19.45525291828794,64.59143968871595,32.55813953488372
2576067,3173,367,302,82,64,24,247,96,29,49,8,1,19.5824430121533,2.8243430152143847,Italy,82.28882833787466,22.3433242506812,67.30245231607628,30.208333333333332
2576067,3185,434,367,70,50,35,305,41,9,48,17,2,19.634804870059718,1.5,Italy,84.56221198156682,16.129032258064516,70.27649769585254,21.951219512195124
2576068,3163,271,214,45,39,17,194,78,14,61,6,1,16.900629420156477,3.607669616519174,Italy,78.96678966789668,16.605166051660518,71.58671586715867,17.94871794871795
2576068,3172,526,448,76,68,20,399,94,25,55,5,1,17.30664162157315,3.3693599160545644,Italy,85.17110266159695,14.44866920152091,75.8555133079848,26.595744680851062
2576069,3172,471,391,68,57,27,327,71,21,38,9,1,18.496445966457586,3.205596107055961,Italy,83.01486199575372,14.437367303609342,69.42675159235668,29.577464788732392
2576069,3204,355,290,86,58,15,252,61,18,51,9,1,19.79581073631988,4.767751479289941,Italy,81.69014084507043,24.225352112676056,70.98591549295776,29.508196721311474
2576070,3166,531,444,106,88,33,376,55,16,47,10,0,19.764317626888797,2.813747228381375,Italy,83.61581920903954,19.962335216572505,70.80979284369114,29.09090909090909
2576070,3197,253,183,53,49,16,186,61,18,40,8,2,19.067396869680394,4.696825396825397,Italy,72.33201581027669,20.948616600790515,73.51778656126481,29.508196721311474
2576071,3173,511,430,88,88,47,308,41,17,57,18,2,20.648836788047497,2.22508398656215,Italy,84.14872798434442,17.22113502935421,60.273972602739725,41.46341463414634
2576071,3194,287,203,58,53,14,210,70,12,51,8,1,19.589695193050193,4.194277108433735,Italy,70.73170731707317,20.209059233449477,73.17073170731707,17.142857142857142
2576072,3165,275,200,59,36,14,198,45,13,52,3,0,20.509737790892906,6.043478260869565,Italy,72.72727272727273,21.454545454545453,72.0,28.888888888888886
2576072,3187,828,734,86,109,45,593,40,11,52,17,0,16.386274838141045,3.568141592920354,Italy,88.64734299516908,10.38647342995169,71.61835748792271,27.500000000000004
2576073,3158,379,310,61,49,19,231,56,20,55,18,4,18.245574096533083,3.3968253968253967,Italy,81.79419525065963,16.094986807387862,60.94986807387863,35.714285714285715
2576073,3176,351,282,54,50,32,260,80,16,49,18,2,19.260314444304903,1.9603399433427762,Italy,80.34188034188034,15.384615384615385,74.07407407407408,20.0
2576074,3164,387,323,55,51,23,255,68,19,67,10,2,17.934346149521495,4.145502645502646,Italy,83.4625322997416,14.21188630490956,65.89147286821705,27.941176470588236
2576074,3193,391,323,88,60,27,279,89,28,39,13,0,20.39239568352874,2.4961340206185567,Italy,82.6086956521739,22.506393861892583,71.35549872122762,31.46067415730337
2576075,3161,465,386,69,49,34,298,63,19,50,22,1,19.43788009552472,0.6817102137767221,Italy,83.01075268817203,14.838709677419354,64.08602150537635,30.158730158730158
2576075,3185,404,338,75,43,23,297,77,30,41,8,1,18.665428522361683,3.023407022106632,Italy,83.66336633663366,18.564356435643564,73.51485148514851,38.961038961038966
2576076,3159,625,570,84,91,45,404,52,37,46,20,2,18.854183029456028,-0.08385744234800839,Italy,91.2,13.44,64.64,71.15384615384616
2576076,3219,308,249,46,29,5,212,80,5,43,2,0,18.8097222773208,1.4694533762057878,Italy,80.84415584415584,14.935064935064934,68.83116883116884,6.25
2576077,3162,476,403,81,75,22,310,64,13,35,11,2,18.394315715191343,3.0607940446650126,Italy,84.66386554621849,17.016806722689076,65.12605042016807,20.3125
2576077,3163,559,471,118,85,18,426,65,14,41,11,0,20.840770032351735,3.812790697674419,Italy,84.25760286225402,21.10912343470483,76.20751341681574,21.53846153846154
2576078,3157,440,351,67,64,32,277,62,19,58,13,2,17.94935385042049,5.0182926829268295,Italy,79.77272727272727,15.227272727272728,62.95454545454545,30.64516129032258
2576078,3315,342,259,76,63,30,253,64,20,50,7,0,20.49832643285595,3.5268505079825836,Italy,75.73099415204678,22.22222222222222,73.9766081871345,31.25
2576079,3219,400,334,73,44,24,268,65,22,49,10,1,19.257479830560076,2.650586701434159,Italy,83.5,18.25,67.0,33.84615384615385
2576079,3315,361,299,61,54,23,260,63,13,65,14,2,18.63060472620328,4.0854341736694675,Italy,82.82548476454294,16.897506925207757,72.02216066481995,20.634920634920633
2576080,3193,370,269,70,79,37,250,55,23,60,10,1,18.72128065228989,4.986146095717884,Italy,72.70270270270271,18.91891891891892,67.56756756756756,41.81818181818181
2576080,3197,530,421,105,85,32,365,79,25,46,11,0,19.530792957655255,3.153930131004367,Italy,79.43396226415095,19.81132075471698,68.86792452830188,31.645569620253166
2576081,3166,570,492,77,72,29,389,57,19,48,12,3,17.840406292177136,3.4924406047516197,Italy,86.31578947368422,13.508771929824562,68.24561403508773,33.33333333333333
2576081,3194,385,295,78,54,30,265,59,16,43,16,2,19.853599600610764,2.2409470752089136,Italy,76.62337662337663,20.259740259740262,68.83116883116884,27.11864406779661
2576082,3161,521,452,56,60,22,303,76,21,44,7,2,16.90411160226876,2.812064965197216,Italy,86.75623800383877,10.748560460652591,58.157389635316704,27.631578947368425
2576082,3172,483,412,76,58,17,381,63,24,47,8,0,17.76731596922298,3.3424317617866004,Italy,85.30020703933747,15.734989648033126,78.88198757763976,38.095238095238095
2576083,3157,608,523,92,69,23,413,46,16,43,11,1,18.581215419224524,2.449275362318841,Italy,86.01973684210526,15.131578947368421,67.92763157894737,34.78260869565217
2576083,3187,501,437,75,56,28,381,63,25,32,16,2,18.825829379250912,1.8616352201257862,Italy,87.2255489021956,14.97005988023952,76.04790419161677,39.682539682539684
2576084,3158,388,334,70,60,21,291,58,29,55,13,1,18.112124030655284,1.5560053981106612,Italy,86.08247422680412,18.04123711340206,75.0,50.0
2576084,3162,339,274,64,41,31,251,68,15,46,10,0,18.178662335087846,3.129124820659971,Italy,80.8259587020649,18.87905604719764,74.04129793510324,22.058823529411764
2576085,3159,545,478,92,64,26,394,75,38,30,16,1,18.926082572172117,2.9667738478027865,Italy,87.70642201834863,16.88073394495413,72.29357798165138,50.66666666666667
2576085,3164,467,398,66,72,27,290,64,25,37,9,3,18.335404285054686,2.8110539845758353,Italy,85.22483940042827,14.132762312633835,62.098501070663815,39.0625
2576086,3176,562,483,85,77,43,382,59,27,55,17,1,18.022247869156715,3.9713983050847457,Italy,85.94306049822063,15.12455516014235,67.97153024911033,45.76271186440678
2576086,3204,219,165,40,30,13,112,62,15,43,7,1,18.47131970042321,4.04631217838765,Italy,75.34246575342466,18.2648401826484,51.141552511415526,24.193548387096776
2576087,3165,359,275,78,53,29,242,75,26,44,7,1,18.674107680371204,4.121776504297994,Italy,76.6016713091922,21.72701949860724,67.40947075208913,34.66666666666667
2576087,3185,525,449,95,72,36,361,40,25,47,15,1,19.348959490831852,1.898942420681551,Italy,85.52380952380952,18.095238095238095,68.76190476190476,62.5
2576088,3163,468,389,79,69,31,300,46,17,60,13,0,20.21378814391038,3.0643564356435644,Italy,83.11965811965813,16.88034188034188,64.1025641025641,36.95652173913043
2576088,3173,446,346,69,76,34,304,76,11,48,10,1,18.109211653210377,4.64957264957265,Italy,77.57847533632287,15.47085201793722,68.16143497757847,14.473684210526317
2576089,3172,577,487,99,88,52,422,60,26,46,12,1,19.61962678215035,1.674468085106383,Italy,84.40207972270363,17.157712305025996,73.13691507798961,43.333333333333336
2576089,3219,256,185,57,48,19,186,83,18,47,6,0,18.58630866372233,4.15566037735849,Italy,72.265625,22.265625,72.65625,21.686746987951807
2576090,3164,613,542,85,104,55,308,50,31,39,17,0,17.24050060261351,3.7193347193347193,Italy,88.41761827079935,13.866231647634583,50.24469820554649,62.0
2576090,3166,276,215,57,29,13,198,67,6,41,10,3,19.86112475106359,3.5743034055727554,Italy,77.89855072463769,20.652173913043477,71.73913043478261,8.955223880597014
2576091,3161,507,430,73,61,22,366,46,22,47,9,3,18.27267111966829,3.4251781472684084,Italy,84.81262327416174,14.398422090729785,72.18934911242604,47.82608695652174
2576091,3173,397,295,99,70,35,267,70,33,43,13,1,21.64130777783038,2.1552447552447553,Italy,74.3073047858942,24.937027707808564,67.2544080604534,47.14285714285714
2576092,3165,481,395,75,76,26,335,76,28,56,11,2,17.789434191944025,2.331853496115427,Italy,82.12058212058211,15.592515592515593,69.64656964656965,36.84210526315789
2576092,3204,337,270,58,48,18,223,72,26,54,14,0,16.980397552468304,4.2558746736292425,Italy,80.1186943620178,17.210682492581604,66.17210682492582,36.11111111111111
2576093,3158,600,534,97,86,40,410,44,25,43,12,1,17.88742039771664,3.9691358024691357,Italy,89.0,16.166666666666664,68.33333333333333,56.81818181818182
2576093,3193,291,216,63,45,20,198,69,17,33,7,0,18.769061622550392,4.952299829642249,Italy,74.22680412371135,21.649484536082475,68.04123711340206,24.637681159420293
2576094,3159,886,798,96,105,56,534,44,22,42,22,3,17.54013856538028,0.927920463960232,Italy,90.06772009029346,10.835214446952596,60.270880361173816,50.0
2576094,3197,212,138,52,31,7,117,94,10,27,4,0,18.24652158724261,3.9419729206963248,Italy,65.09433962264151,24.528301886792452,55.188679245283026,10.638297872340425
2576095,3162,474,368,87,64,30,349,69,26,45,11,1,18.462958715545266,2.2458432304038003,Italy,77.63713080168776,18.354430379746837,73.62869198312237,37.68115942028986
2576095,3176,469,390,51,54,19,303,84,24,46,14,0,16.253843332916635,3.7179190751445086,Italy,83.15565031982942,10.874200426439232,64.60554371002132,28.57142857142857
2576096,3157,410,342,86,82,26,266,77,23,53,16,0,20.64093996078243,1.1640340218712029,Italy,83.41463414634146,20.975609756097562,64.8780487804878,29.87012987012987
2576096,3185,332,259,74,48,17,225,101,30,47,8,0,18.853310828645547,4.250334672021419,Italy,78.01204819277109,22.289156626506024,67.7710843373494,29.7029702970297
2576097,3194,271,195,61,42,22,205,55,10,50,9,2,22.228742602649508,4.1490066225165565,Italy,71.95571955719558,22.509225092250922,75.64575645756457,18.181818181818183
2576097,3315,546,457,113,92,39,360,45,17,58,19,0,22.18947615893099,1.9919816723940436,Italy,83.69963369963371,20.695970695970693,65.93406593406593,37.77777777777778
2576098,3163,341,260,82,44,17,227,58,22,39,9,0,20.319232614200104,3.1236959761549925,Italy,76.24633431085044,24.04692082111437,66.56891495601172,37.93103448275862
2576098,3187,658,551,95,84,28,476,41,15,55,7,1,18.07532986898808,2.5922023182297154,Italy,83.73860182370821,14.437689969604865,72.3404255319149,36.58536585365854
2576099,3157,420,359,69,52,31,286,48,16,49,10,2,18.92016201739768,3.5509383378016084,Italy,85.47619047619047,16.428571428571427,68.0952380952381,33.33333333333333
2576099,3219,394,333,72,56,35,270,76,19,37,14,2,19.602261192003237,1.4966622162883845,Italy,84.51776649746193,18.274111675126903,68.52791878172589,25.0
2576100,3166,524,444,92,73,33,384,67,31,49,9,1,18.10333335945915,2.6771739130434784,Italy,84.7328244274809,17.557251908396946,73.2824427480916,46.26865671641791
2576100,3173,281,207,48,44,24,182,91,28,41,9,1,16.700436239272467,4.527488855869242,Italy,73.66548042704626,17.08185053380783,64.76868327402136,30.76923076923077
2576101,3163,448,367,82,45,23,299,44,14,56,14,3,18.836698001501375,5.096938775510204,Italy,81.91964285714286,18.303571428571427,66.74107142857143,31.818181818181817
2576101,3197,452,337,97,91,38,348,51,23,52,8,0,20.55943325796972,3.8268733850129197,Italy,74.5575221238938,21.460176991150444,76.99115044247787,45.09803921568628
2576102,3176,580,513,59,63,31,382,71,16,49,20,3,18.54918470156068,1.2776057791537667,Italy,88.44827586206897,10.172413793103448,65.86206896551724,22.535211267605636
2576102,3315,290,213,66,44,23,212,64,21,50,8,0,19.721422776635507,2.7936507936507935,Italy,73.44827586206897,22.758620689655174,73.10344827586206,32.8125
2576103,3193,365,289,63,54,30,245,109,22,45,8,1,18.55904990030744,4.712582781456954,Italy,79.17808219178082,17.26027397260274,67.12328767123287,20.18348623853211
2576103,3194,520,444,129,79,31,373,52,19,49,12,0,20.438511314133528,2.787528868360277,Italy,85.38461538461539,24.807692307692307,71.73076923076923,36.53846153846153
2576104,3161,689,617,115,99,76,476,37,19,36,39,5,21.1402979730663,-0.28756218905472636,Italy,89.5500725689405,16.69085631349782,69.08563134978229,51.35135135135135
2576104,3165,340,278,42,37,23,214,56,14,37,8,0,20.38032891608521,0.7301092043681747,Italy,81.76470588235294,12.352941176470589,62.94117647058823,25.0
2576105,3159,352,283,74,24,8,238,49,9,43,7,1,21.371325714263993,2.1854714064914993,Italy,80.39772727272727,21.022727272727273,67.61363636363636,18.367346938775512
2576105,3187,763,681,93,119,58,544,64,39,37,21,0,19.365391777499816,-0.1977401129943503,Italy,89.25294888597641,12.18872870249017,71.29750982961993,60.9375
2576106,3158,703,625,96,118,58,476,39,29,42,35,3,21.008256052256353,-0.8208502024291497,Italy,88.90469416785206,13.655761024182079,67.70981507823613,74.35897435897436
2576106,3204,191,143,33,17,5,134,58,7,38,2,1,20.301967563369335,1.7181069958847737,Italy,74.86910994764398,17.277486910994764,70.15706806282722,12.068965517241379
2576107,3162,434,339,90,67,39,288,87,28,42,13,2,18.88108433007849,3.7238542890716806,Italy,78.11059907834101,20.737327188940093,66.3594470046083,32.18390804597701
2576107,3164,369,286,62,55,24,227,67,24,48,13,1,18.20359326191681,2.5861148197596795,Italy,77.50677506775068,16.802168021680217,61.517615176151764,35.82089552238806
2576108,3172,361,279,77,45,33,272,74,22,47,16,1,17.954515224466853,4.07840616966581,Italy,77.28531855955679,21.329639889196674,75.34626038781164,29.72972972972973
2576108,3185,411,333,76,51,18,277,87,25,64,10,1,18.018395771394825,2.7973621103117505,Italy,81.02189781021897,18.491484184914842,67.39659367396594,28.735632183908045
2576109,3164,415,344,75,58,28,269,42,21,50,15,2,18.740754028180355,3.802139037433155,Italy,82.89156626506025,18.072289156626507,64.81927710843374,50.0
2576109,3173,379,287,82,48,39,252,65,19,44,13,2,19.89023665957131,2.874338624338624,Italy,75.72559366754618,21.63588390501319,66.49076517150397,29.230769230769234
2576110,3158,453,370,91,60,55,349,34,8,67,26,0,19.952827755695033,4.171532846715328,Italy,81.67770419426049,20.08830022075055,77.04194260485652,23.52941176470588
2576110,3165,224,164,57,42,22,144,79,11,45,10,0,22.001217172467026,2.8824531516183987,Italy,73.21428571428571,25.44642857142857,64.28571428571429,13.924050632911392
2576111,3172,447,364,81,65,28,347,71,21,64,13,2,17.60853445843093,4.037252619324796,Italy,81.4317673378076,18.120805369127517,77.62863534675614,29.577464788732392
2576111,3193,385,297,69,77,26,249,79,25,48,14,1,18.745842824856727,3.3414322250639388,Italy,77.14285714285715,17.92207792207792,64.67532467532467,31.645569620253166
2576112,3159,508,442,95,66,27,325,64,24,34,19,0,19.200720386309232,0.8612099644128114,Italy,87.00787401574803,18.700787401574804,63.976377952755904,37.5
2576112,3161,461,395,61,54,11,325,75,21,29,7,0,16.795975523315214,2.451005025125628,Italy,85.68329718004338,13.232104121475055,70.49891540130152,28.000000000000004
2576113,3162,401,314,91,66,36,279,68,16,59,17,1,22.38113303194326,0.8532110091743119,Italy,78.30423940149626,22.693266832917704,69.57605985037407,23.52941176470588
2576113,3185,440,381,60,66,19,304,58,19,39,19,3,18.17533576889031,3.3542435424354244,Italy,86.5909090909091,13.636363636363635,69.0909090909091,32.758620689655174
2576114,3157,491,414,72,85,46,321,62,22,48,21,2,20.06642206528808,1.5222623345367028,Italy,84.31771894093686,14.663951120162933,65.37678207739307,35.483870967741936
2576114,3166,360,289,65,56,18,246,73,5,44,7,1,19.258110991203015,3.4866760168302946,Italy,80.27777777777779,18.055555555555554,68.33333333333333,6.8493150684931505
2576115,3176,426,347,70,33,17,274,62,8,39,6,0,18.96161571939433,3.39922480620155,Italy,81.45539906103286,16.431924882629108,64.31924882629107,12.903225806451612
2576115,3187,721,624,91,124,41,543,78,34,44,9,0,17.126312956420968,1.7890974084003575,Italy,86.54646324549236,12.62135922330097,75.31206657420249,43.58974358974359
2576116,3197,396,300,72,49,23,269,89,18,47,8,0,17.776910336125262,4.174418604651163,Italy,75.75757575757575,18.181818181818183,67.92929292929293,20.224719101123593
2576116,3315,366,283,60,72,24,240,44,25,60,13,2,18.549604671550192,3.2388663967611335,Italy,77.3224043715847,16.39344262295082,65.57377049180327,56.81818181818182
2576117,3194,311,256,68,35,20,216,50,11,45,12,1,19.530988954469702,4.148872180451128,Italy,82.31511254019293,21.864951768488748,69.45337620578779,22.0
2576117,3204,420,329,76,67,47,258,65,20,45,17,1,20.135000739586896,2.137434554973822,Italy,78.33333333333333,18.095238095238095,61.42857142857143,30.76923076923077
2576118,3163,437,355,74,46,23,286,67,17,47,7,2,18.463998150786235,3.587467362924282,Italy,81.23569794050344,16.933638443935926,65.44622425629291,25.37313432835821
2576118,3219,464,383,69,59,35,312,59,15,48,21,0,17.704249287133514,3.938728323699422,Italy,82.54310344827587,14.870689655172415,67.24137931034483,25.423728813559322
2576119,3162,460,386,95,68,20,288,68,26,48,11,3,19.70760166857221,3.2426108374384235,Italy,83.91304347826087,20.652173913043477,62.60869565217392,38.23529411764706
2576119,3172,451,375,82,65,28,333,75,25,36,11,2,19.81767785724543,2.81,Italy,83.14855875831486,18.181818181818183,73.8359201773836,33.33333333333333
2576120,3204,452,374,69,64,36,265,66,17,50,12,2,19.78285349412157,4.0972053462940465,Italy,82.7433628318584,15.265486725663715,58.62831858407079,25.757575757575758
2576120,3219,413,333,83,45,29,295,77,24,39,15,0,19.363611048060314,2.807542262678804,Italy,80.62953995157385,20.09685230024213,71.42857142857143,31.16883116883117
2576121,3159,620,528,92,77,42,382,60,25,35,11,2,18.172640870110406,3.8579175704989153,Italy,85.16129032258064,14.838709677419354,61.61290322580645,41.66666666666667
2576121,3166,431,362,68,62,10,306,63,23,35,3,0,17.445000963703297,3.393103448275862,Italy,83.9907192575406,15.777262180974477,70.99767981438515,36.507936507936506
2576122,3165,506,422,101,79,31,291,54,17,51,12,0,19.39517118318244,3.594563986409966,Italy,83.399209486166,19.960474308300398,57.509881422924906,31.48148148148148
2576122,3197,372,289,71,62,41,265,70,26,42,14,1,19.79367537675907,3.708491761723701,Italy,77.68817204301075,19.086021505376344,71.23655913978494,37.142857142857146
2576123,3176,606,527,89,83,32,422,58,14,44,22,0,18.945027948799577,1.0390143737166324,Italy,86.96369636963696,14.686468646864686,69.63696369636963,24.137931034482758
2576123,3193,275,202,60,41,10,201,66,18,61,3,0,18.40360334972954,3.862619808306709,Italy,73.45454545454545,21.818181818181817,73.0909090909091,27.27272727272727
2576124,3157,528,439,92,97,48,355,39,25,46,28,0,19.557955231718232,4.784382284382285,Italy,83.14393939393939,17.424242424242426,67.23484848484848,64.1025641025641
2576124,3194,235,156,56,40,10,171,74,9,50,5,3,21.16778361576184,5.653027823240589,Italy,66.38297872340425,23.829787234042556,72.76595744680851,12.162162162162163
2576125,3161,542,450,109,79,48,392,50,25,50,25,1,21.90216725060738,0.04953917050691244,Italy,83.02583025830258,20.11070110701107,72.32472324723247,50.0
2576125,3163,250,194,51,33,21,165,81,25,37,7,2,20.30622532120043,3.6965408805031448,Italy,77.60000000000001,20.4,66.0,30.864197530864196
2576126,3158,523,446,74,86,52,387,52,26,46,18,1,18.616016960166224,1.5437219730941705,Italy,85.27724665391969,14.149139579349903,73.9961759082218,50.0
2576126,3173,324,236,47,33,16,224,75,14,41,3,0,17.685971823353785,3.9628482972136223,Italy,72.8395061728395,14.506172839506174,69.1358024691358,18.666666666666668
2576127,3164,500,404,102,74,39,329,55,20,45,10,0,19.968993124748813,2.56094674556213,Italy,80.80000000000001,20.4,65.8,36.36363636363637
2576127,3315,248,172,75,53,22,196,77,26,47,14,1,20.794748595646418,6.2215189873417724,Italy,69.35483870967742,30.241935483870968,79.03225806451613,33.76623376623377
2576128,3185,411,333,66,44,29,290,53,19,55,6,1,18.356175066452902,2.475195822454308,Italy,81.02189781021897,16.05839416058394,70.55961070559611,35.84905660377358
2576128,3187,673,583,97,87,36,440,75,16,45,13,3,18.60162323161155,2.980808080808081,Italy,86.62704309063894,14.413075780089152,65.37890044576523,21.333333333333336
2576129,3173,298,215,66,42,25,188,50,14,56,5,0,20.55468478656335,4.068145800316957,Italy,72.14765100671141,22.14765100671141,63.08724832214765,28.000000000000004
2576129,3176,496,422,77,76,45,320,67,30,51,23,1,19.337755656884195,4.534722222222222,Italy,85.08064516129032,15.524193548387096,64.51612903225806,44.776119402985074
2576130,3165,439,355,97,85,43,293,39,18,47,16,2,21.997698371229284,1.4475806451612903,Italy,80.86560364464692,22.095671981776764,66.74259681093395,46.15384615384615
2576130,3166,409,335,78,31,14,328,41,13,50,10,3,20.31804348212437,2.9045020463847204,Italy,81.90709046454768,19.070904645476773,80.1955990220049,31.70731707317073
2576131,3193,453,360,77,72,41,306,53,19,58,11,0,19.848701299594666,2.1846901579586877,Italy,79.47019867549669,16.99779249448124,67.54966887417218,35.84905660377358
2576131,3219,296,220,54,42,20,200,74,21,47,10,0,19.00384008256217,4.159574468085107,Italy,74.32432432432432,18.243243243243242,67.56756756756756,28.37837837837838
2576132,3158,488,419,68,67,33,341,58,26,54,11,0,18.894493792053026,2.860072376357057,Italy,85.86065573770492,13.934426229508196,69.87704918032787,44.827586206896555
2576132,3159,366,313,61,39,29,270,70,16,38,22,1,20.21509003510393,1.7241830065359478,Italy,85.51912568306011,16.666666666666664,73.77049180327869,22.857142857142858
2576133,3162,545,456,120,73,40,399,49,21,44,19,4,20.661132386703766,1.3511450381679388,Italy,83.6697247706422,22.018348623853214,73.21100917431193,42.857142857142854
2576133,3197,356,270,58,56,23,270,67,12,52,9,0,18.181741820157768,3.728715728715729,Italy,75.84269662921348,16.292134831460675,75.84269662921348,17.91044776119403
2576134,3157,510,421,124,80,35,326,45,18,40,16,0,21.698312932518192,1.6184538653366582,Italy,82.54901960784314,24.313725490196077,63.921568627450974,40.0
2576134,3172,432,362,86,48,18,364,69,20,36,8,2,19.8645100815322,3.135935397039031,Italy,83.79629629629629,19.90740740740741,84.25925925925925,28.985507246376812
2576135,3164,576,488,88,68,21,391,48,23,38,3,0,18.223197419562695,2.360091743119266,Italy,84.72222222222221,15.277777777777779,67.88194444444444,47.91666666666667
2576135,3187,469,383,75,62,27,337,68,24,42,13,3,18.97524764320378,1.5880102040816326,Italy,81.6631130063966,15.991471215351813,71.85501066098081,35.294117647058826
2576136,3161,599,495,102,64,69,444,75,38,56,14,0,18.05973146396399,4.19367991845056,Italy,82.63772954924875,17.028380634390654,74.12353923205343,50.66666666666667
2576136,3315,237,165,50,45,21,168,63,19,40,9,1,19.43502781478057,6.516295025728988,Italy,69.62025316455697,21.09704641350211,70.88607594936708,30.158730158730158
2576137,3185,379,310,70,62,27,280,59,24,50,16,2,17.496696543973076,3.579415501905972,Italy,81.79419525065963,18.46965699208443,73.87862796833772,40.67796610169492
2576137,3204,316,233,72,49,27,190,71,21,55,11,0,19.99255815867017,2.943313953488372,Italy,73.73417721518987,22.78481012658228,60.12658227848101,29.577464788732392
2576138,3163,535,462,73,63,47,388,36,13,40,24,4,19.75548693599043,0.5142857142857142,Italy,86.35514018691589,13.644859813084112,72.52336448598132,36.11111111111111
2576138,3194,360,282,65,43,16,254,53,18,49,3,0,19.4925443759502,1.6425406203840474,Italy,78.33333333333333,18.055555555555554,70.55555555555556,33.9622641509434
2576139,3172,593,511,88,80,69,446,40,22,55,21,1,19.202926209972766,1.3490471414242728,Italy,86.17200674536257,14.839797639123104,75.21079258010118,55.00000000000001
2576139,3173,263,186,53,39,20,166,122,14,44,3,2,19.63642914169871,3.2186544342507646,Italy,70.72243346007605,20.15209125475285,63.11787072243346,11.475409836065573
2576140,3165,482,399,93,86,36,314,77,28,49,8,0,18.796364942574716,3.7110036275695286,Italy,82.78008298755186,19.294605809128633,65.14522821576763,36.36363636363637
2576140,3219,322,248,64,48,21,233,55,19,53,18,1,21.103638225608222,3.1157142857142857,Italy,77.01863354037268,19.875776397515526,72.36024844720497,34.54545454545455
2576141,3163,350,290,57,42,21,223,84,25,45,6,2,18.90752865634271,4.406802721088435,Italy,82.85714285714286,16.28571428571429,63.714285714285715,29.761904761904763
2576141,3166,442,361,94,73,28,336,39,8,53,9,0,19.967553036685004,2.23841059602649,Italy,81.67420814479638,21.266968325791854,76.01809954751131,20.51282051282051
2576142,3187,708,593,84,83,49,469,45,19,64,17,1,16.83782119357385,3.3753501400560224,Italy,83.75706214689266,11.864406779661017,66.24293785310734,42.22222222222222
2576142,3197,283,184,59,61,10,212,78,18,45,5,0,18.75884550709967,5.093312597200622,Italy,65.01766784452296,20.848056537102476,74.91166077738515,23.076923076923077
2576143,3157,397,326,68,63,20,296,62,17,51,9,1,17.416374274399747,3.799207397622193,Italy,82.11586901763224,17.12846347607053,74.55919395465995,27.419354838709676
2576143,3176,535,441,80,82,34,309,74,21,43,15,1,19.16179316246451,2.411630558722919,Italy,82.42990654205607,14.953271028037381,57.757009345794394,28.37837837837838
2576144,3159,626,573,86,83,29,401,60,16,43,14,3,17.88156593959222,2.674922600619195,Italy,91.53354632587859,13.738019169329075,64.05750798722045,26.666666666666668
2576144,3194,300,222,56,39,15,205,89,34,31,3,1,17.64425440007761,3.5937007874015747,Italy,74.0,18.666666666666668,68.33333333333333,38.20224719101123
2576145,3161,517,438,82,59,38,365,70,24,39,10,0,19.879281395539103,1.8341013824884793,Italy,84.71953578336557,15.860735009671178,70.59961315280464,34.285714285714285
2576145,3162,435,359,75,53,37,332,49,13,43,12,0,19.23060309364307,4.241199478487614,Italy,82.5287356321839,17.24137931034483,76.32183908045977,26.53061224489796
2576146,3158,509,417,100,77,57,392,56,25,46,19,1,20.00283734293545,2.101657458563536,Italy,81.9253438113949,19.646365422396855,77.01375245579568,44.642857142857146
2576146,3315,264,186,62,53,21,174,84,16,56,15,1,20.49844627876461,5.062691131498471,Italy,70.45454545454545,23.484848484848484,65.9090909090909,19.047619047619047
2576147,3164,545,468,112,90,56,361,46,23,47,18,1,20.90396928973849,2.2359154929577465,Italy,85.87155963302753,20.55045871559633,66.23853211009174,50.0
2576147,3204,305,217,78,61,17,213,76,9,39,10,0,20.89598528189435,4.121684867394696,Italy,71.14754098360656,25.573770491803277,69.83606557377048,11.842105263157894
2576148,3185,475,391,69,67,20,385,62,39,58,16,0,16.448217510095628,2.4099447513812153,Italy,82.3157894736842,14.526315789473685,81.05263157894737,62.903225806451616
2576148,3193,345,256,73,42,11,246,89,18,54,3,0,17.228820677837227,4.189890710382514,Italy,74.20289855072464,21.15942028985507,71.30434782608695,20.224719101123593
2576149,3158,550,465,81,83,51,373,51,33,50,17,1,19.223102962486575,1.1815252416756177,Italy,84.54545454545455,14.727272727272728,67.81818181818183,64.70588235294117
2576149,3172,253,184,59,33,10,171,87,10,45,10,2,19.399206146669908,3.621187800963082,Italy,72.72727272727273,23.3201581027668,67.58893280632411,11.494252873563218
2576150,3166,338,260,73,48,11,236,108,12,53,3,0,20.13536845506961,3.109722222222222,Italy,76.92307692307693,21.597633136094675,69.8224852071006,11.11111111111111
2576150,3185,486,410,75,60,36,306,55,26,47,16,3,20.285749134073978,0.6419612314709237,Italy,84.36213991769547,15.432098765432098,62.96296296296296,47.27272727272727
2576151,3157,585,510,103,78,44,429,44,22,56,24,1,20.98806506000995,1.1396588486140724,Italy,87.17948717948718,17.60683760683761,73.33333333333333,50.0
2576151,3197,281,199,62,53,17,175,59,15,53,8,0,19.198812710645882,3.7160883280757098,Italy,70.8185053380783,22.064056939501782,62.27758007117438,25.423728813559322
2576152,3187,787,683,105,130,66,531,33,26,33,23,2,19.90571211144309,0.9250493096646942,Italy,86.78526048284625,13.341804320203304,67.47141041931386,78.78787878787878
2576152,3194,328,242,75,39,11,224,36,3,48,3,0,21.79368058052772,3.6463620981387477,Italy,73.78048780487805,22.865853658536587,68.29268292682927,8.333333333333332
2576153,3161,435,373,62,40,19,279,52,13,51,12,1,19.329608290214164,3.278580814717477,Italy,85.74712643678161,14.25287356321839,64.13793103448275,25.0
2576153,3176,472,409,87,69,51,318,77,22,49,21,1,21.98252478723831,0.9571603427172583,Italy,86.65254237288136,18.43220338983051,67.37288135593221,28.57142857142857
2576154,3159,523,450,66,65,20,337,34,21,53,14,1,18.01752195793786,4.2215843857634905,Italy,86.04206500956023,12.619502868068832,64.43594646271511,61.76470588235294
2576154,3173,321,245,62,62,29,210,76,28,46,7,0,18.784220659432844,4.493108728943338,Italy,76.32398753894081,19.314641744548286,65.42056074766354,36.84210526315789
2576155,3162,386,334,60,54,19,234,74,19,37,15,5,18.9614379944737,3.3802228412256268,Italy,86.52849740932642,15.544041450777202,60.62176165803109,25.675675675675674
2576155,3204,457,386,76,68,26,296,51,25,43,10,1,19.234262148274325,1.8365261813537677,Italy,84.46389496717724,16.630196936542667,64.77024070021882,49.01960784313725
2576156,3164,395,331,63,60,29,276,73,36,52,12,2,18.064376689250246,2.802124833997344,Italy,83.79746835443038,15.949367088607595,69.87341772151898,49.31506849315068
2576156,3219,340,271,75,40,18,251,72,20,38,16,2,20.094721722596482,1.5151515151515151,Italy,79.70588235294119,22.058823529411764,73.82352941176471,27.77777777777778
2576157,3193,407,315,85,72,28,280,65,20,49,7,1,19.723676372813827,3.7685749086479903,Italy,77.39557739557739,20.884520884520885,68.7960687960688,30.76923076923077
2576157,3315,391,294,102,76,37,297,79,33,51,12,0,21.015877270098155,5.837056504599212,Italy,75.1918158567775,26.08695652173913,75.95907928388746,41.77215189873418
2576158,3163,413,343,68,41,19,278,60,19,37,9,0,19.698248449434104,3.762237762237762,Italy,83.05084745762711,16.46489104116223,67.31234866828088,31.666666666666664
2576158,3165,489,408,90,78,31,376,40,13,61,9,1,18.742504706543475,2.984943538268507,Italy,83.43558282208589,18.404907975460123,76.89161554192229,32.5
2576159,3166,395,335,57,67,31,274,60,27,44,7,3,18.380263972126937,2.3191196698762035,Italy,84.81012658227847,14.430379746835442,69.36708860759494,45.0
2576159,3219,426,378,60,40,17,282,106,25,43,3,0,17.766636120380827,2.5353159851301115,Italy,88.73239436619718,14.084507042253522,66.19718309859155,23.58490566037736
2576160,3162,597,515,85,73,40,430,43,14,38,18,5,19.2874441636272,2.3340935005701255,Italy,86.26465661641541,14.237855946398659,72.02680067001675,32.55813953488372
2576160,3165,570,488,89,73,24,357,47,18,31,9,1,18.526127966356967,2.9926650366748166,Italy,85.6140350877193,15.6140350877193,62.63157894736842,38.297872340425535
2576161,3194,489,409,79,62,34,298,55,17,50,8,0,17.663920022534707,2.821852731591449,Italy,83.640081799591,16.155419222903884,60.940695296523515,30.909090909090907
2576161,3197,450,383,47,48,16,310,83,12,46,6,2,16.12828092944608,4.006234413965087,Italy,85.11111111111111,10.444444444444445,68.88888888888889,14.457831325301203
2576162,3164,453,362,76,59,39,299,56,23,53,14,3,19.382082340356185,1.543726235741445,Italy,79.91169977924945,16.777041942604857,66.00441501103754,41.07142857142857
2576162,3176,354,267,54,47,22,211,81,23,30,12,1,18.32276199825711,3.7622478386167146,Italy,75.42372881355932,15.254237288135593,59.6045197740113,28.39506172839506
2576163,3159,499,430,77,53,26,329,68,20,41,14,1,18.428559704377474,1.8553386911595866,Italy,86.17234468937876,15.430861723446892,65.93186372745491,29.411764705882355
2576163,3193,409,337,54,59,10,269,62,29,54,6,0,17.012936765433302,3.1545454545454548,Italy,82.3960880195599,13.202933985330073,65.77017114914425,46.774193548387096
2576164,3157,407,330,91,49,26,301,63,22,67,14,1,18.027028047040996,3.923940149625935,Italy,81.08108108108108,22.358722358722357,73.95577395577395,34.92063492063492
2576164,3173,357,280,54,68,31,236,81,26,56,10,1,17.277055333970164,3.200545702592087,Italy,78.43137254901961,15.126050420168067,66.1064425770308,32.098765432098766
2576165,3172,473,376,93,54,21,348,70,24,54,8,0,18.469715969555523,2.9975816203143895,Italy,79.49260042283298,19.661733615221987,73.57293868921776,34.285714285714285
2576165,3187,514,415,75,83,41,344,93,32,51,11,1,16.648442756733125,4.069204152249135,Italy,80.73929961089495,14.591439688715955,66.9260700389105,34.40860215053764
2576166,3158,440,363,61,54,26,283,71,30,39,6,1,19.563525929710504,2.232349165596919,Italy,82.5,13.863636363636363,64.31818181818181,42.25352112676056
2576166,3161,502,419,97,70,46,340,61,30,48,15,1,20.70474427068708,1.9133663366336633,Italy,83.46613545816733,19.322709163346612,67.72908366533864,49.18032786885246
2576167,3163,412,323,65,50,24,291,85,31,48,6,1,16.52846513684281,4.0183968462549275,Italy,78.39805825242718,15.776699029126215,70.63106796116504,36.470588235294116
2576167,3204,442,353,80,69,13,367,43,20,53,12,1,17.58313705447227,4.186548223350254,Italy,79.86425339366517,18.099547511312217,83.0316742081448,46.51162790697674
2576168,3185,396,318,60,51,20,313,65,21,61,8,1,16.83897609567864,3.4645569620253163,Italy,80.3030303030303,15.151515151515152,79.04040404040404,32.30769230769231
2576168,3315,331,243,77,53,35,257,91,37,65,16,1,19.13277559649667,2.2922437673130194,Italy,73.41389728096676,23.26283987915408,77.64350453172206,40.65934065934066
2576169,3172,553,481,81,62,57,407,41,13,48,15,3,17.851846235307157,2.916188289322618,Italy,86.98010849909585,14.647377938517177,73.59855334538878,31.70731707317073
2576169,3315,381,300,99,67,29,283,76,27,35,10,0,20.622975509731035,2.2177954847277555,Italy,78.74015748031496,25.984251968503933,74.2782152230971,35.526315789473685
2576170,3185,513,460,65,40,21,392,64,25,44,13,3,18.620729351839472,0.7390243902439024,Italy,89.66861598440545,12.670565302144249,76.41325536062378,39.0625
2576170,3219,337,284,58,30,13,237,56,13,45,6,0,19.155256962917687,2.0535987748851454,Italy,84.27299703264094,17.210682492581604,70.32640949554896,23.214285714285715
2576171,3166,448,377,94,64,18,330,61,16,44,9,1,20.024289002889255,3.269588313413015,Italy,84.15178571428571,20.982142857142858,73.66071428571429,26.229508196721312
2576171,3187,721,653,73,99,29,477,56,16,38,7,1,18.007408195566992,1.8208373904576436,Italy,90.56865464632455,10.124826629680998,66.15811373092927,28.57142857142857
2576172,3173,251,177,54,40,18,153,59,8,46,5,0,19.198852983612877,5.265410958904109,Italy,70.5179282868526,21.51394422310757,60.95617529880478,13.559322033898304
2576172,3197,491,404,73,72,58,314,59,35,59,13,0,20.14944470178727,1.600451467268623,Italy,82.28105906313645,14.867617107942973,63.951120162932796,59.32203389830508
2576173,3176,472,404,78,68,43,297,71,26,67,26,1,20.213102595012153,0.4954022988505747,Italy,85.59322033898306,16.52542372881356,62.92372881355932,36.61971830985916
2576173,3194,159,111,37,23,15,116,74,10,54,8,4,19.586625723465644,4.283662477558348,Italy,69.81132075471697,23.270440251572328,72.95597484276729,13.513513513513514
2576174,3161,505,437,63,59,42,360,84,35,40,10,0,16.762483422489606,2.8579952267303104,Italy,86.53465346534654,12.475247524752476,71.28712871287128,41.66666666666667
2576174,3204,381,310,85,36,22,261,48,13,55,11,1,20.69884856119615,1.9344978165938864,Italy,81.36482939632546,22.30971128608924,68.50393700787401,27.083333333333332
2576175,3159,728,660,94,88,49,479,33,23,38,15,2,17.94262326326105,2.961051606621227,Italy,90.65934065934066,12.912087912087914,65.7967032967033,69.6969696969697
2576175,3165,211,162,45,30,6,142,72,12,34,0,0,19.42288079841653,5.378378378378378,Italy,76.77725118483413,21.32701421800948,67.29857819905213,16.666666666666664
2576176,3157,515,448,89,78,18,363,82,24,36,10,2,17.822743927193443,2.613849765258216,Italy,86.99029126213593,17.281553398058254,70.48543689320388,29.268292682926827
2576176,3162,514,450,49,59,31,329,73,24,35,11,1,17.31316946586931,3.2025316455696204,Italy,87.54863813229572,9.53307392996109,64.00778210116731,32.87671232876712
2576177,3158,487,375,101,63,42,358,53,16,57,18,0,22.484362384670472,1.4692671394799055,Italy,77.00205338809035,20.739219712525667,73.51129363449692,30.18867924528302
2576177,3164,242,174,55,38,20,151,53,9,56,12,1,21.7622869869512,4.119800332778702,Italy,71.900826446281,22.727272727272727,62.396694214876035,16.9811320754717
2576178,3163,304,218,58,46,10,220,60,21,56,6,1,18.763608464652467,4.986217457886677,Italy,71.71052631578947,19.078947368421055,72.36842105263158,35.0
2576178,3193,496,405,109,86,50,364,47,21,45,21,0,20.77402732223971,1.7536407766990292,Italy,81.65322580645162,21.975806451612904,73.38709677419355,44.680851063829785
2576179,3165,324,237,78,48,20,220,90,29,53,3,0,19.22719768249754,3.331967213114754,Italy,73.14814814814815,24.074074074074073,67.90123456790124,32.22222222222222
2576179,3172,530,445,88,76,35,407,46,18,48,21,1,19.74319790085178,1.4510226049515609,Italy,83.9622641509434,16.60377358490566,76.79245283018868,39.130434782608695
2576180,3161,566,481,77,84,43,346,54,26,57,11,1,18.46775714122632,2.0417972831765936,Italy,84.98233215547704,13.604240282685511,61.130742049469966,48.148148148148145
2576180,3197,334,242,62,58,15,237,88,31,47,12,1,18.45573396190984,4.6194444444444445,Italy,72.45508982035929,18.562874251497004,70.95808383233533,35.22727272727273
2576181,3166,402,326,71,57,21,265,67,21,59,7,0,18.196208485600124,3.031328320802005,Italy,81.09452736318407,17.66169154228856,65.92039800995025,31.343283582089555
2576181,3176,437,372,69,56,22,303,93,20,51,10,1,18.546252710115894,2.8368355995055623,Italy,85.1258581235698,15.789473684210526,69.33638443935926,21.50537634408602
2576182,3162,640,542,86,106,46,470,50,17,45,19,1,18.802072513716265,1.9488977955911824,Italy,84.6875,13.4375,73.4375,34.0
2576182,3193,355,265,51,55,16,243,69,21,41,6,2,18.273442597074677,4.460251046025105,Italy,74.64788732394366,14.366197183098592,68.45070422535211,30.434782608695656
2576183,3157,467,394,72,56,27,361,58,22,53,12,1,16.79838704123048,3.0107142857142857,Italy,84.36830835117773,15.417558886509635,77.30192719486081,37.93103448275862
2576183,3163,428,349,76,56,31,310,75,25,56,12,0,18.04216948727295,1.955640050697085,Italy,81.54205607476635,17.75700934579439,72.42990654205607,33.33333333333333
2576184,3187,749,670,77,97,38,528,57,22,36,16,2,17.791492720413306,2.23,Italy,89.45260347129505,10.2803738317757,70.4939919893191,38.59649122807017
2576184,3219,485,417,75,42,21,331,43,21,33,14,0,20.36185041524932,2.4683053040103493,Italy,85.97938144329898,15.463917525773196,68.24742268041237,48.837209302325576
2576185,3158,537,457,67,68,46,365,67,20,47,16,1,16.400229014028984,4.397186147186147,Italy,85.1024208566108,12.476722532588454,67.97020484171323,29.850746268656714
2576185,3194,357,275,69,49,35,272,63,26,36,8,0,19.322979742383747,4.601190476190476,Italy,77.03081232492998,19.327731092436977,76.19047619047619,41.269841269841265
2576186,3159,660,582,88,65,30,466,44,16,39,16,7,20.23936401159932,1.4654427645788337,Italy,88.18181818181819,13.333333333333334,70.60606060606061,36.36363636363637
2576186,3315,392,323,55,50,19,221,66,18,34,5,0,19.0802302592312,2.0,Italy,82.39795918367348,14.030612244897958,56.37755102040817,27.27272727272727
2576187,3173,373,305,68,53,20,250,87,37,54,11,2,18.5625149260691,2.473751600512164,Italy,81.76943699731903,18.230563002680967,67.02412868632707,42.5287356321839
2576187,3204,363,297,73,61,11,243,58,25,56,9,0,17.99136528446389,3.629973474801061,Italy,81.81818181818183,20.110192837465565,66.94214876033058,43.103448275862064
2576188,3164,409,332,87,66,22,284,94,31,55,9,0,19.88335208286344,2.2824242424242422,Italy,81.17359413202934,21.271393643031786,69.43765281173594,32.97872340425532
2576188,3185,329,250,87,53,24,250,59,21,52,13,1,19.47786962567379,4.443001443001443,Italy,75.98784194528876,26.443768996960486,75.98784194528876,35.59322033898305
2576189,3172,466,363,98,71,38,331,65,27,58,11,1,18.162936387914495,4.623773173391494,Italy,77.8969957081545,21.030042918454935,71.03004291845494,41.53846153846154
2576189,3197,282,185,59,67,17,199,86,24,55,8,1,17.652518404307948,5.326474622770919,Italy,65.60283687943263,20.921985815602838,70.56737588652481,27.906976744186046
2576190,3158,526,447,101,86,48,374,50,31,49,17,4,20.186435855262246,1.1394230769230769,Italy,84.9809885931559,19.20152091254753,71.10266159695817,62.0
2576190,3219,394,324,57,38,15,261,59,10,46,5,2,19.678390136090485,2.5419532324621734,Italy,82.23350253807106,14.467005076142131,66.24365482233503,16.94915254237288
2576191,3161,468,405,69,57,36,312,74,37,51,14,2,17.713152757345277,1.5153664302600474,Italy,86.53846153846155,14.743589743589745,66.66666666666666,50.0
2576191,3166,415,341,85,55,22,302,81,23,47,7,1,18.804102226221065,3.1373056994818653,Italy,82.16867469879519,20.481927710843372,72.77108433734941,28.39506172839506
2576192,3173,463,361,72,58,21,335,65,19,55,6,0,17.059248411991128,3.367684478371501,Italy,77.96976241900649,15.550755939524837,72.35421166306696,29.230769230769234
2576192,3315,458,371,99,68,38,335,51,30,44,14,0,19.78837785922874,2.165,Italy,81.00436681222706,21.61572052401747,73.14410480349345,58.82352941176471
2576193,3165,470,383,90,80,22,330,54,26,47,4,0,18.566508899782463,4.081242532855436,Italy,81.48936170212767,19.148936170212767,70.2127659574468,48.148148148148145
2576193,3193,469,369,83,66,38,331,51,18,51,7,1,18.631473321862615,5.2303030303030305,Italy,78.67803837953092,17.69722814498934,70.57569296375267,35.294117647058826
2576194,3164,567,484,85,83,56,342,75,31,56,16,1,18.578830386262847,2.1738648947951273,Italy,85.3615520282187,14.991181657848324,60.317460317460316,41.333333333333336
2576194,3194,327,245,68,40,18,219,63,21,49,5,0,19.61987489653179,3.293103448275862,Italy,74.92354740061162,20.795107033639145,66.97247706422019,33.33333333333333
2576195,3159,336,270,60,39,14,246,64,23,48,3,1,18.092088198127602,2.8814285714285712,Italy,80.35714285714286,17.857142857142858,73.21428571428571,35.9375
2576195,3176,568,496,75,85,31,366,77,35,39,12,0,17.723221918314163,1.2364039955604884,Italy,87.32394366197182,13.204225352112676,64.43661971830986,45.45454545454545
2576196,3162,390,319,75,52,19,246,69,15,32,5,1,19.847640042050624,3.287339971550498,Italy,81.7948717948718,19.230769230769234,63.07692307692307,21.73913043478261
2576196,3187,838,754,87,106,27,624,75,31,35,17,3,17.298838526717464,1.1037735849056605,Italy,89.97613365155132,10.381861575178998,74.46300715990454,41.333333333333336
2576197,3157,565,508,86,53,32,395,57,24,53,18,4,17.133405200933264,2.881057268722467,Italy,89.91150442477877,15.221238938053098,69.91150442477876,42.10526315789473
2576197,3204,352,293,65,48,22,213,74,24,37,6,0,18.695322728874075,3.16036308623298,Italy,83.23863636363636,18.46590909090909,60.51136363636363,32.432432432432435
2576198,3163,427,343,65,56,19,287,78,24,52,11,0,17.47671649086723,3.4902200488997557,Italy,80.32786885245902,15.22248243559719,67.21311475409836,30.76923076923077
2576198,3185,299,226,73,41,12,217,69,18,58,12,2,19.386206259337246,2.6997041420118344,Italy,75.58528428093646,24.414715719063544,72.5752508361204,26.08695652173913
2576199,3165,444,368,92,67,39,336,48,26,50,7,1,18.704724288929775,3.102259215219976,Italy,82.88288288288288,20.72072072072072,75.67567567567568,54.166666666666664
2576199,3173,402,316,85,58,15,252,76,17,44,5,1,17.16021103764919,3.850765306122449,Italy,78.60696517412936,21.144278606965177,62.68656716417911,22.36842105263158
2576200,3197,277,201,55,51,25,174,60,18,56,19,2,18.383093904477267,5.210606060606061,Italy,72.56317689530685,19.855595667870034,62.8158844765343,30.0
2576200,3219,471,395,68,68,22,320,67,20,55,12,3,19.14534820255206,2.4038461538461537,Italy,83.86411889596603,14.437367303609342,67.94055201698514,29.850746268656714
2576201,3172,461,383,71,50,26,356,59,13,62,7,1,17.243777325740513,2.798787878787879,Italy,83.08026030368764,15.40130151843818,77.22342733188721,22.033898305084744
2576201,3176,352,281,75,56,20,229,94,27,40,15,1,18.64320131882077,3.5137741046831956,Italy,79.82954545454545,21.306818181818183,65.05681818181817,28.723404255319153
2576202,3162,480,390,91,71,53,308,83,28,55,33,2,21.869943458826395,-0.25655644241733183,Italy,81.25,18.958333333333332,64.16666666666667,33.734939759036145
2576202,3194,354,276,83,55,20,247,69,15,41,5,0,20.15381744537244,2.7092198581560285,Italy,77.96610169491525,23.44632768361582,69.77401129943502,21.73913043478261
2576203,3161,598,514,76,85,41,410,69,18,47,12,0,18.271503440322626,3.433102081268583,Italy,85.95317725752508,12.709030100334449,68.56187290969899,26.08695652173913
2576203,3193,282,211,56,43,14,212,75,18,55,10,1,19.046615921472135,4.192196531791907,Italy,74.822695035461,19.858156028368796,75.177304964539,24.0
2576204,3159,464,401,66,51,22,319,66,18,46,7,1,18.374969894075612,3.1316113161131613,Italy,86.42241379310344,14.224137931034484,68.75,27.27272727272727
2576204,3185,447,370,99,57,20,353,73,19,40,6,0,19.17560079273515,2.6201859229747675,Italy,82.77404921700223,22.14765100671141,78.97091722595079,26.027397260273972
2576205,3158,458,365,98,78,41,333,48,18,43,18,2,18.989185009132154,5.451612903225806,Italy,79.6943231441048,21.397379912663755,72.70742358078603,37.5
2576205,3163,374,283,76,57,20,260,65,10,44,7,0,19.027182207523943,5.121126760563381,Italy,75.66844919786097,20.32085561497326,69.5187165775401,15.384615384615385
2576206,3157,523,449,99,62,29,390,44,17,49,17,1,20.175585868265056,0.7728937728937729,Italy,85.8508604206501,18.929254302103253,74.5697896749522,38.63636363636363
2576206,3164,455,402,48,60,16,253,58,17,41,8,0,17.720122545646124,3.0,Italy,88.35164835164835,10.54945054945055,55.604395604395606,29.310344827586203
2576207,3166,514,447,69,62,23,324,52,18,45,9,1,18.036766958365327,2.9325714285714284,Italy,86.96498054474708,13.424124513618677,63.035019455252915,34.61538461538461
2576207,3315,373,276,96,62,51,271,70,36,54,16,1,19.76530214356507,4.660247592847318,Italy,73.9946380697051,25.737265415549597,72.65415549597856,51.42857142857142
2576208,3187,729,649,96,90,36,568,52,20,41,20,1,18.709788427462122,0.5745310957551826,Italy,89.02606310013718,13.168724279835391,77.91495198902606,38.46153846153847
2576208,3204,371,297,74,35,7,243,51,10,40,4,0,21.267274935688107,1.8460342146189737,Italy,80.05390835579514,19.946091644204852,65.49865229110512,19.607843137254903
2576209,3159,478,432,66,39,18,317,55,16,45,12,2,18.214057875360545,1.5665445665445665,Italy,90.3765690376569,13.807531380753138,66.31799163179917,29.09090909090909
2576209,3172,466,402,56,55,31,324,83,33,45,6,0,16.403635463126246,2.8521739130434782,Italy,86.26609442060087,12.017167381974248,69.52789699570815,39.75903614457831
2576210,3161,536,477,69,83,33,373,75,35,40,8,2,18.627609912481986,1.5199530516431925,Italy,88.99253731343283,12.87313432835821,69.58955223880598,46.666666666666664
2576210,3219,451,394,72,44,19,325,59,13,48,9,0,18.722796194913734,2.519302615193026,Italy,87.36141906873614,15.96452328159645,72.06208425720621,22.033898305084744
2576211,3165,421,319,80,51,24,282,72,28,65,5,0,18.585434077757316,2.380499405469679,Italy,75.77197149643705,19.002375296912113,66.9833729216152,38.88888888888889
2576211,3176,336,257,57,54,23,213,73,33,46,12,1,17.722981283644902,3.01953125,Italy,76.48809523809523,16.964285714285715,63.39285714285714,45.20547945205479
2576212,3166,392,320,45,53,15,280,67,20,46,7,2,17.436419940544788,3.9176470588235293,Italy,81.63265306122449,11.479591836734695,71.42857142857143,29.850746268656714
2576212,3193,519,432,92,71,45,345,54,30,52,16,0,17.947113180629444,4.118055555555555,Italy,83.23699421965318,17.726396917148364,66.47398843930635,55.55555555555556
2576213,3162,689,611,69,64,22,440,70,24,32,5,2,16.840639067375026,2.6953199617956063,Italy,88.67924528301887,10.014513788098693,63.86066763425254,34.285714285714285
2576213,3315,464,382,79,60,24,313,70,40,29,12,0,18.496025723612348,2.6087533156498672,Italy,82.32758620689656,17.025862068965516,67.45689655172413,57.14285714285714
2576214,3157,421,347,84,53,28,287,69,14,45,9,2,19.36614000217258,3.245751633986928,Italy,82.42280285035629,19.95249406175772,68.17102137767222,20.28985507246377
2576214,3158,531,450,97,83,38,384,62,30,39,16,0,19.866977398731127,1.6088474970896391,Italy,84.7457627118644,18.267419962335214,72.31638418079096,48.38709677419355
2576215,3173,371,276,100,72,17,259,52,16,45,6,0,21.417698579783217,3.376068376068376,Italy,74.39353099730458,26.954177897574123,69.81132075471697,30.76923076923077
2576215,3187,693,598,95,93,43,487,57,13,42,16,3,18.251510159536583,3.6402737047898337,Italy,86.2914862914863,13.708513708513708,70.27417027417027,22.807017543859647
2576216,3197,460,394,73,79,32,309,88,39,55,17,2,18.30433994421611,2.5005405405405408,Italy,85.65217391304348,15.869565217391305,67.17391304347827,44.31818181818182
2576216,3204,341,269,63,49,15,196,83,16,47,10,3,18.851328156653388,4.775862068965517,Italy,78.88563049853371,18.475073313782993,57.478005865102645,19.27710843373494
2576217,3185,374,290,74,57,37,284,104,33,61,12,1,16.68069565772495,4.452694610778443,Italy,77.54010695187165,19.786096256684495,75.93582887700535,31.73076923076923
2576217,3194,270,190,56,37,17,207,84,18,58,7,2,17.479497746019327,2.9830028328611897,Italy,70.37037037037037,20.74074074074074,76.66666666666667,21.428571428571427
2576218,3163,387,303,99,41,26,270,83,23,47,13,0,19.79541012815473,4.0441379310344825,Italy,78.29457364341084,25.581395348837212,69.76744186046511,27.710843373493976
2576218,3164,491,428,77,76,27,358,69,37,43,14,2,18.279794869972854,2.394186046511628,Italy,87.16904276985743,15.682281059063136,72.91242362525459,53.62318840579711
2576219,3166,266,190,60,33,23,198,92,24,56,4,0,18.251330432213653,4.896124031007752,Italy,71.42857142857143,22.55639097744361,74.43609022556392,26.08695652173913
2576219,3204,459,384,71,64,43,325,78,38,54,11,1,18.234788253546604,2.5029308323563892,Italy,83.66013071895425,15.468409586056644,70.80610021786492,48.717948717948715
2576220,3173,394,314,77,53,26,291,57,17,46,5,0,17.742509697865078,4.723202170963365,Italy,79.69543147208121,19.543147208121827,73.85786802030458,29.82456140350877
2576220,3193,394,320,70,59,28,281,62,28,54,6,2,18.921755390397653,3.2914507772020727,Italy,81.21827411167513,17.766497461928935,71.31979695431471,45.16129032258064
2576221,3185,562,504,83,66,20,385,63,21,42,9,4,17.55953050170657,2.530944625407166,Italy,89.6797153024911,14.768683274021353,68.50533807829181,33.33333333333333
2576221,3197,292,217,56,41,18,200,77,23,44,10,1,17.769555913622682,3.8705701078582435,Italy,74.31506849315068,19.17808219178082,68.4931506849315,29.87012987012987
2576222,3163,382,314,56,65,29,263,81,21,53,12,0,17.7296276907105,2.696139476961395,Italy,82.19895287958116,14.659685863874344,68.84816753926701,25.925925925925924
2576222,3176,361,294,66,57,16,248,78,23,50,12,1,17.639993756666914,3.527486910994764,Italy,81.4404432132964,18.282548476454295,68.69806094182826,29.48717948717949
2576223,3194,280,214,52,40,16,197,81,23,40,2,0,19.054733750425182,1.996845425867508,Italy,76.42857142857142,18.571428571428573,70.35714285714286,28.39506172839506
2576223,3219,503,437,80,60,44,326,50,17,58,21,3,19.634339008900778,1.4110985277463193,Italy,86.87872763419483,15.904572564612327,64.81113320079523,34.0
2576224,3157,440,381,90,46,31,312,56,12,54,13,0,19.923862399170304,2.2085492227979273,Italy,86.5909090909091,20.454545454545457,70.9090909090909,21.428571428571427
2576224,3161,558,482,81,85,44,359,59,21,34,14,0,18.90559080782832,3.704626334519573,Italy,86.37992831541219,14.516129032258066,64.33691756272401,35.59322033898305
2576225,3159,583,517,86,61,13,435,68,25,44,6,1,18.153885708895146,2.3814102564102564,Italy,88.67924528301887,14.751286449399656,74.61406518010291,36.76470588235294
2576225,3162,389,298,76,61,29,262,77,27,46,4,0,17.729598699870294,2.463623395149786,Italy,76.60668380462725,19.53727506426735,67.3521850899743,35.064935064935064
2576226,3158,361,293,62,41,15,245,67,14,30,11,4,21.581319826994115,3.316473988439306,Italy,81.16343490304709,17.174515235457065,67.86703601108033,20.8955223880597
2576226,3187,728,633,81,111,43,467,48,30,45,25,2,19.480199247984068,0.7960591133004926,Italy,86.95054945054946,11.126373626373626,64.14835164835165,62.5
2576227,3164,328,249,61,51,21,224,78,20,57,10,2,19.476972405778927,4.740689655172414,Italy,75.91463414634147,18.597560975609756,68.29268292682927,25.64102564102564
2576227,3172,514,420,105,57,37,389,79,25,61,13,1,20.370927706562508,1.569078947368421,Italy,81.71206225680933,20.428015564202333,75.68093385214007,31.645569620253166
2576228,3165,532,438,112,87,36,395,74,31,34,6,1,18.712506739773286,4.5473684210526315,Italy,82.33082706766918,21.052631578947366,74.24812030075188,41.891891891891895
2576228,3315,343,265,85,57,18,219,33,9,51,9,0,19.895152172998955,6.580893682588598,Italy,77.25947521865889,24.78134110787172,63.84839650145773,27.27272727272727
2576229,3166,333,250,68,52,22,236,87,15,53,8,0,18.178801501293314,4.1178918169209435,Italy,75.07507507507508,20.42042042042042,70.87087087087087,17.24137931034483
2576229,3172,508,435,69,68,59,363,69,33,52,20,1,17.39642513220156,4.452810180275716,Italy,85.62992125984252,13.582677165354331,71.45669291338582,47.82608695652174
2576230,3176,357,271,68,54,32,243,88,36,46,13,1,18.761186363187125,2.8626609442060085,Italy,75.91036414565826,19.047619047619047,68.0672268907563,40.909090909090914
2576230,3219,554,479,67,62,29,397,73,19,45,8,0,16.59544724662075,2.6995798319327733,Italy,86.46209386281588,12.093862815884476,71.66064981949458,26.027397260273972
2576231,3165,443,364,79,65,24,315,69,21,54,10,0,17.34156634485612,4.465473145780051,Italy,82.16704288939052,17.83295711060948,71.10609480812641,30.434782608695656
2576231,3194,279,211,67,35,14,230,61,21,70,7,1,18.389454270024874,3.7258297258297257,Italy,75.62724014336918,24.014336917562723,82.43727598566308,34.42622950819672
2576232,3162,554,464,134,88,37,395,58,26,50,10,1,19.665330320580555,4.689839572192513,Italy,83.75451263537906,24.187725631768952,71.29963898916968,44.827586206896555
2576232,3173,322,245,65,59,13,237,68,20,47,3,1,18.14516191075636,4.9169096209912535,Italy,76.08695652173914,20.18633540372671,73.6024844720497,29.411764705882355
2576233,3157,660,574,155,86,43,546,53,19,42,12,1,20.152019914112643,3.522105263157895,Italy,86.96969696969697,23.484848484848484,82.72727272727273,35.84905660377358
2576233,3193,379,304,82,51,23,265,64,9,40,8,0,20.366135019991827,5.040178571428571,Italy,80.21108179419525,21.63588390501319,69.92084432717678,14.0625
2576234,3161,447,372,68,41,19,239,50,11,36,5,0,18.179751925955067,3.319543509272468,Italy,83.22147651006712,15.212527964205815,53.46756152125279,22.0
2576234,3187,859,770,87,122,32,638,49,22,52,9,0,17.657463061733633,2.6170774647887325,Italy,89.63911525029104,10.128055878928988,74.27240977881257,44.89795918367347
2576235,3164,474,376,84,71,39,268,63,29,53,10,1,17.287811074188024,4.22972972972973,Italy,79.32489451476793,17.72151898734177,56.540084388185655,46.03174603174603
2576235,3197,286,207,52,42,19,191,58,12,50,12,3,18.573600745307903,4.651470588235294,Italy,72.37762237762237,18.181818181818183,66.78321678321679,20.689655172413794
2576236,3204,447,384,50,48,21,278,52,12,48,5,1,17.06030262751553,4.1835205992509366,Italy,85.90604026845638,11.185682326621924,62.19239373601789,23.076923076923077
2576236,3315,302,234,76,50,24,229,62,14,56,11,0,21.17561563701305,1.781789638932496,Italy,77.48344370860927,25.165562913907287,75.82781456953643,22.58064516129032
2576237,3158,436,364,77,74,39,277,71,24,57,14,3,20.323458654420428,1.6494325346784364,Italy,83.4862385321101,17.660550458715598,63.53211009174312,33.80281690140845
2576237,3185,292,227,72,38,22,218,58,20,52,8,0,19.646927681010006,3.7864992150706436,Italy,77.73972602739725,24.65753424657534,74.65753424657534,34.48275862068966
2576238,3159,636,570,80,67,33,408,59,15,32,9,1,19.738719509761097,1.5852585258525853,Italy,89.62264150943396,12.578616352201259,64.15094339622641,25.423728813559322
2576238,3163,532,460,77,74,28,346,70,24,37,4,0,18.65485372025093,2.458230958230958,Italy,86.46616541353383,14.473684210526317,65.0375939849624,34.285714285714285
2576239,3172,585,515,77,72,42,451,64,21,48,20,4,17.488028292918877,3.5195968645016795,Italy,88.03418803418803,13.162393162393164,77.0940170940171,32.8125
2576239,3194,344,273,46,42,17,220,74,10,44,4,0,17.94738017879465,3.809667673716012,Italy,79.36046511627907,13.372093023255813,63.95348837209303,13.513513513513514
2576240,3162,527,432,74,92,38,351,67,26,47,18,1,19.927206462596846,0.5903083700440529,Italy,81.97343453510436,14.041745730550284,66.60341555977229,38.80597014925373
2576240,3166,380,297,75,47,11,286,53,8,59,10,1,20.136109515523188,3.7447405329593266,Italy,78.15789473684211,19.736842105263158,75.26315789473685,15.09433962264151
2576241,3173,354,282,72,60,39,248,67,37,58,9,1,19.075572891894296,4.8703976435935195,Italy,79.66101694915254,20.33898305084746,70.05649717514125,55.223880597014926
2576241,3219,482,406,85,58,20,313,63,21,46,14,1,19.54828190642479,2.278177458033573,Italy,84.23236514522821,17.634854771784234,64.93775933609959,33.33333333333333
2576242,3157,660,606,97,87,40,461,54,29,42,18,3,18.795105240510512,0.864321608040201,Italy,91.81818181818183,14.696969696969697,69.84848484848484,53.70370370370371
2576242,3165,247,201,48,39,18,187,75,19,45,5,2,18.97382674023329,3.8681898066783833,Italy,81.37651821862349,19.4331983805668,75.7085020242915,25.333333333333336
2576243,3176,499,418,85,66,32,309,66,25,37,12,1,18.665695882758797,4.304611650485437,Italy,83.76753507014027,17.034068136272545,61.923847695390776,37.878787878787875
2576243,3185,388,317,76,47,21,282,58,20,52,8,1,19.040579633801556,3.7451790633608817,Italy,81.70103092783505,19.587628865979383,72.68041237113401,34.48275862068966
2576244,3187,725,631,88,107,40,480,56,26,53,14,1,18.328255035015527,1.9511494252873562,Italy,87.0344827586207,12.137931034482758,66.20689655172414,46.42857142857143
2576244,3193,355,264,73,47,12,220,62,9,48,12,0,20.846962828614615,3.1466666666666665,Italy,74.36619718309859,20.56338028169014,61.97183098591549,14.516129032258066
2576245,3161,651,571,97,45,48,472,53,19,31,14,4,17.30890999617098,2.8,Italy,87.71121351766513,14.90015360983103,72.50384024577573,35.84905660377358
2576245,3164,369,312,53,49,16,210,65,22,46,8,0,18.094267020134218,2.4506627393225333,Italy,84.5528455284553,14.363143631436316,56.91056910569105,33.84615384615385
2576246,3159,635,572,92,55,29,440,45,22,44,11,0,16.919008466764208,2.918085106382979,Italy,90.07874015748033,14.488188976377952,69.29133858267717,48.888888888888886
2576246,3204,331,264,44,24,11,227,67,12,44,3,0,16.966463534965655,3.268680445151033,Italy,79.7583081570997,13.293051359516618,68.58006042296071,17.91044776119403
2576247,3158,528,433,72,74,38,293,61,25,49,20,2,17.62701225685422,4.214057507987221,Italy,82.00757575757575,13.636363636363635,55.49242424242424,40.98360655737705
2576247,3197,356,255,73,52,29,264,92,26,51,8,0,18.322622810215275,3.554973821989529,Italy,71.62921348314607,20.50561797752809,74.15730337078652,28.26086956521739
2576248,3163,524,425,91,57,31,321,54,20,54,11,1,18.562099985311743,3.2871853546910756,Italy,81.10687022900763,17.36641221374046,61.25954198473282,37.03703703703704
2576248,3315,347,268,65,64,26,243,61,21,44,9,1,17.54794646992167,5.528409090909091,Italy,77.23342939481267,18.73198847262248,70.02881844380403,34.42622950819672
2576249,3162,524,459,90,88,53,361,51,26,50,22,5,21.51276589423325,-0.4449648711943794,Italy,87.59541984732824,17.17557251908397,68.89312977099237,50.98039215686274
2576249,3219,236,182,51,30,9,162,58,8,35,5,1,21.513790105564134,2.212686567164179,Italy,77.11864406779661,21.610169491525426,68.64406779661016,13.793103448275861
2576250,3176,578,498,70,63,36,368,73,23,39,11,2,17.34512738529421,2.394652406417112,Italy,86.159169550173,12.110726643598616,63.667820069204154,31.506849315068493
2576250,3197,400,325,64,55,24,291,60,21,47,6,0,17.429327956868743,3.5075653370013753,Italy,81.25,16.0,72.75,35.0
2576251,3161,707,619,80,69,56,413,51,16,42,23,3,18.534224518856764,0.9204771371769384,Italy,87.55304101838756,11.315417256011315,58.415841584158414,31.372549019607842
2576251,3194,303,236,54,34,16,213,50,14,46,8,0,19.328304500373232,3.309090909090909,Italy,77.88778877887789,17.82178217821782,70.29702970297029,28.000000000000004
2576252,3157,514,452,57,55,25,338,54,32,38,11,1,16.792843291585697,3.1658415841584158,Italy,87.93774319066148,11.089494163424124,65.75875486381322,59.25925925925925
2576252,3159,538,469,62,70,26,348,59,29,33,6,3,18.646496100292442,2.3183475091130012,Italy,87.17472118959108,11.524163568773234,64.68401486988847,49.152542372881356
2576253,3187,762,650,74,101,38,546,52,20,42,9,0,16.575071444955498,3.8924632352941178,Italy,85.30183727034121,9.711286089238845,71.65354330708661,38.46153846153847
2576253,3315,232,137,71,52,9,149,56,14,45,10,1,23.172427192720964,5.338888888888889,Italy,59.05172413793104,30.603448275862068,64.22413793103449,25.0
2576254,3158,646,564,71,115,59,389,36,16,52,17,1,17.914597918151376,3.612968591691996,Italy,87.30650154798761,10.990712074303406,60.216718266253864,44.44444444444444
2576254,3166,275,212,59,41,20,167,87,22,42,4,1,19.031248851381974,4.369532428355957,Italy,77.0909090909091,21.454545454545453,60.72727272727273,25.287356321839084
2576255,3164,526,448,91,64,28,353,36,9,58,12,0,18.838358450956967,3.681603773584906,Italy,85.17110266159695,17.300380228136884,67.11026615969583,25.0
2576255,3165,356,271,88,62,26,256,72,18,38,9,2,20.612388546187955,4.116417910447761,Italy,76.12359550561798,24.719101123595504,71.91011235955057,25.0
2576256,3193,398,334,66,70,33,269,71,39,44,13,0,19.77933709368265,1.260989010989011,Italy,83.91959798994975,16.582914572864322,67.58793969849246,54.929577464788736
2576256,3204,339,296,59,32,11,229,48,19,52,7,1,17.95904687299849,3.6119186046511627,Italy,87.31563421828909,17.404129793510325,67.55162241887905,39.58333333333333
2576257,3173,319,214,68,58,18,222,61,19,55,9,0,19.162866075153946,3.49618320610687,Italy,67.0846394984326,21.316614420062695,69.59247648902821,31.147540983606557
2576257,3185,409,315,76,50,27,289,55,20,64,15,4,17.31950026469264,4.523869346733668,Italy,77.01711491442543,18.581907090464547,70.6601466992665,36.36363636363637
2576258,3163,284,235,68,36,13,183,79,12,44,7,0,20.358335614420483,4.3354037267080745,Italy,82.74647887323944,23.943661971830984,64.43661971830986,15.18987341772152
2576258,3172,658,591,89,101,44,487,68,19,42,21,2,19.40419493628893,1.124756335282651,Italy,89.8176291793313,13.5258358662614,74.01215805471124,27.941176470588236
2576259,3172,427,341,76,55,30,324,92,37,46,16,0,17.385529717158096,3.600967351874244,Italy,79.85948477751757,17.798594847775178,75.87822014051523,40.21739130434783
2576259,3204,309,239,55,47,14,209,74,22,68,6,1,17.638819789390286,3.5980528511821976,Italy,77.34627831715211,17.79935275080906,67.63754045307444,29.72972972972973
2576260,3166,426,346,80,58,19,280,59,16,54,8,0,19.670736433835234,4.138200782268579,Italy,81.2206572769953,18.779342723004692,65.72769953051643,27.11864406779661
2576260,3197,284,215,77,53,17,200,59,24,55,6,1,20.906092954202617,5.2512,Italy,75.70422535211267,27.11267605633803,70.4225352112676,40.67796610169492
2576261,3173,379,294,97,80,36,257,65,27,71,9,0,19.65631191891412,5.233333333333333,Italy,77.57255936675462,25.593667546174142,67.81002638522428,41.53846153846154
2576261,3194,334,264,79,57,15,266,65,24,46,10,0,19.279035958999795,4.267287234042553,Italy,79.04191616766467,23.652694610778443,79.64071856287424,36.92307692307693
2576262,3165,223,157,44,39,7,148,68,14,40,4,1,19.035051177912113,2.925217391304348,Italy,70.4035874439462,19.730941704035875,66.3677130044843,20.588235294117645
2576262,3187,714,625,93,109,56,519,48,31,62,32,2,19.725344255846554,-0.16819012797074953,Italy,87.53501400560224,13.025210084033615,72.68907563025209,64.58333333333334
2576263,3158,581,487,98,106,54,392,41,20,62,23,0,20.4775645599297,0.6091476091476091,Italy,83.8209982788296,16.867469879518072,67.46987951807229,48.78048780487805
2576263,3176,230,163,54,36,8,156,101,13,41,3,2,20.053276208948528,3.0298273155416013,Italy,70.86956521739131,23.47826086956522,67.82608695652173,12.871287128712872
2576264,3164,545,483,74,63,28,325,57,22,49,16,0,18.534705463816092,1.7245762711864407,Italy,88.62385321100918,13.577981651376147,59.63302752293578,38.59649122807017
2576264,3193,295,222,79,55,19,217,101,21,40,7,0,19.17502274992504,4.426791277258567,Italy,75.2542372881356,26.779661016949152,73.5593220338983,20.792079207920793
2576265,3161,531,444,91,70,46,344,57,18,53,14,0,18.86129749208323,3.7494199535962878,Italy,83.61581920903954,17.13747645951036,64.7834274952919,31.57894736842105
2576265,3185,325,263,62,34,18,224,39,7,35,8,1,20.04475600879161,4.175757575757576,Italy,80.92307692307692,19.076923076923077,68.92307692307692,17.94871794871795
2576266,3159,548,494,87,66,34,372,56,31,32,10,2,18.966403505773705,2.7983091787439616,Italy,90.14598540145985,15.875912408759124,67.88321167883211,55.35714285714286
2576266,3219,401,358,47,49,17,296,47,11,39,14,2,18.74293084269175,2.265602322206096,Italy,89.27680798004988,11.72069825436409,73.81546134663341,23.404255319148938
2576267,3162,642,551,91,87,33,488,45,18,51,14,2,18.160346196058157,2.9680082559339525,Italy,85.82554517133957,14.174454828660435,76.01246105919003,40.0
2576267,3163,374,291,80,63,28,287,56,14,39,9,1,20.729577035598854,3.464339908952959,Italy,77.80748663101605,21.390374331550802,76.7379679144385,25.0
2576268,3157,700,610,101,90,59,496,44,29,54,20,1,18.68664379082135,1.4805555555555556,Italy,87.14285714285714,14.428571428571429,70.85714285714285,65.9090909090909
2576268,3315,178,115,44,30,14,106,70,5,44,9,1,20.175618380973326,3.6198501872659175,Italy,64.60674157303372,24.719101123595504,59.55056179775281,7.142857142857142
2576269,3219,564,488,69,56,18,384,64,21,40,9,2,17.676097554005434,3.010362694300518,Italy,86.52482269503547,12.23404255319149,68.08510638297872,32.8125
2576269,3315,327,259,64,65,30,227,66,30,48,14,2,19.505484351931234,2.5579710144927534,Italy,79.20489296636084,19.571865443425075,69.41896024464832,45.45454545454545
2576270,3193,372,299,68,55,33,264,62,21,43,16,1,20.14925572037605,3.695,Italy,80.3763440860215,18.27956989247312,70.96774193548387,33.87096774193548
2576270,3197,445,358,93,79,22,297,72,30,55,10,0,18.607550198906257,3.9610849056603774,Italy,80.4494382022472,20.89887640449438,66.74157303370787,41.66666666666667
2576271,3166,354,281,65,55,25,248,80,31,53,13,1,20.168260725679378,2.9368279569892475,Italy,79.37853107344633,18.361581920903955,70.05649717514125,38.75
2576271,3194,324,253,62,50,20,213,73,39,56,8,0,18.52847426071908,2.904432132963989,Italy,78.08641975308642,19.1358024691358,65.74074074074075,53.42465753424658
2576272,3161,512,408,83,61,20,328,68,12,46,10,0,19.157925686792424,3.880361173814898,Italy,79.6875,16.2109375,64.0625,17.647058823529413
2576272,3172,490,391,94,79,33,372,69,32,41,17,0,19.905815789793895,2.851685393258427,Italy,79.79591836734694,19.183673469387756,75.91836734693878,46.3768115942029
2576273,3157,528,462,73,52,25,383,51,20,43,10,0,20.22730591768401,1.9605911330049262,Italy,87.5,13.825757575757574,72.53787878787878,39.21568627450981
2576273,3187,688,619,52,92,40,459,46,19,42,14,0,16.754948424386086,2.7835269271383316,Italy,89.97093023255815,7.55813953488372,66.71511627906976,41.30434782608695
2576274,3158,436,349,79,78,21,288,75,25,44,8,0,19.118346619887358,4.513513513513513,Italy,80.04587155963303,18.11926605504587,66.05504587155964,33.33333333333333
2576274,3162,300,220,86,57,22,206,71,15,47,7,0,21.468881593739834,4.078825347758888,Italy,73.33333333333333,28.666666666666668,68.66666666666667,21.12676056338028
2576275,3159,577,511,114,54,34,436,46,13,31,15,3,21.63050101790296,0.951073985680191,Italy,88.56152512998267,19.75736568457539,75.5632582322357,28.26086956521739
2576275,3164,562,495,59,65,22,295,29,17,36,6,0,18.038037652081808,2.2209876543209877,Italy,88.07829181494662,10.498220640569395,52.49110320284698,58.620689655172406
2576276,3176,512,445,55,86,37,324,107,42,42,22,0,17.775091307687347,1.1717062634989202,Italy,86.9140625,10.7421875,63.28125,39.25233644859813
2576276,3204,296,240,49,29,17,206,69,11,53,3,0,17.976654613638548,2.3594674556213016,Italy,81.08108108108108,16.554054054054053,69.5945945945946,15.942028985507244
2576277,3165,335,266,71,57,22,217,73,16,44,6,0,19.986184487616466,3.476401179941003,Italy,79.40298507462687,21.19402985074627,64.77611940298507,21.91780821917808
2576277,3185,571,503,86,68,25,388,47,20,46,9,0,18.0177847286536,2.8263665594855305,Italy,88.09106830122592,15.061295971978982,67.95096322241682,42.5531914893617
2576278,3163,280,208,60,46,25,194,53,19,47,5,1,17.86620699421157,4.781538461538462,Italy,74.28571428571429,21.428571428571427,69.28571428571428,35.84905660377358
2576278,3173,473,382,70,85,33,331,68,31,56,11,2,18.537900473663427,2.771764705882353,Italy,80.76109936575054,14.799154334038056,69.97885835095138,45.588235294117645
2576279,3172,368,313,55,65,23,262,100,33,37,11,3,17.724939487287855,3.243101182654402,Italy,85.05434782608695,14.945652173913043,71.19565217391305,33.0
2576279,3219,431,364,70,50,23,272,48,16,50,10,0,18.388491356793978,2.5732009925558312,Italy,84.45475638051045,16.241299303944317,63.10904872389791,33.33333333333333
2576280,3164,423,340,70,59,36,243,58,15,49,14,1,20.16504547963976,1.3950310559006212,Italy,80.37825059101655,16.548463356973993,57.446808510638306,25.862068965517242
2576280,3166,381,297,77,59,23,271,87,17,57,8,0,18.958033059302778,3.553664921465969,Italy,77.95275590551181,20.209973753280842,71.12860892388451,19.54022988505747
2576281,3161,684,615,91,74,42,468,47,18,41,19,3,19.657299310712705,-0.17743589743589744,Italy,89.91228070175438,13.304093567251464,68.42105263157895,38.297872340425535
2576281,3173,225,185,47,32,7,146,45,15,36,0,0,20.674743303795456,1.844758064516129,Italy,82.22222222222221,20.88888888888889,64.88888888888889,33.33333333333333
2576282,3165,285,216,76,67,29,206,59,30,45,5,0,17.74622224750881,5.07361963190184,Italy,75.78947368421053,26.666666666666668,72.28070175438597,50.847457627118644
2576282,3204,428,353,75,64,20,309,45,22,58,9,0,18.87843930448965,3.767650834403081,Italy,82.4766355140187,17.523364485981308,72.19626168224299,48.888888888888886
2576283,3158,515,433,102,75,45,342,46,23,39,15,1,20.269928889841268,2.493961352657005,Italy,84.07766990291262,19.80582524271845,66.40776699029126,50.0
2576283,3193,376,288,94,59,21,281,54,13,54,4,1,22.455421953882322,3.46165191740413,Italy,76.59574468085107,25.0,74.7340425531915,24.074074074074073
2576284,3159,750,671,116,97,34,490,52,18,40,9,1,19.63790244174712,2.2042124542124544,Italy,89.46666666666667,15.466666666666667,65.33333333333333,34.61538461538461
2576284,3197,255,190,61,45,22,160,79,21,32,9,1,19.974903142936196,2.7402376910016977,Italy,74.50980392156863,23.92156862745098,62.745098039215684,26.582278481012654
2576285,3162,442,363,58,74,30,300,63,20,60,16,3,17.343092486866386,3.7816377171215882,Italy,82.12669683257919,13.122171945701359,67.87330316742081,31.746031746031743
2576285,3176,281,231,53,50,21,186,65,23,39,10,1,17.971189257875732,3.340840840840841,Italy,82.20640569395017,18.86120996441281,66.19217081850533,35.38461538461539
2576286,3157,469,413,64,52,31,349,61,25,52,8,1,17.227359967409008,2.9365269461077843,Italy,88.05970149253731,13.646055437100213,74.4136460554371,40.98360655737705
2576286,3185,437,374,60,46,28,303,60,27,45,9,1,18.684599106027648,2.2043422733077906,Italy,85.58352402745996,13.729977116704806,69.33638443935926,45.0
2576287,3194,469,387,101,67,24,345,88,32,57,8,0,18.164443037158005,3.682981090100111,Italy,82.51599147121536,21.535181236673772,73.56076759061834,36.36363636363637
2576287,3315,345,258,69,71,26,219,84,30,53,14,1,17.953296783361775,5.21259842519685,Italy,74.78260869565217,20.0,63.47826086956522,35.714285714285715
2576288,3163,274,206,71,53,23,188,64,22,51,17,2,21.655617295150076,4.252818035426731,Italy,75.18248175182481,25.91240875912409,68.61313868613139,34.375
2576288,3187,630,552,124,93,36,441,55,16,54,17,4,21.224296332497868,1.4214360041623308,Italy,87.61904761904762,19.682539682539684,70.0,29.09090909090909
2576289,3157,563,484,105,107,60,386,79,49,42,21,0,20.73679403282712,1.0310160427807487,Italy,85.96802841918296,18.650088809946713,68.56127886323267,62.0253164556962
2576289,3219,329,270,55,36,9,232,63,10,42,5,1,20.811842012711608,3.379204892966361,Italy,82.06686930091185,16.717325227963524,70.51671732522796,15.873015873015872
2576290,3166,348,280,72,46,12,246,58,16,58,6,0,20.704886916243407,5.19281914893617,Italy,80.45977011494253,20.689655172413794,70.6896551724138,27.586206896551722
2576290,3173,382,305,90,63,29,272,55,21,57,9,0,22.767562659162362,2.86987270155587,Italy,79.84293193717278,23.56020942408377,71.20418848167539,38.18181818181819
2576291,3163,331,245,70,59,35,219,84,27,52,15,1,19.825276376417015,3.662420382165605,Italy,74.01812688821752,21.148036253776432,66.16314199395771,32.142857142857146
2576291,3197,357,264,90,75,14,267,68,18,48,11,2,20.253730198856317,5.119946091644205,Italy,73.94957983193278,25.210084033613445,74.78991596638656,26.47058823529412
2576292,3176,409,307,66,62,24,286,74,26,62,6,0,17.334442600788424,5.368354430379747,Italy,75.06112469437653,16.13691931540342,69.92665036674816,35.13513513513514
2576292,3315,313,235,61,51,19,202,63,34,51,7,1,18.47258985878341,3.712707182320442,Italy,75.07987220447284,19.488817891373802,64.5367412140575,53.96825396825397
2576293,3193,427,351,64,61,44,291,58,11,58,15,3,19.090572103025963,1.9539473684210527,Italy,82.20140515222482,14.988290398126464,68.14988290398126,18.96551724137931
2576293,3194,456,386,95,45,25,337,54,16,45,8,0,19.16600291027579,3.1890243902439024,Italy,84.64912280701753,20.833333333333336,73.90350877192982,29.629629629629626
2576294,3161,620,530,80,72,41,381,52,18,40,9,2,18.23820929567946,3.4994708994708996,Italy,85.48387096774194,12.903225806451612,61.45161290322581,34.61538461538461
2576294,3165,393,313,98,72,36,303,49,27,43,12,1,21.103188815095052,2.794034090909091,Italy,79.64376590330788,24.93638676844784,77.09923664122137,55.10204081632652
2576295,3159,418,354,78,42,12,277,45,24,44,3,0,19.80634632708366,3.3397341211225995,Italy,84.688995215311,18.660287081339714,66.26794258373205,53.333333333333336
2576295,3187,652,575,52,87,23,510,62,31,46,12,1,15.338914131263117,3.1257861635220126,Italy,88.19018404907976,7.975460122699387,78.22085889570552,50.0
2576296,3158,544,463,73,83,43,370,43,24,45,13,2,17.327761926103285,4.239910313901345,Italy,85.11029411764706,13.419117647058822,68.01470588235294,55.81395348837209
2576296,3204,288,202,69,30,12,179,64,7,45,6,0,19.079836997507687,4.873096446700508,Italy,70.13888888888889,23.958333333333336,62.15277777777778,10.9375
2576297,3162,407,331,75,42,36,308,75,36,34,15,4,20.281788038029255,1.0424403183023874,Italy,81.32678132678133,18.42751842751843,75.67567567567568,48.0
2576297,3164,455,377,46,60,22,258,61,21,43,6,0,18.754669046759116,3.1685823754789273,Italy,82.85714285714286,10.10989010989011,56.7032967032967,34.42622950819672
2576298,3172,384,310,58,56,28,269,78,38,58,22,2,19.58218783082888,1.9363057324840764,Italy,80.72916666666666,15.104166666666666,70.05208333333334,48.717948717948715
2576298,3185,340,270,77,56,13,233,79,18,59,9,1,19.43093501012417,3.6243243243243244,Italy,79.41176470588235,22.647058823529413,68.52941176470588,22.78481012658228
2576299,3164,602,534,96,66,31,396,53,20,33,14,4,20.031974885440153,1.9049180327868853,Italy,88.70431893687709,15.946843853820598,65.78073089700996,37.735849056603776
2576299,3173,405,318,84,64,36,271,54,26,32,5,1,18.70576789259502,4.046283309957924,Italy,78.51851851851852,20.74074074074074,66.91358024691358,48.148148148148145
2576300,3158,486,415,79,56,29,334,38,13,37,16,4,21.073620120645945,3.600508905852417,Italy,85.39094650205762,16.255144032921812,68.72427983539094,34.21052631578947
2576300,3165,411,329,72,53,36,260,55,18,44,11,1,19.183054094093734,3.3625730994152048,Italy,80.04866180048663,17.51824817518248,63.26034063260341,32.72727272727273
2576301,3172,519,441,96,83,36,393,59,24,29,13,3,19.459536332391004,3.4512635379061374,Italy,84.97109826589595,18.497109826589593,75.72254335260115,40.67796610169492
2576301,3193,499,425,67,62,25,311,69,11,54,8,0,18.830266831444312,3.4933171324422845,Italy,85.17034068136272,13.426853707414828,62.32464929859719,15.942028985507244
2576302,3159,535,475,108,82,38,368,54,24,26,10,2,21.16802310933811,3.2322738386308068,Italy,88.78504672897196,20.186915887850468,68.78504672897196,44.44444444444444
2576302,3161,393,345,58,59,14,290,64,9,46,9,1,18.9718380315814,2.88515406162465,Italy,87.78625954198473,14.75826972010178,73.79134860050891,14.0625
2576303,3162,397,341,57,56,39,273,81,30,48,15,1,17.518287765410342,4.525357607282185,Italy,85.8942065491184,14.357682619647354,68.76574307304786,37.03703703703704
2576303,3185,469,396,70,50,24,334,64,21,47,7,0,18.00840381017671,3.106925880923451,Italy,84.43496801705757,14.925373134328357,71.21535181236673,32.8125
2576304,3157,492,427,52,55,21,301,51,22,48,9,2,18.13095835320738,2.6266829865361077,Italy,86.78861788617887,10.569105691056912,61.17886178861789,43.13725490196079
2576304,3166,423,352,63,63,30,281,48,20,46,11,1,18.958338330058268,2.0397260273972604,Italy,83.21513002364065,14.893617021276595,66.43026004728132,41.66666666666667
2576305,3176,514,448,74,68,29,338,72,31,30,23,3,19.86819166066621,0.9437125748502994,Italy,87.15953307392996,14.396887159533073,65.75875486381322,43.05555555555556
2576305,3187,442,363,70,42,13,290,49,9,65,5,0,18.909561543118333,1.392235609103079,Italy,82.12669683257919,15.837104072398189,65.61085972850678,18.367346938775512
2576306,3197,334,264,56,41,21,204,81,25,39,12,4,18.41820755229837,3.1184022824536375,Italy,79.04191616766467,16.766467065868262,61.07784431137725,30.864197530864196
2576306,3315,519,455,77,75,32,347,47,19,44,11,0,18.377477106045426,3.8452520515826496,Italy,87.66859344894027,14.836223506743737,66.85934489402698,40.42553191489361
2576307,3194,302,229,65,41,22,201,74,9,37,9,1,19.341602904245,3.3522561863173217,Italy,75.82781456953643,21.52317880794702,66.55629139072848,12.162162162162163
2576307,3204,435,356,70,57,31,280,84,31,60,19,2,18.54667952940115,3.8404494382022474,Italy,81.83908045977012,16.091954022988507,64.36781609195403,36.904761904761905
2576308,3163,423,354,75,61,27,266,88,33,38,14,3,17.71505637615688,3.812105926860025,Italy,83.68794326241135,17.73049645390071,62.88416075650118,37.5
2576308,3219,343,276,55,34,10,246,51,14,54,10,2,19.452306168250736,3.3190546528803546,Italy,80.466472303207,16.034985422740526,71.7201166180758,27.450980392156865
2576309,3162,392,323,65,56,34,258,67,22,46,12,1,18.826383032945518,3.036890645586298,Italy,82.39795918367348,16.581632653061224,65.81632653061224,32.83582089552239
2576309,3172,565,483,71,60,32,434,68,8,35,18,1,17.125735685187653,3.4693877551020407,Italy,85.48672566371681,12.56637168141593,76.8141592920354,11.76470588235294
2576310,3204,203,153,35,24,17,138,74,15,42,4,1,17.833001044291805,4.580078125,Italy,75.36945812807882,17.24137931034483,67.98029556650246,20.27027027027027
2576310,3219,511,456,82,69,27,325,49,34,45,10,0,19.179097312921616,3.3095238095238093,Italy,89.23679060665361,16.046966731898237,63.600782778864975,69.38775510204081
2576311,3159,665,604,105,77,23,476,56,24,43,13,2,19.00789108289241,1.1476091476091477,Italy,90.82706766917293,15.789473684210526,71.57894736842105,42.857142857142854
2576311,3166,320,275,47,46,9,233,91,26,39,4,0,17.518129390973368,2.1306990881458967,Italy,85.9375,14.6875,72.8125,28.57142857142857
2576312,3165,316,240,66,37,29,215,53,16,50,10,2,20.29301470996283,4.263081395348837,Italy,75.9493670886076,20.88607594936709,68.0379746835443,30.18867924528302
2576312,3197,454,370,78,73,32,304,67,25,58,11,1,19.952154255919524,4.561784897025172,Italy,81.4977973568282,17.180616740088105,66.96035242290749,37.3134328358209
2576313,3176,428,356,85,61,36,291,76,22,44,18,3,18.515623713757368,4.687022900763359,Italy,83.17757009345794,19.859813084112147,67.99065420560748,28.947368421052634
2576313,3193,346,270,64,46,29,240,58,12,40,6,2,19.25722198296963,3.4439592430858808,Italy,78.03468208092485,18.497109826589593,69.36416184971098,20.689655172413794
2576314,3157,639,576,76,77,47,418,68,17,30,17,4,18.77954488087312,1.2095744680851064,Italy,90.14084507042254,11.89358372456964,65.41471048513301,25.0
2576314,3194,387,343,54,42,13,234,41,15,32,7,1,19.07052142915779,2.773861967694567,Italy,88.63049095607235,13.953488372093023,60.46511627906976,36.58536585365854
2576315,3161,546,478,56,69,34,387,49,12,51,22,4,17.659373026772954,2.917874396135266,Italy,87.54578754578755,10.256410256410255,70.87912087912088,24.489795918367346
2576315,3163,287,239,58,41,16,213,57,16,35,9,0,19.205049028308,2.745644599303136,Italy,83.27526132404182,20.209059233449477,74.21602787456446,28.07017543859649
2576316,3158,455,361,101,70,24,330,54,14,65,9,1,19.833651391366548,4.488991888760139,Italy,79.34065934065934,22.197802197802197,72.52747252747253,25.925925925925924
2576316,3173,338,236,66,59,32,230,63,31,71,12,0,19.30338437550058,3.132275132275132,Italy,69.8224852071006,19.526627218934912,68.04733727810651,49.2063492063492
2576317,3164,506,436,56,64,24,284,73,19,42,2,0,20.830938145672334,3.473939393939394,Italy,86.16600790513834,11.067193675889328,56.126482213438734,26.027397260273972
2576317,3315,277,209,73,39,17,216,44,18,47,16,1,29.71554217682082,1.4280762564991334,Italy,75.45126353790613,26.353790613718413,77.9783393501805,40.909090909090914
2576318,3185,387,323,73,28,10,229,54,19,36,5,2,18.14438042606301,2.9089655172413793,Italy,83.4625322997416,18.863049095607234,59.17312661498708,35.18518518518518
2576318,3187,690,616,93,113,38,491,59,29,54,16,2,19.869344653329307,1.215953307392996,Italy,89.27536231884058,13.478260869565217,71.15942028985506,49.152542372881356
2576319,3173,217,147,50,50,25,140,93,23,55,12,1,17.573856333095232,5.494920174165457,Italy,67.74193548387096,23.04147465437788,64.51612903225806,24.731182795698924
2576319,3176,444,360,83,67,45,318,68,37,66,13,0,18.33827967811145,2.866369710467706,Italy,81.08108108108108,18.693693693693696,71.62162162162163,54.41176470588235
2576320,3165,308,253,45,44,27,227,63,24,55,12,2,16.970288795055843,4.41820580474934,Italy,82.14285714285714,14.61038961038961,73.7012987012987,38.095238095238095
2576320,3166,422,350,61,57,36,293,87,27,52,6,0,17.115384419373825,3.2976054732041047,Italy,82.93838862559242,14.454976303317535,69.43127962085308,31.03448275862069
2576321,3193,369,308,50,44,22,250,64,14,49,14,0,17.8054762949658,3.746031746031746,Italy,83.46883468834689,13.550135501355012,67.75067750677508,21.875
2576321,3219,494,435,78,51,27,353,69,33,46,12,1,18.140459116976636,2.617614269788183,Italy,88.05668016194332,15.789473684210526,71.45748987854252,47.82608695652174
2576322,3158,474,413,80,55,20,327,65,19,29,8,0,19.114550486437885,1.409271523178808,Italy,87.13080168776372,16.877637130801688,68.9873417721519,29.230769230769234
2576322,3159,548,504,79,60,8,385,57,9,43,6,0,18.35477586830694,2.342548076923077,Italy,91.97080291970804,14.416058394160583,70.25547445255475,15.789473684210526
2576323,3162,516,431,80,74,41,289,73,29,44,17,1,17.362746490907366,4.331161780673181,Italy,83.52713178294574,15.503875968992247,56.007751937984494,39.726027397260275
2576323,3197,245,178,48,47,16,179,79,14,51,5,2,18.465629689259494,6.383606557377049,Italy,72.6530612244898,19.591836734693878,73.06122448979592,17.72151898734177
2576324,3157,419,358,62,40,23,288,59,18,66,5,1,18.62811708817408,2.7906976744186047,Italy,85.44152744630071,14.797136038186157,68.73508353221956,30.508474576271187
2576324,3172,427,363,51,56,33,285,76,23,40,25,1,18.664863075330967,0.5836627140974967,Italy,85.01170960187353,11.943793911007026,66.7447306791569,30.263157894736842
2576325,3164,385,328,50,34,15,246,65,30,35,8,0,17.681586913061235,2.8088642659279777,Italy,85.19480519480518,12.987012987012985,63.896103896103895,46.15384615384615
2576325,3187,721,633,78,68,41,559,53,17,49,16,2,17.581417385949695,2.3065764023210833,Italy,87.79472954230236,10.818307905686545,77.53120665742024,32.075471698113205
2576326,3161,719,621,97,113,63,463,54,27,53,18,1,19.401260846448157,0.11090742438130156,Italy,86.36995827538247,13.490959666203059,64.39499304589708,50.0
2576326,3315,235,181,44,33,13,174,103,16,40,10,1,20.594651379178252,3.739130434782609,Italy,77.02127659574468,18.72340425531915,74.04255319148936,15.53398058252427
2576327,3185,475,400,102,63,37,368,50,18,39,18,2,20.358402157576013,1.7794994040524434,Italy,84.21052631578947,21.47368421052632,77.47368421052632,36.0
2576327,3204,255,195,42,38,13,169,79,26,53,10,1,20.493232585281234,3.6991596638655464,Italy,76.47058823529412,16.470588235294116,66.27450980392156,32.91139240506329
2576328,3163,286,225,53,42,15,173,70,21,54,13,1,18.77831680419273,4.233974358974359,Italy,78.67132867132867,18.53146853146853,60.48951048951049,30.0
2576328,3194,425,345,86,56,28,295,63,13,46,10,0,18.795387244604097,2.208010335917313,Italy,81.17647058823529,20.235294117647058,69.41176470588235,20.634920634920633
2576329,3172,587,513,82,74,36,415,40,16,58,11,0,18.290707314300377,3.215086646279307,Italy,87.39352640545145,13.969335604770016,70.6984667802385,40.0
2576329,3173,232,173,52,43,17,148,82,27,35,6,1,18.765888378514095,4.27710843373494,Italy,74.56896551724138,22.413793103448278,63.793103448275865,32.926829268292686
2576330,3165,198,143,45,44,11,136,91,24,38,6,1,18.77402661733557,4.4373795761079,Italy,72.22222222222221,22.727272727272727,68.68686868686868,26.373626373626376
2576330,3219,721,642,86,92,23,516,43,25,45,10,0,17.296936924350483,2.8882733148661126,Italy,89.04299583911235,11.927877947295423,71.56726768377254,58.139534883720934
2576331,3163,327,275,58,35,18,232,58,8,59,17,1,20.39504317908458,1.493525179856115,Italy,84.09785932721712,17.737003058103976,70.9480122324159,13.793103448275861
2576331,3166,518,446,75,61,22,358,63,9,37,8,0,18.60714777247193,2.859733978234583,Italy,86.10038610038609,14.478764478764477,69.1119691119691,14.285714285714285
2576332,3187,849,750,78,135,54,512,48,21,36,20,2,20.97162553676618,1.2340425531914894,Italy,88.33922261484098,9.187279151943462,60.30624263839811,43.75
2576332,3197,339,258,67,45,14,211,58,20,39,9,1,24.436004025046625,1.9846625766871167,Italy,76.10619469026548,19.76401179941003,62.24188790560472,34.48275862068966
2576333,3157,572,503,82,69,32,396,46,17,44,16,4,19.552790766328208,1.1574074074074074,Italy,87.93706293706293,14.335664335664337,69.23076923076923,36.95652173913043
2576333,3176,440,371,77,55,19,318,73,18,36,10,1,21.220687784816267,3.083798882681564,Italy,84.31818181818181,17.5,72.27272727272728,24.65753424657534
2576334,3159,577,517,82,69,38,340,70,23,42,23,1,19.620378771259215,0.8220244716351501,Italy,89.60138648180242,14.211438474870016,58.925476603119584,32.857142857142854
2576334,3194,285,238,49,29,15,176,77,26,36,7,1,20.29761642192089,2.1043046357615895,Italy,83.50877192982456,17.192982456140353,61.75438596491228,33.76623376623377
2576335,3161,492,417,86,78,26,313,76,27,30,14,2,18.22099705944417,3.76,Italy,84.7560975609756,17.479674796747968,63.617886178861795,35.526315789473685
2576335,3162,302,249,70,45,32,225,68,28,55,14,1,19.387512140336277,3.224242424242424,Italy,82.45033112582782,23.178807947019866,74.50331125827815,41.17647058823529
2576336,3158,500,423,79,58,30,340,48,26,42,15,0,18.08620506606128,4.060141509433962,Italy,84.6,15.8,68.0,54.166666666666664
2576336,3315,337,262,65,49,25,234,73,20,56,14,0,19.299151503009437,2.8034682080924855,Italy,77.74480712166172,19.287833827893174,69.43620178041543,27.397260273972602
2576337,3164,446,386,66,65,15,283,53,17,47,9,1,17.784349798262678,2.885678391959799,Italy,86.54708520179372,14.798206278026907,63.45291479820629,32.075471698113205
2576337,3204,363,315,61,43,24,264,70,21,46,14,2,19.775944376848688,2.407142857142857,Italy,86.77685950413223,16.804407713498623,72.72727272727273,30.0
2576338,3185,322,272,50,33,17,226,84,18,32,4,2,16.975087970743385,3.682926829268293,Italy,84.472049689441,15.527950310559005,70.1863354037267,21.428571428571427
2576338,3193,513,445,73,60,36,315,70,35,47,11,1,18.17304315847817,1.5294117647058822,Italy,86.74463937621833,14.230019493177387,61.40350877192983,50.0
